02/01/2018 00:00	152.1	152.426	151.794	152.313	33	10963250000	52204
02/01/2018 04:00	152.313	152.384	152.264	152.372	27	13814800000	69074
02/01/2018 08:00	152.372	152.515	152.005	152.071	27	20531400000	102657
02/01/2018 12:00	152.076	152.179	151.884	152.001	27	20248400000	101242
02/01/2018 16:00	152.001	152.62	151.852	152.518	27	22242200000	111211
02/01/2018 20:00	152.519	152.728	152.479	152.579	27	15437550000	77186
03/01/2018 00:00	152.579	152.801	152.489	152.769	27	19032300000	95160
03/01/2018 04:00	152.769	152.77	152.649	152.75	27	16517200000	82586
03/01/2018 08:00	152.751	152.813	152.532	152.551	27	22190600000	110953
03/01/2018 12:00	152.551	152.623	152.104	152.19	27	23049000000	115245
03/01/2018 16:00	152.187	152.198	151.743	151.93	27	23298000000	116490
03/01/2018 20:00	151.929	152.092	151.808	152.036	27	19322000000	96610
04/01/2018 00:00	152.036	152.371	151.963	152.305	27	18563200000	92716
04/01/2018 04:00	152.305	152.352	152.231	152.264	27	19699400000	98497
04/01/2018 08:00	152.265	152.552	152.137	152.429	27	19363600000	96818
04/01/2018 12:00	152.429	152.818	152.366	152.694	27	21851800000	109259
04/01/2018 16:00	152.694	152.964	152.626	152.749	27	21309400000	106547
04/01/2018 20:00	152.749	152.845	152.681	152.726	27	14433800000	72169
05/01/2018 00:00	152.725	152.993	152.682	152.866	27	11680500000	58390
05/01/2018 04:00	152.867	153.335	152.813	153.33	27	18462800000	92314
05/01/2018 08:00	153.331	153.507	153.101	153.187	27	20050200000	100251
05/01/2018 12:00	153.177	153.625	153.132	153.571	27	21364400000	106822
05/01/2018 16:00	153.571	153.585	153.317	153.479	27	22127900000	110638
05/01/2018 20:00	153.48	153.56	153.345	153.416	23	14698200000	73491
08/01/2018 00:00	153.389	153.66	153.221	153.608	27	18198050000	90989
08/01/2018 04:00	153.608	153.652	153.436	153.482	27	14757400000	73787
08/01/2018 08:00	153.482	153.518	153.032	153.068	27	21654400000	108272
08/01/2018 12:00	153.068	153.315	152.861	152.924	27	22389800000	111949
08/01/2018 16:00	152.924	153.521	152.917	153.314	27	21567850000	107837
08/01/2018 20:00	153.313	153.429	153.291	153.417	27	15127600000	75638
09/01/2018 00:00	153.417	153.56	152.776	152.871	27	18327600000	91638
09/01/2018 04:00	152.871	152.976	152.716	152.97	27	19999200000	99996
09/01/2018 08:00	152.969	152.974	152.612	152.708	27	22583600000	112918
09/01/2018 12:00	152.707	152.728	152.037	152.229	27	22636600000	113183
09/01/2018 16:00	152.229	152.439	151.933	152.274	27	23684200000	118421
09/01/2018 20:00	152.274	152.523	152.229	152.518	27	16247800000	81239
10/01/2018 00:00	152.513	152.59	151.817	151.821	27	15926100000	79583
10/01/2018 04:00	151.824	152.058	151.824	151.878	27	16537000000	82685
10/01/2018 08:00	151.878	151.898	150.794	150.842	27	22875400000	114377
10/01/2018 12:00	150.842	151.103	150.578	150.904	27	25828400000	129142
10/01/2018 16:00	150.905	151.015	150.52	150.684	27	23968500000	119750
10/01/2018 20:00	150.682	150.706	150.347	150.485	27	19815800000	99079
11/01/2018 00:00	150.48	150.822	150.383	150.792	27	16370000000	81818
11/01/2018 04:00	150.792	150.945	150.667	150.936	27	17563200000	87816
11/01/2018 08:00	150.935	150.958	150.472	150.531	27	20683800000	103419
11/01/2018 12:00	150.533	150.851	150.183	150.834	27	23569750000	117047
11/01/2018 16:00	150.835	150.997	150.683	150.802	27	23724800000	118624
11/01/2018 20:00	150.802	150.802	150.256	150.594	27	20892450000	104462
12/01/2018 00:00	150.597	150.83	150.5	150.799	27	14665800000	73329
12/01/2018 04:00	150.798	150.799	150.595	150.644	27	15413400000	77067
12/01/2018 08:00	150.644	151.283	150.594	151.229	27	22859800000	114299
12/01/2018 12:00	151.228	152.663	151.122	152.442	27	23330800000	116654
12/01/2018 16:00	152.443	152.497	152.096	152.284	27	25345600000	126728
12/01/2018 20:00	152.284	152.546	152.198	152.451	23	21720600000	108604
15/01/2018 00:00	152.494	152.702	152.099	152.159	27	19822100000	99109
15/01/2018 04:00	152.159	152.207	152.009	152.175	27	21873000000	109365
15/01/2018 08:00	152.175	152.61	151.922	152.457	27	24450400000	122252
15/01/2018 12:00	152.458	152.796	152.32	152.528	27	21689600000	108448
15/01/2018 16:00	152.527	152.752	152.368	152.49	27	19620800000	98105
15/01/2018 20:00	152.49	152.545	152.258	152.4	27	13453000000	67265
16/01/2018 00:00	152.4	152.931	152.345	152.883	27	13916450000	69578
16/01/2018 04:00	152.882	153.088	152.829	152.835	27	15750800000	78754
16/01/2018 08:00	152.835	152.928	152.205	152.323	27	23176400000	115882
16/01/2018 12:00	152.324	152.394	152.038	152.342	27	22156400000	110782
16/01/2018 16:00	152.344	152.7	152.252	152.492	27	24222850000	121116
16/01/2018 20:00	152.491	152.596	152.055	152.311	27	20798400000	103992
17/01/2018 00:00	152.311	152.676	152.132	152.542	27	15571700000	77857
17/01/2018 04:00	152.542	152.793	152.44	152.689	27	19619000000	98095
17/01/2018 08:00	152.689	152.777	152.373	152.738	27	21892000000	109460
17/01/2018 12:00	152.738	152.829	152.576	152.786	27	22860800000	114304
17/01/2018 16:00	152.786	153.407	152.653	153.399	27	24994150000	124970
17/01/2018 20:00	153.399	154.271	153.397	153.877	27	22977350000	114886
18/01/2018 00:00	153.854	154.005	153.675	153.761	27	16997800000	84989
18/01/2018 04:00	153.76	153.946	153.656	153.718	27	20642800000	103214
18/01/2018 08:00	153.719	154.077	153.609	154.07	27	21121200000	105606
18/01/2018 12:00	154.069	154.569	153.889	154.058	27	22870800000	114354
18/01/2018 16:00	154.058	154.217	153.732	153.968	27	24938350000	124689
18/01/2018 20:00	153.966	154.38	153.94	154.339	27	18498950000	92410
19/01/2018 00:00	154.339	154.424	154.115	154.307	27	14051600000	70258
19/01/2018 04:00	154.305	154.336	154.173	154.181	27	17757000000	88785
19/01/2018 08:00	154.182	154.214	153.778	153.931	27	22095200000	110476
19/01/2018 12:00	153.931	153.969	153.147	153.226	27	23237400000	116187
19/01/2018 16:00	153.226	153.641	153.101	153.287	27	23836400000	119182
19/01/2018 20:00	153.287	153.676	153.217	153.507	23	19215800000	96079
22/01/2018 00:00	153.537	153.783	153.408	153.597	27	21358000000	106790
22/01/2018 04:00	153.597	153.693	153.513	153.621	27	22572200000	112861
22/01/2018 08:00	153.623	154.073	153.609	153.847	27	22644200000	113221
22/01/2018 12:00	153.848	154.258	153.81	154.172	27	20470400000	102352
22/01/2018 16:00	154.172	155.18	154.08	155.093	27	23791250000	118939
22/01/2018 20:00	155.093	155.242	154.898	155.135	27	17942600000	89713
23/01/2018 00:00	155.134	155.305	155.022	155.292	27	13424700000	67122
23/01/2018 04:00	155.292	155.327	154.652	154.942	27	17307600000	86538
23/01/2018 08:00	154.941	155.39	154.295	154.329	27	22165400000	110827
23/01/2018 12:00	154.324	154.432	153.721	154.023	27	23477800000	117389
23/01/2018 16:00	154.023	154.72	154.007	154.343	27	24201400000	121007
23/01/2018 20:00	154.343	154.486	154.252	154.393	27	18815200000	94076
24/01/2018 00:00	154.393	154.492	154.237	154.335	27	14201800000	71009
24/01/2018 04:00	154.335	154.465	154.116	154.273	27	19095200000	95476
24/01/2018 08:00	154.273	154.696	154.156	154.544	27	22910600000	114553
24/01/2018 12:00	154.544	155.361	154.22	155.301	27	24377200000	121878
24/01/2018 16:00	155.301	155.606	154.844	155.017	27	25639600000	128198
24/01/2018 20:00	155.016	155.701	154.874	155.509	27	21228000000	106141
25/01/2018 00:00	155.502	155.719	155.362	155.546	27	15911200000	79556
25/01/2018 04:00	155.546	155.852	155.385	155.735	27	21185800000	105929
25/01/2018 08:00	155.736	155.837	155.242	155.727	27	24520000000	122600
25/01/2018 12:00	155.727	155.796	155.195	155.635	27	22916400000	114582
25/01/2018 16:00	155.634	156.074	154.785	154.893	27	25169300000	125846
25/01/2018 20:00	154.894	155.021	154.42	154.604	27	23953000000	119766
26/01/2018 00:00	154.589	155.397	154.589	155.194	27	17023200000	84794
26/01/2018 04:00	155.193	155.268	155	155.08	27	19559600000	97798
26/01/2018 08:00	155.08	155.654	154.912	155.587	27	23824400000	119122
26/01/2018 12:00	155.588	155.84	155.313	155.591	27	22707000000	113535
26/01/2018 16:00	155.591	155.675	153.416	153.912	27	25511150000	127548
26/01/2018 20:00	153.909	154.504	153.643	153.749	23	18710400000	93552
29/01/2018 00:00	153.655	153.864	153.405	153.75	27	23561850000	117809
29/01/2018 04:00	153.75	153.857	153.655	153.748	27	23032400000	115162
29/01/2018 08:00	153.747	154.013	153.434	153.458	27	24199200000	120996
29/01/2018 12:00	153.455	153.499	152.812	153.134	27	23791600000	118958
29/01/2018 16:00	153.134	153.49	153.044	153.475	27	24560700000	122798
29/01/2018 20:00	153.474	153.498	153.254	153.322	27	16993650000	84965
30/01/2018 00:00	153.322	153.378	153.007	153.159	27	13464000000	67320
30/01/2018 04:00	153.158	153.324	152.555	152.555	27	21426200000	107131
30/01/2018 08:00	152.558	152.932	151.958	152.878	27	23306400000	116532
30/01/2018 12:00	152.879	153.842	152.78	153.507	27	24099400000	120497
30/01/2018 16:00	153.509	153.964	153.224	153.899	27	25635200000	128176
30/01/2018 20:00	153.898	154.071	153.656	153.871	27	20985450000	104927
31/01/2018 00:00	153.868	154.331	153.746	153.997	27	18004900000	90011
31/01/2018 04:00	153.997	154.413	153.934	154.215	27	21870800000	109354
31/01/2018 08:00	154.214	154.412	153.552	153.566	27	23767000000	118835
31/01/2018 12:00	153.574	154.423	153.573	154.414	27	23357000000	116781
31/01/2018 16:00	154.414	155.338	154.128	155.105	27	25166800000	125834
31/01/2018 20:00	155.105	155.108	154.618	154.911	27	23018000000	115090
01/02/2018 00:00	154.911	155.397	154.662	155.351	27	14675000000	73375
01/02/2018 04:00	155.351	155.436	155.045	155.156	27	17993200000	89966
01/02/2018 08:00	155.156	156.435	155.069	156.196	27	24118400000	120592
01/02/2018 12:00	156.196	156.275	155.498	155.674	27	23963800000	119819
01/02/2018 16:00	155.674	156.131	155.225	155.9	27	25655000000	128275
01/02/2018 20:00	155.901	156.127	155.89	155.97	27	22245950000	111227
02/02/2018 00:00	155.966	156.327	155.849	156.089	27	16718250000	83587
02/02/2018 04:00	156.089	156.488	156.041	156.332	27	20842800000	104214
02/02/2018 08:00	156.333	156.598	156.023	156.192	27	23568400000	117842
02/02/2018 12:00	156.19	156.42	156.027	156.144	27	23045200000	115226
02/02/2018 16:00	156.141	156.3	155.71	155.903	27	26122400000	130612
02/02/2018 20:00	155.904	155.997	155.402	155.457	23	24213200000	121066
05/02/2018 00:00	155.387	155.534	154.871	155.102	27	24067400000	120337
05/02/2018 04:00	155.102	155.367	155.007	155.29	27	22715400000	113577
05/02/2018 08:00	155.288	155.379	154.816	155.111	27	24803600000	124018
05/02/2018 12:00	155.11	155.237	153.947	154.226	27	24750000000	123750
05/02/2018 16:00	154.226	154.59	153.925	154.29	27	25756400000	128782
05/02/2018 20:00	154.29	154.29	152.216	152.218	27	26054800000	130274
06/02/2018 00:00	152.218	152.609	151.431	151.6	27	20938600000	104694
06/02/2018 04:00	151.603	152.208	151.193	152.05	27	25720600000	128603
06/02/2018 08:00	152.05	152.856	151.849	152.523	27	26429800000	132149
06/02/2018 12:00	152.523	152.544	151.335	151.672	27	27270750000	136351
06/02/2018 16:00	151.672	152.829	151.293	152.618	27	27504400000	137522
06/02/2018 20:00	152.617	152.898	152.286	152.754	27	23866000000	119330
07/02/2018 00:00	152.775	153.11	152.585	152.832	27	18491200000	92452
07/02/2018 04:00	152.832	152.968	152.378	152.407	27	21412600000	107063
07/02/2018 08:00	152.406	152.761	151.672	151.862	27	24045800000	120229
07/02/2018 12:00	151.863	152.147	151.315	151.877	27	24875000000	124375
07/02/2018 16:00	151.877	152.225	151.608	152.009	27	26755400000	133777
07/02/2018 20:00	152.007	152.264	151.325	151.721	27	24875800000	124379
08/02/2018 00:00	151.721	151.908	151.419	151.805	27	17122300000	85603
08/02/2018 04:00	151.805	152.51	151.741	152.464	27	19745200000	98726
08/02/2018 08:00	152.464	152.605	151.778	152.102	27	23232600000	116163
08/02/2018 12:00	152.102	153.897	151.91	153.801	27	25475550000	127372
08/02/2018 16:00	153.801	154.033	150.813	151.063	27	27656000000	138281
08/02/2018 20:00	151.061	151.992	150.816	151.273	27	24104200000	120521
09/02/2018 00:00	151.273	152.068	151.176	151.603	27	17195400000	85977
09/02/2018 04:00	151.603	152.09	151.402	151.957	27	21141000000	105705
09/02/2018 08:00	151.957	152.741	151.685	151.774	27	23551600000	117758
09/02/2018 12:00	151.774	151.882	149.975	150.808	27	25988800000	129944
09/02/2018 16:00	150.808	150.854	148.931	149.46	27	27534800000	137674
09/02/2018 20:00	149.46	150.518	148.907	150.406	23	25333500000	126663
12/02/2018 00:00	150.223	150.502	149.994	150.264	27	22758200000	113788
12/02/2018 04:00	150.265	150.767	150.244	150.668	27	24922800000	124614
12/02/2018 08:00	150.668	150.809	150.003	150.524	27	25536200000	127681
12/02/2018 12:00	150.524	150.814	149.974	149.991	27	25229400000	126147
12/02/2018 16:00	149.99	150.419	149.652	150.161	27	26608400000	133042
12/02/2018 20:00	150.161	150.425	150.08	150.326	27	23420000000	117100
13/02/2018 00:00	150.326	150.609	150.216	150.46	27	17057050000	85282
13/02/2018 04:00	150.459	150.522	149.888	149.998	27	21480400000	107402
13/02/2018 08:00	150.001	150.05	148.965	149.455	27	24701200000	123506
13/02/2018 12:00	149.455	149.758	149.155	149.197	27	24161200000	120806
13/02/2018 16:00	149.197	149.702	149.095	149.304	27	25606600000	128033
13/02/2018 20:00	149.302	149.804	149.288	149.747	27	19469150000	97333
14/02/2018 00:00	149.747	149.873	149.453	149.501	27	16544800000	82724
14/02/2018 04:00	149.5	149.59	148.627	148.944	27	23036800000	115184
14/02/2018 08:00	148.944	149.369	148.864	149.065	27	22147200000	110736
14/02/2018 12:00	149.064	149.138	147.954	148.33	27	22985400000	114927
14/02/2018 16:00	148.331	149.679	148.134	149.618	27	27167600000	135838
14/02/2018 20:00	149.616	150.01	149.506	149.719	27	23092600000	115463
15/02/2018 00:00	149.714	149.859	149.113	149.404	27	19245600000	96220
15/02/2018 04:00	149.402	149.471	148.925	149.321	27	20746200000	103731
15/02/2018 08:00	149.321	149.702	149.004	149.613	27	23501000000	117505
15/02/2018 12:00	149.611	150.174	149.561	149.95	27	24126400000	120632
15/02/2018 16:00	149.95	150.025	149.246	149.828	27	26053800000	130266
15/02/2018 20:00	149.827	149.966	149.399	149.615	27	21380000000	106887
16/02/2018 00:00	149.603	149.951	149.473	149.746	27	15966700000	79825
16/02/2018 04:00	149.746	149.928	149.181	149.492	27	21674400000	108372
16/02/2018 08:00	149.492	149.711	149.299	149.46	27	21811800000	109059
16/02/2018 12:00	149.46	149.487	148.882	148.883	27	23820400000	119102
16/02/2018 16:00	148.883	149.255	148.766	148.935	27	24743400000	123717
16/02/2018 20:00	148.933	149.218	148.796	148.977	23	20917000000	104583
19/02/2018 00:00	148.954	149.305	148.933	149.056	27	22741800000	113709
19/02/2018 04:00	149.063	149.354	149.047	149.253	27	23592000000	117960
19/02/2018 08:00	149.259	149.46	149.172	149.423	27	22101800000	110509
19/02/2018 12:00	149.423	149.457	148.983	149.002	27	17929400000	89647
19/02/2018 16:00	149.003	149.411	148.868	149.316	27	18077000000	90385
19/02/2018 20:00	149.316	149.389	149.147	149.169	27	16914000000	84570
20/02/2018 00:00	149.169	149.469	149.094	149.137	27	15793150000	78938
20/02/2018 04:00	149.137	149.321	149.086	149.305	27	16795400000	83977
20/02/2018 08:00	149.304	150.188	149.06	150.08	27	22217400000	111087
20/02/2018 12:00	150.081	150.155	149.613	149.935	27	22915300000	114575
20/02/2018 16:00	149.935	150.37	149.741	150.183	27	24858000000	124291
20/02/2018 20:00	150.183	150.223	149.926	150.175	27	18809850000	94042
21/02/2018 00:00	150.175	150.685	150.128	150.639	27	14731050000	73615
21/02/2018 04:00	150.639	150.92	150.528	150.685	27	20500000000	102500
21/02/2018 08:00	150.685	150.819	149.739	150.141	27	21509000000	107545
21/02/2018 12:00	150.139	150.164	149.406	149.659	27	23053600000	115268
21/02/2018 16:00	149.657	150.467	149.606	150.342	27	24325800000	121629
21/02/2018 20:00	150.341	150.487	149.785	149.979	27	23130800000	115654
22/02/2018 00:00	149.978	149.985	149.027	149.22	27	16516500000	82578
22/02/2018 04:00	149.219	149.469	149.15	149.42	27	17501800000	87509
22/02/2018 08:00	149.422	149.443	148.771	149.033	27	22358600000	111793
22/02/2018 12:00	149.032	149.235	148.53	148.755	27	22983600000	114919
22/02/2018 16:00	148.751	149.46	148.652	149.089	27	25036000000	125180
22/02/2018 20:00	149.088	149.198	148.773	148.902	27	22110600000	110553
23/02/2018 00:00	148.902	149.262	148.868	149.033	27	14971600000	74835
23/02/2018 04:00	149.033	149.237	148.988	149.137	27	17898000000	89490
23/02/2018 08:00	149.138	149.506	148.911	149.299	27	21321000000	106605
23/02/2018 12:00	149.299	149.464	148.628	149.288	27	22368600000	111843
23/02/2018 16:00	149.288	149.439	148.836	148.986	27	23424200000	117121
23/02/2018 20:00	148.986	149.323	148.856	149.26	23	18017600000	90088
26/02/2018 00:00	149.913	149.913	149.034	149.122	27	23545400000	117727
26/02/2018 04:00	149.122	149.447	149.06	149.312	27	22464600000	112323
26/02/2018 08:00	149.311	149.922	149.139	149.871	27	24096000000	120480
26/02/2018 12:00	149.87	150.002	149.504	149.504	27	22495200000	112476
26/02/2018 16:00	149.502	149.562	148.989	149.426	27	24402800000	122014
26/02/2018 20:00	149.426	149.443	149.259	149.27	27	16964600000	84823
27/02/2018 00:00	149.27	149.539	149.164	149.486	27	16587800000	82933
27/02/2018 04:00	149.488	149.537	149.165	149.218	27	18258800000	91294
27/02/2018 08:00	149.217	149.803	149.15	149.338	27	21815000000	109075
27/02/2018 12:00	149.338	149.54	148.93	148.979	27	22587400000	112937
27/02/2018 16:00	148.981	149.572	148.829	149.505	27	26101200000	130506
27/02/2018 20:00	149.505	149.606	149.256	149.256	27	20223600000	101118
28/02/2018 00:00	149.267	149.505	148.916	149.004	27	17698100000	88489
28/02/2018 04:00	149.002	149.148	148.824	148.829	27	18032200000	90161
28/02/2018 08:00	148.83	149.03	148.664	148.736	27	22636200000	113181
28/02/2018 12:00	148.736	148.827	147.655	147.963	27	24578800000	122894
28/02/2018 16:00	147.962	148.049	146.925	147.118	27	26079800000	130399
28/02/2018 20:00	147.117	147.213	146.706	146.767	27	21148800000	105744
01/03/2018 00:00	146.753	146.804	146.456	146.649	27	18581400000	92903
01/03/2018 04:00	146.647	146.95	146.527	146.917	27	24005800000	120029
01/03/2018 08:00	146.917	147.13	146.652	146.682	27	25866600000	129333
01/03/2018 12:00	146.681	147.253	146.537	147.245	27	27611200000	138056
01/03/2018 16:00	147.245	147.468	146.664	146.69	27	28202400000	141012
01/03/2018 20:00	146.69	146.69	145.998	146.334	27	26876650000	134384
02/03/2018 00:00	146.334	146.433	146.05	146.157	27	17894600000	89469
02/03/2018 04:00	146.155	146.346	145.848	145.879	27	25260600000	126303
02/03/2018 08:00	145.878	146.005	145.403	145.647	27	27170600000	135853
02/03/2018 12:00	145.648	145.648	144.984	145.362	27	27719600000	138598
02/03/2018 16:00	145.362	145.502	144.989	145.391	27	28035300000	140160
02/03/2018 20:00	145.391	145.949	145.085	145.93	23	25569850000	127839
05/03/2018 00:00	145.514	145.889	145.36	145.516	27	23385200000	116926
05/03/2018 04:00	145.518	145.665	145.323	145.572	27	24875600000	124378
05/03/2018 08:00	145.572	145.926	145.068	145.857	27	27216600000	136083
05/03/2018 12:00	145.857	146.129	145.751	145.843	27	26745800000	133729
05/03/2018 16:00	145.841	147.013	145.817	146.984	27	27895800000	139479
05/03/2018 20:00	146.985	147.11	146.789	147.061	27	24391400000	121957
06/03/2018 00:00	147.059	147.452	146.967	147.299	27	21343400000	106717
06/03/2018 04:00	147.299	147.453	146.934	147.067	27	22742800000	113714
06/03/2018 08:00	147.064	147.074	146.543	146.598	27	26861000000	134305
06/03/2018 12:00	146.598	148	146.543	147.451	27	27758000000	138790
06/03/2018 16:00	147.454	147.624	146.991	147.403	27	27948200000	139741
06/03/2018 20:00	147.403	147.547	147.31	147.33	27	24711600000	123558
07/03/2018 00:00	147.338	147.478	146.521	147.005	27	24014000000	120070
07/03/2018 04:00	147.005	147.056	146.52	146.656	27	27180400000	135902
07/03/2018 08:00	146.656	146.876	146.222	146.418	27	26860400000	134302
07/03/2018 12:00	146.418	146.902	146.28	146.896	27	27079800000	135399
07/03/2018 16:00	146.896	147.506	146.771	147.072	27	27805800000	139029
07/03/2018 20:00	147.073	147.554	146.907	147.383	27	25144400000	125722
08/03/2018 00:00	147.383	147.651	147.3	147.562	27	22798200000	113991
08/03/2018 04:00	147.562	147.57	147.238	147.288	27	26755400000	133777
08/03/2018 08:00	147.288	147.367	147.026	147.055	27	25930800000	129654
08/03/2018 12:00	147.055	147.519	147.019	147.283	27	26798400000	133992
08/03/2018 16:00	147.282	147.421	146.508	146.612	27	27838000000	139190
08/03/2018 20:00	146.613	146.836	146.359	146.623	27	25790200000	128951
09/03/2018 00:00	146.621	147.531	146.592	147.416	27	22887800000	114439
09/03/2018 04:00	147.416	147.432	147.043	147.226	27	24612200000	123061
09/03/2018 08:00	147.225	147.61	147.144	147.459	27	26250200000	131251
09/03/2018 12:00	147.46	147.983	147.355	147.886	27	26919400000	134597
09/03/2018 16:00	147.884	148.536	147.831	147.946	27	27989000000	139945
09/03/2018 20:00	147.946	148.05	147.693	147.978	23	25055800000	125279
12/03/2018 00:00	147.866	148.199	147.687	147.727	27	23069600000	115348
12/03/2018 04:00	147.726	147.815	147.404	147.769	27	26678600000	133393
12/03/2018 08:00	147.769	147.887	147.607	147.608	27	26854800000	134274
12/03/2018 12:00	147.61	148.153	147.47	148.057	27	26300400000	131502
12/03/2018 16:00	148.056	148.162	147.807	148.07	27	26972800000	134864
12/03/2018 20:00	148.069	148.098	147.857	147.987	27	21774800000	108874
13/03/2018 00:00	147.985	148.031	147.753	147.893	27	21134400000	105672
13/03/2018 04:00	147.893	148.368	147.849	148.309	27	26272800000	131364
13/03/2018 08:00	148.31	148.803	148.224	148.729	27	26478800000	132394
13/03/2018 12:00	148.731	149.345	148.715	149.236	27	27106200000	135531
13/03/2018 16:00	149.236	149.368	148.831	148.944	27	27898200000	139491
13/03/2018 20:00	148.939	149.045	148.583	148.659	27	24357800000	121789
14/03/2018 00:00	148.659	149.152	148.589	149.032	27	17842800000	89214
14/03/2018 04:00	149.03	149.071	148.723	148.775	27	24938000000	124690
14/03/2018 08:00	148.775	148.921	148.563	148.65	27	25429600000	127148
14/03/2018 12:00	148.65	148.872	148.564	148.709	27	26880800000	134404
14/03/2018 16:00	148.71	148.738	147.743	148.579	27	27435200000	137176
14/03/2018 20:00	148.58	148.654	148.277	148.449	27	23239200000	116196
15/03/2018 00:00	148.449	148.489	147.835	147.965	27	17310200000	86551
15/03/2018 04:00	147.965	148.244	147.894	148.008	27	24394200000	121971
15/03/2018 08:00	148.008	148.416	147.436	147.668	27	24814000000	124070
15/03/2018 12:00	147.668	148.066	147.467	147.81	27	27147000000	135735
15/03/2018 16:00	147.811	148.405	147.755	148	27	27504600000	137523
15/03/2018 20:00	148	148.243	147.844	148.209	27	23978400000	119892
16/03/2018 00:00	148.21	148.221	147.455	147.601	27	18510800000	92554
16/03/2018 04:00	147.601	147.68	147.454	147.534	27	25510800000	127554
16/03/2018 08:00	147.533	147.845	147.236	147.633	27	25956200000	129781
16/03/2018 12:00	147.633	147.817	147.392	147.753	27	25946200000	129731
16/03/2018 16:00	147.751	147.959	147.367	147.856	27	27203200000	136016
16/03/2018 20:00	147.856	147.913	147.725	147.794	23	17218800000	86094
19/03/2018 00:00	147.839	147.925	147.301	147.374	27	18520200000	92601
19/03/2018 04:00	147.374	147.518	147.038	147.174	27	20061200000	100306
19/03/2018 08:00	147.173	148.216	147.101	148.11	27	22674400000	113372
19/03/2018 12:00	148.11	149.67	148.106	149.176	27	26040600000	130203
19/03/2018 16:00	149.176	149.245	148.383	148.726	27	25267800000	126339
19/03/2018 20:00	148.726	148.969	148.599	148.704	27	19486600000	97433
20/03/2018 00:00	148.704	149.305	148.564	149.17	27	16424600000	82123
20/03/2018 04:00	149.17	149.225	149.011	149.095	27	18730400000	93652
20/03/2018 08:00	149.095	149.779	148.945	149.16	27	23581000000	117905
20/03/2018 12:00	149.161	149.313	148.832	148.865	27	23934600000	119673
20/03/2018 16:00	148.866	149.217	148.793	149.018	27	24037400000	120187
20/03/2018 20:00	149.018	149.17	148.978	149.126	27	15941000000	79705
21/03/2018 00:00	149.126	149.204	149.085	149.132	27	18562800000	92814
21/03/2018 04:00	149.13	149.233	149.061	149.066	27	24895600000	124478
21/03/2018 08:00	149.066	149.594	148.943	149.44	27	24805800000	124029
21/03/2018 12:00	149.441	149.621	149.113	149.443	27	27060000000	135300
21/03/2018 16:00	149.443	149.661	149.371	149.436	27	27227600000	136138
21/03/2018 20:00	149.438	150.297	149.425	149.935	27	25601600000	128008
22/03/2018 00:00	149.935	150.002	149.557	149.666	27	24050600000	120253
22/03/2018 04:00	149.666	149.973	149.567	149.785	27	25424400000	127122
22/03/2018 08:00	149.786	149.956	149.308	149.339	27	25212400000	126062
22/03/2018 12:00	149.346	150.172	148.684	148.896	27	27560200000	137801
22/03/2018 16:00	148.896	149.312	148.26	149.156	27	28240800000	141204
22/03/2018 20:00	149.156	149.227	148.367	148.487	27	25309200000	126546
23/03/2018 00:00	148.489	148.53	147.658	148.123	27	26218000000	131090
23/03/2018 04:00	148.123	148.188	147.814	147.858	27	26149800000	130749
23/03/2018 08:00	147.858	148.302	147.706	147.798	27	27139200000	135696
23/03/2018 12:00	147.8	148.896	147.711	148.761	27	27750800000	138754
23/03/2018 16:00	148.758	148.962	148.27	148.621	27	27838200000	139191
23/03/2018 20:00	148.623	148.655	147.95	147.997	23	20166800000	100834
26/03/2018 00:00	147.891	148.667	147.871	148.651	27	17693800000	88469
26/03/2018 04:00	148.651	148.745	148.477	148.482	27	23746600000	118733
26/03/2018 08:00	148.484	149.168	148.426	148.977	27	25065200000	125326
26/03/2018 12:00	148.98	149.599	148.957	149.291	27	27132200000	135661
26/03/2018 16:00	149.291	149.62	149.198	149.508	27	27989000000	139945
26/03/2018 20:00	149.508	150.099	149.508	149.95	27	26071800000	130359
27/03/2018 00:00	149.95	150.361	149.929	150.256	27	18384600000	91923
27/03/2018 04:00	150.256	150.42	150.227	150.313	27	21701600000	108508
27/03/2018 08:00	150.314	150.484	149.299	149.344	27	26635000000	133175
27/03/2018 12:00	149.344	149.48	148.923	149.243	27	27037800000	135189
27/03/2018 16:00	149.243	149.86	149.199	149.805	27	27854800000	139274
27/03/2018 20:00	149.806	149.852	149.049	149.105	27	26114600000	130573
28/03/2018 00:00	149.105	149.713	148.897	149.519	27	21713000000	108565
28/03/2018 04:00	149.52	149.821	149.443	149.747	27	20339600000	101698
28/03/2018 08:00	149.747	149.963	149.117	149.439	27	24131200000	120656
28/03/2018 12:00	149.439	150.389	149.332	149.984	27	25129800000	125649
28/03/2018 16:00	149.984	150.183	149.41	150.073	27	26923200000	134616
28/03/2018 20:00	150.073	150.581	150.023	150.352	27	25046000000	125230
29/03/2018 00:00	150.352	150.45	150.148	150.25	27	21496400000	107482
29/03/2018 04:00	150.248	150.269	149.852	149.887	27	21818400000	109092
29/03/2018 08:00	149.887	150.119	149.526	149.705	27	23854200000	119271
29/03/2018 12:00	149.704	150.042	149.628	149.771	27	24305800000	121529
29/03/2018 16:00	149.771	149.871	149.012	149.133	27	26307400000	131537
29/03/2018 20:00	149.133	149.521	149.095	149.161	27	24312800000	121564
30/03/2018 00:00	149.164	149.446	148.856	148.928	27	17970400000	89852
30/03/2018 04:00	148.928	149.337	148.835	149.085	27	24433400000	122167
30/03/2018 08:00	149.085	149.339	148.816	149.187	27	19609000000	98045
30/03/2018 12:00	149.187	149.278	149.087	149.177	27	16255800000	81279
30/03/2018 16:00	149.177	149.271	148.858	149.012	27	22372400000	111862
30/03/2018 20:00	149.012	149.138	148.832	148.926	23	23437000000	117185
02/04/2018 00:00	148.827	149.285	148.777	149.277	27	19848800000	99244
02/04/2018 04:00	149.277	149.48	149.243	149.29	27	21555200000	107776
02/04/2018 08:00	149.29	149.546	149.25	149.486	27	21765800000	108829
02/04/2018 12:00	149.487	149.66	149.398	149.643	27	17553200000	87766
02/04/2018 16:00	149.644	149.663	148.658	148.771	27	25761400000	128807
02/04/2018 20:00	148.771	148.813	148.372	148.705	27	25563600000	127818
03/04/2018 00:00	148.705	148.759	148.481	148.676	27	18609000000	93045
03/04/2018 04:00	148.676	148.98	148.664	148.944	27	23615600000	118078
03/04/2018 08:00	148.941	149.522	148.831	149.38	27	25903400000	129517
03/04/2018 12:00	149.38	149.512	148.869	149.476	27	27059000000	135295
03/04/2018 16:00	149.478	149.866	149.291	149.603	27	28046800000	140234
03/04/2018 20:00	149.605	149.946	149.539	149.831	27	26899400000	134497
04/04/2018 00:00	149.83	150.002	149.672	149.985	27	19734000000	98670
04/04/2018 04:00	149.988	150.102	149.847	150.063	27	20336400000	101682
04/04/2018 08:00	150.062	150.079	149.234	149.48	27	27394600000	136973
04/04/2018 12:00	149.479	149.511	148.787	149.44	27	27655400000	138277
04/04/2018 16:00	149.44	150.164	149.358	150.116	27	28051400000	140257
04/04/2018 20:00	150.116	150.414	149.904	150.293	27	26650400000	133252
05/04/2018 00:00	150.292	150.616	150.179	150.607	27	18997400000	94987
05/04/2018 04:00	150.606	150.652	150.417	150.451	27	25576200000	127881
05/04/2018 08:00	150.45	150.674	150.243	150.379	27	26369200000	131846
05/04/2018 12:00	150.379	150.555	149.951	150.081	27	27034600000	135173
05/04/2018 16:00	150.081	150.503	150.052	150.253	27	27830800000	139154
05/04/2018 20:00	150.252	150.491	150.11	150.361	27	25424600000	127123
06/04/2018 00:00	150.36	150.438	149.874	150.081	27	21402600000	107013
06/04/2018 04:00	150.081	150.347	149.905	150.25	27	25082600000	125413
06/04/2018 08:00	150.25	150.485	150.059	150.42	27	26031000000	130155
06/04/2018 12:00	150.42	150.574	150.251	150.472	27	25910800000	129554
06/04/2018 16:00	150.472	151.214	150.355	150.848	27	27791600000	138958
06/04/2018 20:00	150.847	150.852	150.403	150.66	23	26036800000	130184
09/04/2018 00:00	150.621	150.787	150.482	150.661	27	17563800000	87819
09/04/2018 04:00	150.661	150.904	150.579	150.831	27	23620800000	118104
09/04/2018 08:00	150.83	151.167	150.656	151.098	27	26465000000	132325
09/04/2018 12:00	151.098	151.296	150.92	151.28	27	25477000000	127385
09/04/2018 16:00	151.28	151.482	151.122	151.14	27	27094600000	135473
09/04/2018 20:00	151.142	151.235	150.627	150.834	27	25024200000	125121
10/04/2018 00:00	150.834	150.897	150.696	150.788	27	18599400000	92997
10/04/2018 04:00	150.788	151.475	150.769	151.418	27	26334000000	131670
10/04/2018 08:00	151.419	151.669	151.232	151.551	22	25990150000	131197
10/04/2018 12:00	151.551	151.888	151.468	151.647	22	25537850000	127907
10/04/2018 16:00	151.644	152.126	151.503	151.662	27	27602200000	138011
10/04/2018 20:00	151.66	152.112	151.66	151.934	27	25545600000	127728
11/04/2018 00:00	151.934	152.033	151.686	151.858	27	16921400000	84607
11/04/2018 04:00	151.858	151.924	151.746	151.752	27	24357800000	121789
11/04/2018 08:00	151.752	152.229	151.75	151.808	27	23619200000	118096
11/04/2018 12:00	151.807	151.924	151.265	151.48	27	25426800000	127134
11/04/2018 16:00	151.48	151.911	151.421	151.48	27	27285200000	136426
11/04/2018 20:00	151.48	151.656	151.353	151.368	27	24439000000	122195
12/04/2018 00:00	151.362	151.707	151.342	151.662	27	18110200000	90551
12/04/2018 04:00	151.661	151.732	151.464	151.52	27	22400000000	112000
12/04/2018 08:00	151.522	151.7	151.192	151.22	27	24886600000	124433
12/04/2018 12:00	151.219	152.293	151.159	152.141	27	26927200000	134636
12/04/2018 16:00	152.143	152.868	152.095	152.523	27	27299400000	136497
12/04/2018 20:00	152.525	152.719	152.368	152.667	27	25284600000	126423
13/04/2018 00:00	152.646	152.903	152.572	152.843	27	13264000000	66320
13/04/2018 04:00	152.843	153.028	152.688	152.818	27	22129400000	110647
13/04/2018 08:00	152.818	153.842	152.798	153.708	27	25674800000	128374
13/04/2018 12:00	153.707	153.839	153.419	153.549	27	25491000000	127455
13/04/2018 16:00	153.547	153.657	153.017	153.019	27	27098800000	135494
13/04/2018 20:00	153.019	153.213	152.728	152.797	23	23719000000	118595
16/04/2018 00:00	153.094	153.318	152.878	153.262	27	1760800000	32094
16/04/2018 04:00	153.262	153.264	152.793	152.884	27	22432800000	112164
16/04/2018 08:00	152.886	153.1	152.641	152.96	27	26686200000	133431
16/04/2018 12:00	152.96	153.64	152.938	153.568	27	26034000000	130170
16/04/2018 16:00	153.567	153.749	153.41	153.431	27	26743000000	133715
16/04/2018 20:00	153.43	153.639	153.276	153.548	27	24884200000	124421
17/04/2018 00:00	153.548	153.667	153.433	153.556	27	16013600000	80068
17/04/2018 04:00	153.556	153.564	153.386	153.524	27	23579800000	117899
17/04/2018 08:00	153.524	153.739	153.24	153.246	27	24867800000	124339
17/04/2018 12:00	153.239	153.564	153.141	153.41	27	25977600000	129888
17/04/2018 16:00	153.41	153.469	152.776	152.787	27	27113000000	135565
17/04/2018 20:00	152.787	153.019	152.77	152.857	27	25362000000	126810
18/04/2018 00:00	152.849	153.265	152.816	153.233	27	17240400000	86202
18/04/2018 04:00	153.233	153.518	153.174	153.498	27	23555800000	117779
18/04/2018 08:00	153.499	153.618	152.113	152.249	27	24503400000	122517
18/04/2018 12:00	152.249	152.661	152.045	152.658	27	26951000000	134755
18/04/2018 16:00	152.658	152.674	152.293	152.309	27	27567400000	137837
18/04/2018 20:00	152.309	152.457	152.216	152.267	27	25063600000	125318
19/04/2018 00:00	152.261	152.525	152.216	152.474	27	14795000000	73975
19/04/2018 04:00	152.474	152.602	152.42	152.528	27	21946800000	109734
19/04/2018 08:00	152.529	152.692	151.97	152.201	27	26708600000	133543
19/04/2018 12:00	152.201	152.946	152.175	152.828	27	25780200000	128901
19/04/2018 16:00	152.828	152.887	152.231	152.243	27	27649200000	138246
19/04/2018 20:00	152.241	152.304	151.075	151.189	27	25904400000	129522
20/04/2018 00:00	151.189	151.463	151.161	151.358	27	20455200000	102276
20/04/2018 04:00	151.358	151.689	151.276	151.54	27	21518800000	107594
20/04/2018 08:00	151.54	151.555	150.945	151.361	27	25658200000	128291
20/04/2018 12:00	151.357	151.602	150.973	151.172	27	26801000000	134005
20/04/2018 16:00	151.171	151.233	150.871	150.907	27	27520400000	137602
20/04/2018 20:00	150.904	151.011	150.664	150.746	23	24585600000	122928
23/04/2018 00:00	150.852	151.107	150.719	151.05	27	17891000000	89455
23/04/2018 04:00	151.049	151.202	151.014	151.087	27	22291200000	111456
23/04/2018 08:00	151.087	151.345	150.864	151.09	27	25665600000	128328
23/04/2018 12:00	151.088	151.189	150.892	151.121	27	27114200000	135571
23/04/2018 16:00	151.12	151.587	150.989	151.499	23	27571200000	137856
23/04/2018 20:00	151.499	151.632	151.294	151.514	27	26099600000	130498
24/04/2018 00:00	151.504	151.62	151.455	151.52	27	19871800000	99359
24/04/2018 04:00	151.52	151.722	151.396	151.699	27	26345200000	131726
24/04/2018 08:00	151.699	151.864	151.531	151.827	27	24701200000	123506
24/04/2018 12:00	151.834	152.195	151.683	152.094	27	26382000000	131910
24/04/2018 16:00	152.091	152.589	151.921	151.953	27	27879000000	139395
24/04/2018 20:00	151.953	152.092	151.664	152.064	27	26325400000	131627
25/04/2018 00:00	152.064	152.4	152.032	152.312	27	18989600000	94948
25/04/2018 04:00	152.311	152.442	152.081	152.295	27	25896400000	129482
25/04/2018 08:00	152.296	152.405	152.112	152.237	27	27285400000	136427
25/04/2018 12:00	152.236	152.377	152.07	152.267	27	27217600000	136088
25/04/2018 16:00	152.267	152.557	152.087	152.241	27	27498600000	137493
25/04/2018 20:00	152.241	152.451	152.233	152.398	27	24542800000	122714
26/04/2018 00:00	152.398	152.53	152.276	152.503	27	16897600000	84488
26/04/2018 04:00	152.503	152.584	152.389	152.437	27	19693800000	98469
26/04/2018 08:00	152.437	152.505	151.961	152.12	27	23691000000	118455
26/04/2018 12:00	152.121	152.713	152.106	152.639	27	24117600000	120588
26/04/2018 16:00	152.638	152.708	152.044	152.109	28	25715200000	128576
26/04/2018 20:00	152.109	152.32	152.052	152.064	28	19769200000	98846
27/04/2018 00:00	152.066	152.173	151.997	152.079	28	17097200000	85486
27/04/2018 04:00	152.079	152.174	151.943	152.06	28	20290200000	101451
27/04/2018 08:00	152.06	152.265	150.943	151.15	28	23705800000	118529
27/04/2018 12:00	151.148	151.312	150.296	150.402	28	25038000000	125190
27/04/2018 16:00	150.403	150.611	150.263	150.274	28	24527000000	122635
27/04/2018 20:00	150.274	150.387	150.241	150.31	23	19931600000	99658
30/04/2018 00:00	150.164	150.361	150.145	150.223	28	12957000000	64785
30/04/2018 04:00	150.223	150.447	150.202	150.42	28	19394800000	96974
30/04/2018 08:00	150.42	150.525	150.097	150.105	28	25501400000	127507
30/04/2018 12:00	150.102	150.312	149.823	150.255	28	25543800000	127719
30/04/2018 16:00	150.255	150.831	150.004	150.194	28	26093200000	130466
30/04/2018 20:00	150.195	150.506	150.147	150.434	28	22988400000	114942
01/05/2018 00:00	150.433	150.584	150.369	150.507	28	14160000000	70800
01/05/2018 04:00	150.507	150.554	150.446	150.477	28	18287800000	91439
01/05/2018 08:00	150.477	150.619	149.857	149.933	28	20691200000	103456
01/05/2018 12:00	149.935	150.242	149.73	149.839	28	21647000000	108235
01/05/2018 16:00	149.839	149.85	149.132	149.33	28	23950200000	119751
01/05/2018 20:00	149.329	149.606	149.183	149.559	28	19350200000	96751
02/05/2018 00:00	149.554	149.605	149.306	149.396	28	13098200000	65491
02/05/2018 04:00	149.396	149.493	149.304	149.391	28	15373400000	76867
02/05/2018 08:00	149.391	149.906	149.161	149.8	28	21384800000	106924
02/05/2018 12:00	149.802	150.11	149.675	149.944	28	22425800000	112129
02/05/2018 16:00	149.944	150.01	149.415	149.432	28	23579600000	117898
02/05/2018 20:00	149.432	149.647	148.996	149.066	28	22461400000	112307
03/05/2018 00:00	149.067	149.158	149.003	149.025	28	17616000000	88080
03/05/2018 04:00	149.027	149.115	148.986	149.086	28	18428200000	92141
03/05/2018 08:00	149.085	149.452	148.96	148.97	28	25193200000	125966
03/05/2018 12:00	148.967	149.11	148.38	148.45	28	26582800000	132914
03/05/2018 16:00	148.449	148.618	147.59	148.227	28	27680400000	138402
03/05/2018 20:00	148.229	148.381	148.052	148.194	28	24603400000	123017
04/05/2018 00:00	148.188	148.272	148.028	148.191	28	12488600000	62443
04/05/2018 04:00	148.191	148.259	147.891	148.11	28	14478000000	72390
04/05/2018 08:00	148.11	148.138	147.678	147.696	28	19330600000	96653
04/05/2018 12:00	147.696	147.961	147.25	147.581	28	21629400000	108147
04/05/2018 16:00	147.58	147.79	147.046	147.588	28	24054600000	120273
04/05/2018 20:00	147.588	147.802	147.51	147.6	23	16738200000	83691
07/05/2018 00:00	147.643	147.811	147.468	147.523	28	15319400000	76597
07/05/2018 04:00	147.523	147.858	147.328	147.841	28	23685600000	118428
07/05/2018 08:00	147.842	148.005	147.777	147.941	28	24740600000	123703
07/05/2018 12:00	147.941	148.097	147.793	148.09	28	25292000000	126460
07/05/2018 16:00	148.089	148.25	147.876	147.928	28	26439600000	132198
07/05/2018 20:00	147.927	147.967	147.754	147.868	28	23967200000	119836
08/05/2018 00:00	147.863	147.969	147.758	147.832	28	14532800000	72664
08/05/2018 04:00	147.832	147.853	147.672	147.737	28	23906600000	119533
08/05/2018 08:00	147.738	148.066	147.119	147.289	28	24832800000	124164
08/05/2018 12:00	147.29	147.359	147.039	147.271	28	26206400000	131032
08/05/2018 16:00	147.271	147.975	147.254	147.709	28	27202200000	136011
08/05/2018 20:00	147.71	147.893	147.439	147.82	28	25439800000	127199
09/05/2018 00:00	147.822	148.133	147.708	148.087	28	15581200000	77906
09/05/2018 04:00	148.087	148.406	148.087	148.144	28	22813000000	114065
09/05/2018 08:00	148.144	148.726	148.022	148.684	28	26566800000	132834
09/05/2018 12:00	148.683	149.183	148.344	149.07	28	26548800000	132744
09/05/2018 16:00	149.069	149.182	148.636	148.649	28	27091600000	135458
09/05/2018 20:00	148.647	148.731	148.561	148.635	28	23187400000	115937
10/05/2018 00:00	148.623	148.903	148.578	148.813	28	17195200000	85976
10/05/2018 04:00	148.813	148.906	148.529	148.891	28	25370600000	126853
10/05/2018 08:00	148.889	149.217	148.59	148.866	28	25678600000	128393
10/05/2018 12:00	148.866	149.294	147.906	148.029	28	27063000000	135315
10/05/2018 16:00	148.028	148.33	147.468	147.727	28	27336200000	136681
10/05/2018 20:00	147.727	147.942	147.568	147.849	28	25242400000	126212
11/05/2018 00:00	147.842	148.142	147.753	147.8	28	17420400000	87102
11/05/2018 04:00	147.805	148.102	147.78	148.049	28	22797600000	113988
11/05/2018 08:00	148.05	148.091	147.571	147.825	28	25091000000	125455
11/05/2018 12:00	147.825	148.475	147.787	148.358	28	26121000000	130605
11/05/2018 16:00	148.358	148.396	147.9	148.002	28	26658600000	133293
11/05/2018 20:00	147.998	148.131	147.944	148.126	23	21930400000	109652
14/05/2018 00:00	147.983	148.252	147.915	148.218	28	18485800000	92429
14/05/2018 04:00	148.219	148.384	148.158	148.326	28	24717400000	123587
14/05/2018 08:00	148.328	148.899	148.216	148.834	28	26483000000	132415
14/05/2018 12:00	148.834	148.973	148.668	148.727	28	26259400000	131297
14/05/2018 16:00	148.727	149.054	148.612	148.634	28	26991000000	134955
14/05/2018 20:00	148.634	148.775	148.52	148.627	28	23380000000	116900
15/05/2018 00:00	148.615	148.869	148.615	148.825	28	13984800000	69924
15/05/2018 04:00	148.825	148.912	148.752	148.822	28	21721400000	108607
15/05/2018 08:00	148.82	148.999	148.559	148.843	28	26256400000	131282
15/05/2018 12:00	148.843	149.037	148.562	148.614	28	26458400000	132292
15/05/2018 16:00	148.613	149.186	148.365	149.064	28	27406800000	137034
15/05/2018 20:00	149.064	149.145	148.952	148.997	28	24857200000	124286
16/05/2018 00:00	148.992	149.052	148.77	148.963	28	19688200000	98441
16/05/2018 04:00	148.963	148.979	148.746	148.868	28	23702200000	118511
16/05/2018 08:00	148.87	149.043	148.522	148.606	28	26686400000	133432
16/05/2018 12:00	148.602	148.62	148.174	148.223	28	27504400000	137522
16/05/2018 16:00	148.221	149.005	148.172	148.581	28	27047400000	135237
16/05/2018 20:00	148.582	148.925	148.575	148.875	28	24923400000	124617
17/05/2018 00:00	148.859	149.562	148.771	149.424	28	21505200000	107526
17/05/2018 04:00	149.424	149.551	149.293	149.404	28	23737800000	118689
17/05/2018 08:00	149.406	149.779	149.11	149.729	28	26499000000	132495
17/05/2018 12:00	149.728	149.822	149.043	149.669	28	26902600000	134513
17/05/2018 16:00	149.666	149.792	149.238	149.529	28	26802200000	134011
17/05/2018 20:00	149.529	149.713	149.39	149.676	28	22027600000	110138
18/05/2018 00:00	149.676	149.924	149.626	149.842	28	18393400000	91967
18/05/2018 04:00	149.842	149.997	149.796	149.814	28	24995800000	124979
18/05/2018 08:00	149.814	149.922	149.675	149.759	28	25589200000	127946
18/05/2018 12:00	149.757	149.88	149.442	149.497	28	26538600000	132693
18/05/2018 16:00	149.495	149.528	149.081	149.122	28	27861400000	139307
18/05/2018 20:00	149.122	149.334	149.114	149.216	23	24543000000	122715
21/05/2018 00:00	149.228	149.488	149.217	149.416	28	17487000000	87435
21/05/2018 04:00	149.416	149.46	149.092	149.409	28	25026400000	125132
21/05/2018 08:00	149.409	149.641	149.086	149.16	28	27037200000	135186
21/05/2018 12:00	149.16	149.492	148.993	149.384	28	26341400000	131707
21/05/2018 16:00	149.384	149.403	148.838	148.862	28	27240000000	136200
21/05/2018 20:00	148.862	149.116	148.801	149.059	28	22749400000	113747
22/05/2018 00:00	149.058	149.178	148.969	149.035	28	21541600000	107708
22/05/2018 04:00	149.035	149.064	148.756	148.807	28	25351400000	126757
22/05/2018 08:00	148.807	149.713	148.807	149.428	28	26575200000	132876
22/05/2018 12:00	149.428	149.539	148.963	149.052	28	26700800000	133504
22/05/2018 16:00	149.052	149.249	148.8	149.008	28	26752800000	133764
22/05/2018 20:00	149.008	149.111	148.91	148.921	28	24705800000	123529
23/05/2018 00:00	148.92	148.99	148.797	148.882	28	22439000000	112195
23/05/2018 04:00	148.881	148.886	147.952	148.22	28	26029600000	130148
23/05/2018 08:00	148.222	148.252	146.593	146.806	28	26962600000	134813
23/05/2018 12:00	146.806	146.834	145.933	146.404	28	27493200000	137466
23/05/2018 16:00	146.404	147.186	146.367	147.034	28	27808000000	139040
23/05/2018 20:00	147.034	147.12	146.83	146.891	28	26753400000	133767
24/05/2018 00:00	146.89	147.195	146.434	146.485	28	22683000000	113415
24/05/2018 04:00	146.485	146.603	146.12	146.344	28	26140400000	130702
24/05/2018 08:00	146.342	147.251	146.083	147.067	28	27225000000	136125
24/05/2018 12:00	147.067	147.18	146.74	146.848	28	26333200000	131666
24/05/2018 16:00	146.848	146.848	145.676	146.332	28	26978600000	134893
24/05/2018 20:00	146.336	146.516	146.102	146.124	28	25051200000	125256
25/05/2018 00:00	146.124	146.552	145.883	146.414	28	18706400000	93532
25/05/2018 04:00	146.414	146.708	146.341	146.421	28	18798000000	93990
25/05/2018 08:00	146.421	146.492	145.814	146.466	28	22461400000	112307
25/05/2018 12:00	146.468	146.56	145.661	145.915	28	25372200000	126861
25/05/2018 16:00	145.915	145.975	145.266	145.698	28	25656000000	128280
25/05/2018 20:00	145.697	145.813	145.37	145.424	23	22486600000	112433
28/05/2018 00:00	146.117	146.179	145.691	145.731	28	20776000000	103880
28/05/2018 04:00	145.73	145.954	145.564	145.937	28	25280000000	126400
28/05/2018 08:00	145.937	146.163	145.675	145.719	28	26425400000	132127
28/05/2018 12:00	145.719	145.89	145.306	145.477	28	26632400000	133162
28/05/2018 16:00	145.476	145.67	145.309	145.646	28	25534200000	127671
28/05/2018 20:00	145.646	145.663	145.506	145.613	28	25227600000	126138
29/05/2018 00:00	145.598	145.697	145.232	145.365	28	20977200000	104886
29/05/2018 04:00	145.365	145.377	144.817	145.256	28	25679800000	128399
29/05/2018 08:00	145.256	145.314	143.184	143.693	28	26372200000	131861
29/05/2018 12:00	143.693	144.793	143.648	144.721	28	27780400000	138902
29/05/2018 16:00	144.722	144.893	143.844	144.031	28	27931600000	139658
29/05/2018 20:00	144.031	144.182	143.196	144.078	28	27319200000	136596
30/05/2018 00:00	144.074	144.157	143.585	143.7	28	21331200000	106656
30/05/2018 04:00	143.7	144.274	143.64	143.975	28	25780600000	128903
30/05/2018 08:00	143.975	144.645	143.72	144.217	28	27285200000	136426
30/05/2018 12:00	144.219	144.949	143.935	144.637	28	27539800000	137699
30/05/2018 16:00	144.638	145.043	144.426	144.755	28	27647800000	138239
30/05/2018 20:00	144.754	144.806	144.457	144.638	28	25233600000	126168
31/05/2018 00:00	144.634	144.69	144.113	144.551	28	19681400000	98407
31/05/2018 04:00	144.551	144.77	144.259	144.581	28	26280200000	131401
31/05/2018 08:00	144.579	145.291	144.468	145.252	28	27540000000	137700
31/05/2018 12:00	145.254	145.299	144.817	144.904	28	26900600000	134503
31/05/2018 16:00	144.903	144.915	144.113	144.528	28	27285000000	136425
31/05/2018 20:00	144.528	144.739	144.301	144.65	28	25351200000	126756
01/06/2018 00:00	144.645	144.737	144.473	144.672	28	18623600000	93118
01/06/2018 04:00	144.672	145.043	144.487	144.688	28	25208000000	126040
01/06/2018 08:00	144.688	145.176	144.527	145.175	28	26686000000	133430
01/06/2018 12:00	145.175	146.143	145.085	146.023	28	27019400000	135097
01/06/2018 16:00	146.022	146.279	145.712	146.13	28	26673600000	133368
01/06/2018 20:00	146.129	146.291	146.015	146.186	23	23910400000	119552
04/06/2018 00:00	145.923	146.716	145.905	146.659	28	17536400000	87682
04/06/2018 04:00	146.659	146.663	146.466	146.57	28	25046000000	125230
04/06/2018 08:00	146.57	146.72	146.084	146.393	28	26548600000	132743
04/06/2018 12:00	146.39	146.884	146.329	146.503	28	25971600000	129858
04/06/2018 16:00	146.5	146.541	145.826	146.016	28	25910000000	129550
04/06/2018 20:00	146.016	146.245	145.967	146.187	28	23101600000	115508
05/06/2018 00:00	146.187	146.462	146.119	146.283	28	16894800000	84474
05/06/2018 04:00	146.283	146.37	146.025	146.311	28	19002400000	95012
05/06/2018 08:00	146.313	146.901	146.13	146.767	28	26106200000	130531
05/06/2018 12:00	146.768	146.962	146.354	146.648	28	25916800000	129584
05/06/2018 16:00	146.647	146.765	146.348	146.614	28	26417000000	132085
05/06/2018 20:00	146.611	147.084	146.606	146.993	28	21574200000	107871
06/06/2018 00:00	146.993	147.419	146.936	147.242	28	16971600000	84858
06/06/2018 04:00	147.242	147.45	147.214	147.304	28	16768000000	83840
06/06/2018 08:00	147.3	147.858	147.3	147.565	28	26063000000	130315
06/06/2018 12:00	147.565	147.995	147.565	147.686	28	25563200000	127816
06/06/2018 16:00	147.686	147.898	147.487	147.668	28	25745000000	128725
06/06/2018 20:00	147.668	147.852	147.556	147.762	28	23207800000	116039
07/06/2018 00:00	147.758	147.987	147.661	147.938	28	16625400000	83127
07/06/2018 04:00	147.937	147.977	147.484	147.603	28	23533600000	117668
07/06/2018 08:00	147.603	148.102	147.582	147.955	28	25222400000	126112
07/06/2018 12:00	147.958	148.103	147.184	147.586	28	25515200000	127576
07/06/2018 16:00	147.586	147.922	146.941	147.223	28	26902600000	134513
07/06/2018 20:00	147.223	147.393	146.892	147.224	28	24741800000	123709
08/06/2018 00:00	147.224	147.405	147.082	147.335	28	17281600000	86408
08/06/2018 04:00	147.335	147.427	147.092	147.198	28	23089400000	115447
08/06/2018 08:00	147.198	147.253	146.465	146.534	28	25933800000	129669
08/06/2018 12:00	146.534	146.844	146.08	146.38	28	24688800000	123444
08/06/2018 16:00	146.38	146.829	146.337	146.824	28	24763800000	123819
08/06/2018 20:00	146.821	146.935	146.685	146.921	23	17235400000	86177
11/06/2018 00:00	146.54	146.888	146.474	146.854	28	17171000000	85855
11/06/2018 04:00	146.854	147.295	146.789	147.255	28	21964800000	109824
11/06/2018 08:00	147.252	147.832	146.921	146.966	28	22593200000	112966
11/06/2018 12:00	146.968	147.114	146.809	147.024	28	22456000000	112280
11/06/2018 16:00	147.024	147.323	146.937	147.178	28	26443200000	132216
11/06/2018 20:00	147.178	147.297	147.12	147.177	28	25309400000	126547
12/06/2018 00:00	147.17	147.663	147.107	147.313	28	18162000000	90810
12/06/2018 04:00	147.313	147.559	147.105	147.498	28	26880400000	134402
12/06/2018 08:00	147.495	147.975	147.247	147.686	28	27267400000	136337
12/06/2018 12:00	147.685	147.798	147.321	147.516	28	26607400000	133037
12/06/2018 16:00	147.516	147.961	147.141	147.679	28	26665600000	133328
12/06/2018 20:00	147.676	147.832	147.516	147.563	28	25818200000	129091
13/06/2018 00:00	147.556	147.789	147.528	147.65	28	18595000000	92975
13/06/2018 04:00	147.65	147.884	147.64	147.785	28	22860800000	114304
13/06/2018 08:00	147.785	147.871	147.295	147.384	28	20807800000	104039
13/06/2018 12:00	147.383	147.568	147.2	147.474	28	21439000000	107195
13/06/2018 16:00	147.474	147.8	147.314	147.769	28	24144600000	120723
13/06/2018 20:00	147.77	147.838	147.461	147.558	28	26287000000	131435
14/06/2018 00:00	147.542	147.581	147.309	147.505	28	17836200000	89181
14/06/2018 04:00	147.505	147.621	147.405	147.562	28	24159600000	120798
14/06/2018 08:00	147.56	147.833	147.236	147.759	28	25373800000	126869
14/06/2018 12:00	147.76	147.828	146.865	146.879	28	25651200000	128256
14/06/2018 16:00	146.879	147.308	146.742	146.874	28	26521200000	132606
14/06/2018 20:00	146.87	147.06	146.621	146.668	28	23686400000	118432
15/06/2018 00:00	146.668	146.862	146.39	146.47	28	20233200000	101166
15/06/2018 04:00	146.47	146.801	146.35	146.759	28	24355600000	121778
15/06/2018 08:00	146.763	146.936	146.282	146.631	28	25567800000	127839
15/06/2018 12:00	146.63	147.054	146.494	146.689	28	25751400000	128757
15/06/2018 16:00	146.689	146.955	146.587	146.898	28	26290400000	131452
15/06/2018 20:00	146.897	146.987	146.799	146.925	23	22090800000	110454
18/06/2018 00:00	146.806	146.992	146.539	146.613	28	18270400000	91352
18/06/2018 04:00	146.613	146.664	146.38	146.599	28	25527200000	127636
18/06/2018 08:00	146.599	146.666	146.097	146.348	28	23150200000	115751
18/06/2018 12:00	146.347	146.626	146.167	146.268	28	25124000000	125620
18/06/2018 16:00	146.268	146.431	146.088	146.254	28	24363400000	121817
18/06/2018 20:00	146.251	146.462	146.239	146.404	28	21001000000	105005
19/06/2018 00:00	146.389	146.452	145.876	146.051	28	21062000000	105310
19/06/2018 04:00	146.051	146.097	145.4	145.45	28	22853000000	114265
19/06/2018 08:00	145.45	145.507	144.53	144.834	28	26594200000	132971
19/06/2018 12:00	144.829	144.924	144.404	144.733	28	26139200000	130696
19/06/2018 16:00	144.733	145.059	144.368	144.819	28	26765200000	133826
19/06/2018 20:00	144.819	145.066	144.748	144.958	28	22777400000	113887
20/06/2018 00:00	144.959	145.103	144.751	144.753	28	22025800000	110129
20/06/2018 04:00	144.752	145.112	144.573	144.943	28	26372000000	131860
20/06/2018 08:00	144.942	145.14	144.796	144.89	28	25447200000	127236
20/06/2018 12:00	144.89	145.175	144.774	145.168	28	20965000000	104825
20/06/2018 16:00	145.168	145.608	144.999	145.401	28	24049200000	120246
20/06/2018 20:00	145.401	145.589	145.278	145.317	28	17987000000	89935
21/06/2018 00:00	145.307	145.467	145.295	145.364	28	15714200000	78571
21/06/2018 04:00	145.364	145.671	145.264	145.531	28	18126800000	90634
21/06/2018 08:00	145.53	145.643	144.753	144.817	28	22104800000	110524
21/06/2018 12:00	144.818	146.204	144.577	146.016	28	25246600000	126233
21/06/2018 16:00	146.019	146.125	145.547	145.658	28	24957000000	124785
21/06/2018 20:00	145.658	145.794	145.516	145.565	28	18067600000	90338
22/06/2018 00:00	145.565	145.879	145.453	145.82	28	18289600000	91448
22/06/2018 04:00	145.82	145.92	145.757	145.919	28	17725800000	88629
22/06/2018 08:00	145.919	146.619	145.842	146.566	28	22925200000	114626
22/06/2018 12:00	146.566	146.637	146.181	146.257	24	22579200000	112896
22/06/2018 16:00	146.257	146.419	145.576	145.69	24	22705200000	113526
22/06/2018 20:00	145.689	145.896	145.567	145.848	23	15908200000	79541
25/06/2018 00:00	145.545	145.904	145.25	145.334	25	16627800000	83139
25/06/2018 04:00	145.334	145.417	145.073	145.179	25	21662800000	108314
25/06/2018 08:00	145.18	145.301	144.685	144.957	24	23197200000	115986
25/06/2018 12:00	144.957	145.624	144.786	145.528	24	21733000000	108665
25/06/2018 16:00	145.527	145.714	145.199	145.303	24	23182000000	115910
25/06/2018 20:00	145.303	146.167	145.149	145.725	24	18413200000	92066
26/06/2018 00:00	145.725	145.753	145.374	145.454	25	20602200000	103011
26/06/2018 04:00	145.457	145.563	145.23	145.444	25	18687200000	93436
26/06/2018 08:00	145.444	145.684	145.335	145.401	24	20995400000	104977
26/06/2018 12:00	145.4	145.503	144.958	145.266	24	22420600000	112103
26/06/2018 16:00	145.269	145.624	145.219	145.487	24	23192800000	115964
26/06/2018 20:00	145.487	145.741	145.353	145.455	24	17550000000	87750
27/06/2018 00:00	145.455	145.65	145.304	145.399	25	19847400000	99237
27/06/2018 04:00	145.398	145.462	145.093	145.417	25	25332400000	126662
27/06/2018 08:00	145.417	145.447	144.803	144.839	24	25010200000	125051
27/06/2018 12:00	144.839	145.445	144.801	145	24	25872200000	129361
27/06/2018 16:00	145.001	145.327	144.904	144.989	24	26084200000	130421
27/06/2018 20:00	144.986	145.024	144.507	144.559	23	25957600000	129788
28/06/2018 00:00	144.551	144.666	144.174	144.275	25	22198600000	110993
28/06/2018 04:00	144.275	144.64	144.219	144.579	25	24137800000	120689
28/06/2018 08:00	144.58	144.636	144.167	144.341	24	25729800000	128649
28/06/2018 12:00	144.34	144.451	143.78	143.788	24	25831800000	129159
28/06/2018 16:00	143.788	144.574	143.754	144.477	24	26516600000	132583
28/06/2018 20:00	144.475	144.614	144.358	144.474	24	24214800000	121074
29/06/2018 00:00	144.464	144.56	144.332	144.394	25	20196000000	100980
29/06/2018 04:00	144.394	145.343	144.345	145.155	25	24084400000	120422
29/06/2018 08:00	145.152	145.92	144.87	145.752	24	24335200000	121676
29/06/2018 12:00	145.752	145.872	145.203	145.353	24	26538600000	132693
29/06/2018 16:00	145.353	146.323	145.349	146.146	24	26629800000	133149
29/06/2018 20:00	146.146	146.312	146.069	146.284	23	23364600000	116823
02/07/2018 00:00	145.696	146.258	145.696	146.196	25	18641600000	93208
02/07/2018 04:00	146.196	146.477	145.938	145.977	25	22441200000	112206
02/07/2018 08:00	145.977	145.986	145.511	145.934	24	26171000000	130855
02/07/2018 12:00	145.93	146.003	145.267	145.295	24	24899000000	124495
02/07/2018 16:00	145.294	145.615	145.174	145.46	24	24189000000	120945
02/07/2018 20:00	145.46	145.747	145.373	145.724	24	20573600000	102868
03/07/2018 00:00	145.724	145.785	145.563	145.676	25	17625200000	88126
03/07/2018 04:00	145.676	145.877	145.273	145.559	25	24172400000	120862
03/07/2018 08:00	145.559	146.374	145.494	146.309	24	25848200000	129241
03/07/2018 12:00	146.307	146.339	145.871	145.998	24	24174200000	120871
03/07/2018 16:00	145.998	146.03	145.46	145.539	24	25436200000	127181
03/07/2018 20:00	145.538	145.977	145.528	145.791	24	23372600000	116863
04/07/2018 00:00	145.791	145.883	145.61	145.64	25	20167000000	100835
04/07/2018 04:00	145.64	145.936	145.602	145.791	25	22811200000	114056
04/07/2018 08:00	145.786	145.958	145.559	145.889	24	22110800000	110554
04/07/2018 12:00	145.889	146.103	145.858	145.968	24	22159800000	110799
04/07/2018 16:00	145.968	146.152	145.921	146.065	24	23234200000	116171
04/07/2018 20:00	146.065	146.349	146.052	146.146	24	23730400000	118652
05/07/2018 00:00	146.146	146.286	145.989	146.007	25	18301800000	91509
05/07/2018 04:00	145.999	146.165	145.827	145.94	25	24450800000	122254
05/07/2018 08:00	145.94	146.598	145.896	146.417	24	25111800000	125559
05/07/2018 12:00	146.419	146.858	146.313	146.67	24	24024800000	120124
05/07/2018 16:00	146.67	146.715	146.017	146.264	24	23581200000	117906
05/07/2018 20:00	146.264	146.331	146.076	146.251	24	21365400000	106827
06/07/2018 00:00	146.206	146.337	145.973	146.272	25	19668400000	98342
06/07/2018 04:00	146.272	146.477	146.113	146.265	25	22475200000	112376
06/07/2018 08:00	146.265	146.606	146.163	146.535	24	24407600000	122038
06/07/2018 12:00	146.535	146.62	146.223	146.463	24	21784200000	108921
06/07/2018 16:00	146.463	146.66	146.399	146.514	24	24696000000	123480
06/07/2018 20:00	146.513	146.79	146.476	146.779	23	19546400000	97732
09/07/2018 00:00	147.017	147.071	146.709	146.736	25	19662600000	98313
09/07/2018 04:00	146.735	146.906	146.592	146.857	25	22696200000	113481
09/07/2018 08:00	146.856	147.553	146.79	147.375	24	25484400000	127422
09/07/2018 12:00	147.374	147.493	147.186	147.493	24	22919000000	114595
09/07/2018 16:00	147.491	147.604	146.093	146.443	24	24559600000	122798
09/07/2018 20:00	146.445	147.009	146.373	146.926	24	18621800000	93109
10/07/2018 00:00	146.926	147.206	146.807	147.166	25	21320600000	106603
10/07/2018 04:00	147.161	147.206	147.017	147.13	25	21777800000	108889
10/07/2018 08:00	147.13	147.76	146.903	147.239	24	22141000000	110705
10/07/2018 12:00	147.244	147.699	147.169	147.591	24	21848400000	109242
10/07/2018 16:00	147.591	147.78	147.362	147.429	24	22889000000	114445
10/07/2018 20:00	147.429	147.767	147.269	147.308	24	19241800000	96209
11/07/2018 00:00	147.301	147.374	146.875	146.89	25	23565400000	117827
11/07/2018 04:00	146.89	147.404	146.794	147.184	25	24837000000	124185
11/07/2018 08:00	147.184	147.489	147.162	147.35	24	25488600000	127443
11/07/2018 12:00	147.35	147.553	147.15	147.402	24	25411000000	127055
11/07/2018 16:00	147.402	148	147.312	147.92	24	26349000000	131745
11/07/2018 20:00	147.92	148.12	147.732	147.849	24	25521000000	127605
12/07/2018 00:00	147.849	148.094	147.774	148.046	25	20925600000	104628
12/07/2018 04:00	148.052	148.279	147.903	148.179	25	20798200000	103991
12/07/2018 08:00	148.179	148.576	148.143	148.456	24	22298200000	111491
12/07/2018 12:00	148.456	148.876	148.408	148.736	25	22647800000	113239
12/07/2018 16:00	148.736	148.89	148.564	148.638	25	23724800000	118624
12/07/2018 20:00	148.638	148.722	148.539	148.585	25	19418000000	97090
13/07/2018 00:00	148.585	148.595	148.305	148.507	25	24309000000	121545
13/07/2018 04:00	148.507	148.588	148.381	148.383	25	21470600000	107353
13/07/2018 08:00	148.383	148.399	147.867	147.984	25	22547600000	112738
13/07/2018 12:00	147.984	148.131	147.631	147.998	25	22891800000	114459
13/07/2018 16:00	147.998	148.665	147.998	148.605	25	25049600000	125248
13/07/2018 20:00	148.607	148.715	148.492	148.694	23	20829400000	104147
16/07/2018 00:00	148.412	148.893	148.385	148.855	25	18803600000	94018
16/07/2018 04:00	148.855	148.985	148.796	148.905	25	24422200000	122111
16/07/2018 08:00	148.905	149.109	148.775	149.049	25	24375600000	121878
16/07/2018 12:00	149.048	149.306	148.898	148.92	25	24159800000	120799
16/07/2018 16:00	148.922	149.092	148.509	148.603	25	24878000000	124390
16/07/2018 20:00	148.603	148.665	148.518	148.579	25	24590800000	122954
17/07/2018 00:00	148.579	148.811	148.556	148.759	25	23963600000	119818
17/07/2018 04:00	148.759	148.934	148.675	148.846	25	25976000000	129880
17/07/2018 08:00	148.846	149.082	148.613	148.992	25	25339800000	126699
17/07/2018 12:00	148.992	149.026	148.076	148.184	25	25056400000	125282
17/07/2018 16:00	148.184	148.645	148.093	148.218	25	25731200000	128656
17/07/2018 20:00	148.218	148.354	147.56	148.013	25	21796800000	108984
18/07/2018 00:00	148.013	148.22	147.896	148.153	25	22559400000	112797
18/07/2018 04:00	148.154	148.155	148.004	148.054	25	21638000000	108190
18/07/2018 08:00	148.052	148.148	147.076	147.345	25	25240200000	126201
18/07/2018 12:00	147.343	147.401	146.854	147.099	25	24216400000	121082
18/07/2018 16:00	147.099	147.389	147.043	147.312	25	25075000000	125375
18/07/2018 20:00	147.312	147.653	147.238	147.437	25	20350200000	101751
19/07/2018 00:00	147.44	147.584	147.346	147.363	25	21918400000	109592
19/07/2018 04:00	147.363	147.465	147.253	147.412	25	21874200000	109371
19/07/2018 08:00	147.412	147.475	146.675	146.921	25	25193200000	125966
19/07/2018 12:00	146.921	147.035	146.541	146.58	25	25140800000	125704
19/07/2018 16:00	146.579	146.867	146.487	146.583	25	24017400000	120087
19/07/2018 20:00	146.583	146.588	146.149	146.338	25	23722800000	118614
20/07/2018 00:00	146.338	146.559	146.243	146.482	25	21838600000	109193
20/07/2018 04:00	146.482	146.571	145.96	146.206	25	24154200000	120771
20/07/2018 08:00	146.203	146.466	146.08	146.315	25	24859600000	124298
20/07/2018 12:00	146.315	146.65	146.11	146.196	25	25113000000	125565
20/07/2018 16:00	146.196	146.612	146.143	146.507	25	25211200000	126056
20/07/2018 20:00	146.507	146.534	146.265	146.344	23	22039000000	110195
23/07/2018 00:00	146.152	146.414	145.712	145.845	25	18706400000	93532
23/07/2018 04:00	145.849	146.029	145.689	145.793	25	25320600000	126603
23/07/2018 08:00	145.791	146.018	145.704	145.786	25	24587600000	122938
23/07/2018 12:00	145.786	146.164	145.665	146.096	25	21181800000	105909
23/07/2018 16:00	146.095	146.149	145.858	146.029	25	23073200000	115366
23/07/2018 20:00	146.029	146.073	145.818	145.831	25	19739600000	98698
24/07/2018 00:00	145.827	146.069	145.683	145.698	25	19043600000	95218
24/07/2018 04:00	145.698	145.806	145.444	145.71	25	22721400000	113607
24/07/2018 08:00	145.708	145.937	145.519	145.864	25	23375600000	116878
24/07/2018 12:00	145.864	145.898	145.737	145.798	25	21307800000	106539
24/07/2018 16:00	145.797	146.317	145.782	146.186	25	22051800000	110259
24/07/2018 20:00	146.186	146.237	145.984	146.152	25	18972600000	94863
25/07/2018 00:00	146.152	146.385	146.062	146.331	25	17058600000	85293
25/07/2018 04:00	146.331	146.45	146.209	146.233	25	17183400000	85917
25/07/2018 08:00	146.233	146.487	146.163	146.314	25	20867200000	104336
25/07/2018 12:00	146.314	146.369	145.997	146.16	25	21390400000	106952
25/07/2018 16:00	146.161	146.266	145.76	145.931	25	23306800000	116534
25/07/2018 20:00	145.931	146.512	145.755	146.335	25	21933800000	109669
26/07/2018 00:00	146.332	146.499	146.138	146.23	25	20832200000	104161
26/07/2018 04:00	146.23	146.394	146.182	146.252	25	17719200000	88596
26/07/2018 08:00	146.252	146.259	145.858	145.901	25	20890200000	104451
26/07/2018 12:00	145.901	146.196	145.874	146.032	25	20234800000	101174
26/07/2018 16:00	146.032	146.103	145.791	145.856	25	23050800000	115254
26/07/2018 20:00	145.856	145.973	145.753	145.772	25	20389200000	101946
27/07/2018 00:00	145.772	145.808	145.559	145.597	25	16748400000	83742
27/07/2018 04:00	145.597	145.599	145.385	145.5	25	18579400000	92897
27/07/2018 08:00	145.5	145.653	145.319	145.558	25	22266200000	111331
27/07/2018 12:00	145.558	145.664	145.344	145.423	25	19375400000	96877
27/07/2018 16:00	145.421	145.699	145.326	145.337	25	21479600000	107398
27/07/2018 20:00	145.335	145.573	145.257	145.476	23	17395400000	86977
30/07/2018 00:00	145.402	145.596	145.269	145.536	25	19467400000	97337
30/07/2018 04:00	145.536	145.654	145.466	145.56	25	22854000000	114270
30/07/2018 08:00	145.56	145.871	145.517	145.786	25	21979000000	109895
30/07/2018 12:00	145.786	145.794	145.563	145.756	25	18794200000	93971
30/07/2018 16:00	145.757	145.916	145.698	145.747	25	20751400000	103757
30/07/2018 20:00	145.747	145.869	145.73	145.786	25	14297400000	71487
31/07/2018 00:00	145.786	145.88	145.633	145.683	25	15961000000	79805
31/07/2018 04:00	145.683	146.149	145.354	145.804	25	22566800000	112834
31/07/2018 08:00	145.804	146.805	145.804	146.636	25	23870200000	119351
31/07/2018 12:00	146.636	146.852	146.5	146.536	25	20567000000	102835
31/07/2018 16:00	146.536	147.001	146.465	146.746	25	22890200000	114451
31/07/2018 20:00	146.745	146.846	146.647	146.744	25	16594800000	82974
01/08/2018 00:00	146.746	146.829	146.504	146.685	25	17471800000	87359
01/08/2018 04:00	146.685	146.776	146.535	146.724	25	20780600000	103903
01/08/2018 08:00	146.725	147.138	146.624	146.854	25	21122800000	105614
01/08/2018 12:00	146.854	147.062	146.756	147.06	25	19048400000	95242
01/08/2018 16:00	147.06	147.066	146.42	146.482	25	20976400000	104882
01/08/2018 20:00	146.482	146.664	146.299	146.634	25	16167000000	80835
02/08/2018 00:00	146.624	146.631	146.459	146.559	25	13653000000	68265
02/08/2018 04:00	146.559	146.581	146.098	146.194	25	18845200000	94226
02/08/2018 08:00	146.194	146.262	145.922	145.941	25	20242200000	101211
02/08/2018 12:00	145.94	146.304	144.992	145.359	25	22398000000	111990
02/08/2018 16:00	145.359	145.567	145.169	145.474	25	19752800000	98764
02/08/2018 20:00	145.474	145.524	145.275	145.28	25	14439400000	72197
03/08/2018 00:00	145.28	145.492	145.239	145.437	25	16519200000	82596
03/08/2018 04:00	145.437	145.453	145.222	145.398	25	17725400000	88627
03/08/2018 08:00	145.4	145.479	145	145.144	25	19594800000	97974
03/08/2018 12:00	145.143	145.537	145.02	145.06	25	20097600000	100488
03/08/2018 16:00	145.06	145.078	144.5	144.811	25	21600200000	108001
03/08/2018 20:00	144.81	144.828	144.533	144.686	23	11552400000	57762
06/08/2018 00:00	144.599	144.656	144.476	144.558	25	8670600000	43353
06/08/2018 04:00	144.558	144.727	144.496	144.653	25	19679800000	98399
06/08/2018 08:00	144.653	144.705	144.07	144.167	25	21867400000	109337
06/08/2018 12:00	144.166	144.318	144.033	144.066	25	21060600000	105303
06/08/2018 16:00	144.066	144.26	144.041	144.195	25	18189600000	90948
06/08/2018 20:00	144.195	144.219	144.104	144.177	25	15706400000	78532
07/08/2018 00:00	144.177	144.228	144.003	144.025	25	20626800000	103134
07/08/2018 04:00	144.024	144.123	144.012	144.121	25	18083400000	90417
07/08/2018 08:00	144.121	144.427	144.076	144.282	25	19601800000	98009
07/08/2018 12:00	144.281	144.357	143.798	143.922	25	19787400000	98937
07/08/2018 16:00	143.922	144.096	143.807	144.029	25	19641400000	98207
07/08/2018 20:00	144.028	144.167	143.965	144.101	25	16548800000	82744
08/08/2018 00:00	144.101	144.161	144.043	144.119	25	16006200000	80031
08/08/2018 04:00	144.119	144.267	144.055	144.126	25	18625800000	93129
08/08/2018 08:00	144.128	144.208	143.151	143.19	25	22441400000	112207
08/08/2018 12:00	143.19	143.253	142.718	142.93	25	21742400000	108712
08/08/2018 16:00	142.928	143.092	142.778	142.915	25	20778200000	103891
08/08/2018 20:00	142.914	143.076	142.883	142.902	25	14809000000	74045
09/08/2018 00:00	142.902	142.972	142.614	142.647	25	17138000000	85690
09/08/2018 04:00	142.647	142.823	142.336	142.761	25	19997200000	99986
09/08/2018 08:00	142.761	143.194	142.612	143.144	25	22401000000	112005
09/08/2018 12:00	143.143	143.483	142.973	143.105	25	21374200000	106871
09/08/2018 16:00	143.105	143.111	142.483	142.609	25	22717800000	113589
09/08/2018 20:00	142.609	142.668	142.373	142.417	25	18126800000	90634
10/08/2018 00:00	142.409	142.565	142.261	142.281	25	15519400000	77597
10/08/2018 04:00	142.281	142.493	142.033	142.057	25	17970600000	89853
10/08/2018 08:00	142.057	142.241	141.044	141.416	25	25555000000	127775
10/08/2018 12:00	141.416	141.88	141.37	141.673	25	23924800000	119624
10/08/2018 16:00	141.673	141.771	140.926	141.143	25	24915200000	124576
10/08/2018 20:00	141.144	141.814	141.019	141.674	23	20063400000	100317
13/08/2018 00:00	140.788	141.349	140.707	140.833	25	16328400000	81642
13/08/2018 04:00	140.833	140.892	140.382	140.451	25	20809800000	104049
13/08/2018 08:00	140.45	140.925	140.232	140.808	25	24193800000	120969
13/08/2018 12:00	140.81	141.549	140.62	141.441	25	23183200000	115916
13/08/2018 16:00	141.444	141.827	141.004	141.091	25	23900600000	119503
13/08/2018 20:00	141.09	141.371	140.969	141.304	25	19077800000	95389
14/08/2018 00:00	141.272	141.444	141.067	141.356	25	15954000000	79770
14/08/2018 04:00	141.356	141.616	141.237	141.471	25	19516800000	97584
14/08/2018 08:00	141.471	142.463	141.363	141.779	25	24302200000	121511
14/08/2018 12:00	141.779	142.002	141.453	141.605	25	22998400000	114992
14/08/2018 16:00	141.605	141.665	140.994	141.211	25	23316400000	116582
14/08/2018 20:00	141.211	141.534	141.21	141.352	25	17219000000	86095
15/08/2018 00:00	141.352	141.557	141.245	141.507	25	17652000000	88260
15/08/2018 04:00	141.507	141.626	141.138	141.363	25	19833600000	99168
15/08/2018 08:00	141.363	141.759	141.216	141.457	25	22495800000	112479
15/08/2018 12:00	141.456	141.573	140.731	140.751	25	23487400000	117437
15/08/2018 16:00	140.751	140.759	139.881	140.614	25	25272200000	126361
15/08/2018 20:00	140.614	140.669	140.272	140.577	25	20112000000	100560
16/08/2018 00:00	140.571	140.594	140.198	140.362	25	17195000000	85975
16/08/2018 04:00	140.362	141.074	140.204	140.885	25	23353200000	116766
16/08/2018 08:00	140.885	141.154	140.653	140.818	25	23319200000	116596
16/08/2018 12:00	140.817	140.917	140.467	140.519	25	21992400000	109962
16/08/2018 16:00	140.517	141.314	140.491	140.912	25	24008000000	120040
16/08/2018 20:00	140.912	141.068	140.784	140.933	25	17392400000	86962
17/08/2018 00:00	140.933	141.144	140.651	140.979	25	18796000000	93980
17/08/2018 04:00	140.979	141.096	140.897	141.049	25	17509200000	87546
17/08/2018 08:00	141.049	141.16	140.706	140.777	25	22482400000	112412
17/08/2018 12:00	140.776	140.812	140.218	140.475	25	23030600000	115153
17/08/2018 16:00	140.475	140.772	140.417	140.512	25	22278400000	111392
17/08/2018 20:00	140.511	141.066	140.42	140.9	23	20539000000	102695
20/08/2018 00:00	140.89	140.934	140.742	140.777	25	14210600000	71053
20/08/2018 04:00	140.777	141.014	140.708	140.961	25	19024600000	95123
20/08/2018 08:00	140.961	141.015	140.743	140.918	25	22449200000	112246
20/08/2018 12:00	140.919	141.208	140.82	140.901	25	20680000000	103400
20/08/2018 16:00	140.901	141.072	140.85	141.036	25	21175400000	105877
20/08/2018 20:00	141.038	141.045	140.754	140.817	25	16565600000	82828
21/08/2018 00:00	140.817	140.876	140.654	140.79	25	18270800000	91354
21/08/2018 04:00	140.79	141.343	140.735	141.204	25	20426000000	102130
21/08/2018 08:00	141.202	141.405	141.12	141.377	25	21813600000	109068
21/08/2018 12:00	141.377	141.644	141.281	141.596	25	21737800000	108689
21/08/2018 16:00	141.595	142.245	141.498	142.241	25	23182400000	115912
21/08/2018 20:00	142.241	142.667	142.161	142.245	25	19105800000	95529
22/08/2018 00:00	142.242	142.303	141.988	142.149	25	18527800000	92639
22/08/2018 04:00	142.149	142.646	142.101	142.568	25	19475200000	97376
22/08/2018 08:00	142.568	142.665	142.024	142.22	25	19110800000	95554
22/08/2018 12:00	142.22	142.7	142.035	142.699	25	22314400000	111572
22/08/2018 16:00	142.699	142.789	142.533	142.672	25	21484200000	107421
22/08/2018 20:00	142.672	142.789	142.629	142.699	25	14566600000	72833
23/08/2018 00:00	142.692	142.817	142.59	142.758	25	15306800000	76534
23/08/2018 04:00	142.758	142.899	142.482	142.612	25	16227000000	81135
23/08/2018 08:00	142.612	142.83	142.416	142.712	25	18703000000	93515
23/08/2018 12:00	142.712	143.001	142.478	142.685	25	18511800000	92559
23/08/2018 16:00	142.685	142.945	142.442	142.563	25	21727000000	108635
23/08/2018 20:00	142.563	142.621	142.414	142.507	25	12824400000	64122
24/08/2018 00:00	142.507	142.702	142.5	142.675	25	14786600000	73933
24/08/2018 04:00	142.678	142.866	142.535	142.828	25	16503200000	82516
24/08/2018 08:00	142.827	142.999	142.746	142.987	25	17991800000	89959
24/08/2018 12:00	142.987	143.226	142.748	143.08	25	19012800000	95064
24/08/2018 16:00	143.08	143.225	142.878	142.883	25	20739600000	103698
24/08/2018 20:00	142.882	142.958	142.729	142.942	23	11387200000	56936
27/08/2018 00:00	142.891	143.172	142.864	142.979	25	15440800000	77204
27/08/2018 04:00	142.978	142.978	142.589	142.744	25	22316800000	111584
27/08/2018 08:00	142.744	142.829	142.518	142.754	25	20482600000	102413
27/08/2018 12:00	142.754	142.992	142.631	142.975	25	17982400000	89912
27/08/2018 16:00	142.975	143.247	142.905	143.172	25	20307200000	101536
27/08/2018 20:00	143.171	143.272	143.126	143.174	25	12894600000	64473
28/08/2018 00:00	143.174	143.39	142.981	143.366	25	15530200000	77651
28/08/2018 04:00	143.366	143.397	143.199	143.218	25	17220800000	86104
28/08/2018 08:00	143.217	143.46	143.034	143.345	25	18867400000	94337
28/08/2018 12:00	143.345	143.6	143.182	143.594	25	20363600000	101818
28/08/2018 16:00	143.594	143.656	143.053	143.154	25	21906200000	109531
28/08/2018 20:00	143.153	143.167	143.046	143.073	25	15095000000	75475
29/08/2018 00:00	143.073	143.15	142.984	143.082	25	16701400000	83507
29/08/2018 04:00	143.082	143.208	143.021	143.18	25	14699800000	73499
29/08/2018 08:00	143.18	143.286	142.814	143.181	25	20912200000	104561
29/08/2018 12:00	143.181	143.483	143.174	143.35	25	20230000000	101150
29/08/2018 16:00	143.35	145.493	143.305	145.311	25	25523800000	127619
29/08/2018 20:00	145.311	145.558	145.144	145.44	25	18651600000	93258
30/08/2018 00:00	145.44	145.674	145.417	145.553	25	14973600000	74868
30/08/2018 04:00	145.553	145.583	145.267	145.452	25	16670600000	83353
30/08/2018 08:00	145.451	145.587	144.917	145.096	25	20703200000	103516
30/08/2018 12:00	145.095	145.416	144.951	144.957	25	20994400000	104972
30/08/2018 16:00	144.957	145.05	144.388	144.689	25	24642200000	123211
30/08/2018 20:00	144.689	144.73	144.34	144.364	25	20258000000	101290
31/08/2018 00:00	144.364	144.501	144.217	144.407	25	16368200000	81841
31/08/2018 04:00	144.407	144.624	144.303	144.459	25	20628400000	103142
31/08/2018 08:00	144.459	144.685	143.908	144.192	25	20749000000	103745
31/08/2018 12:00	144.192	144.195	143.638	143.688	25	21614200000	108071
31/08/2018 16:00	143.688	144.215	143.484	143.937	25	25181000000	125905
31/08/2018 20:00	143.933	144.04	143.763	143.96	23	18712200000	93561
03/09/2018 00:00	143.479	143.706	143.365	143.428	25	17366200000	86831
03/09/2018 04:00	143.428	143.497	143.29	143.4	25	23382800000	116914
03/09/2018 08:00	143.4	143.51	143.062	143.109	25	19732800000	98664
03/09/2018 12:00	143.109	143.2	142.827	142.89	25	20961200000	104806
03/09/2018 16:00	142.891	143.152	142.858	143.092	25	22480600000	112403
03/09/2018 20:00	143.088	143.09	142.881	142.912	25	18774000000	93870
04/09/2018 00:00	142.904	143.027	142.647	142.824	25	13181000000	65905
04/09/2018 04:00	142.824	142.994	142.676	142.936	25	16688600000	83443
04/09/2018 08:00	142.939	143.239	142.821	142.987	25	21853400000	109267
04/09/2018 12:00	142.986	143.002	142.627	142.904	25	21970600000	109853
04/09/2018 16:00	142.907	143.255	142.582	143.173	25	24326800000	121634
04/09/2018 20:00	143.173	143.37	143.136	143.263	25	15805800000	79029
05/09/2018 00:00	143.263	143.496	143.128	143.478	25	16296000000	81480
05/09/2018 04:00	143.478	143.666	143.376	143.431	25	17580400000	87902
05/09/2018 08:00	143.431	143.433	142.741	142.947	25	21792200000	108961
05/09/2018 12:00	142.947	143.208	142.64	142.995	25	21265400000	106327
05/09/2018 16:00	142.995	144.955	142.995	143.837	25	24065400000	120327
05/09/2018 20:00	143.837	144.012	143.773	143.862	25	13288800000	66444
06/09/2018 00:00	143.862	143.978	143.706	143.773	25	15645600000	78228
06/09/2018 04:00	143.773	143.88	143.636	143.808	25	15418400000	77092
06/09/2018 08:00	143.808	144.112	143.553	144.091	25	19313800000	96569
06/09/2018 12:00	144.09	144.23	143.769	143.919	25	19908200000	99541
06/09/2018 16:00	143.919	144.007	143.156	143.223	25	23034400000	115172
06/09/2018 20:00	143.222	143.502	142.929	143.157	25	15588000000	77940
07/09/2018 00:00	143.157	143.158	142.599	142.786	25	16079800000	80399
07/09/2018 04:00	142.786	143.016	142.754	142.97	25	16845800000	84229
07/09/2018 08:00	142.97	143.367	142.838	143.282	25	18977600000	94888
07/09/2018 12:00	143.282	144.379	143.171	143.954	25	21891800000	109459
07/09/2018 16:00	143.953	144.429	143.174	143.49	25	24692200000	123461
07/09/2018 20:00	143.491	143.573	143.325	143.459	23	15698400000	78492
10/09/2018 00:00	143.448	143.588	143.312	143.457	25	16391400000	81957
10/09/2018 04:00	143.457	143.478	143.226	143.264	25	19185200000	95926
10/09/2018 08:00	143.263	143.767	143.061	143.73	25	20846400000	104232
10/09/2018 12:00	143.73	144.821	143.527	144.795	25	19056600000	95283
10/09/2018 16:00	144.796	145.017	144.544	144.775	25	22014400000	110072
10/09/2018 20:00	144.775	144.916	144.68	144.701	25	12303600000	61518
11/09/2018 00:00	144.701	145.28	144.618	145.168	25	12264800000	61324
11/09/2018 04:00	145.168	145.344	145.039	145.221	25	16184000000	80920
11/09/2018 08:00	145.221	145.901	144.713	145.254	25	19617800000	98089
11/09/2018 12:00	145.25	145.288	144.335	144.62	25	20556400000	102782
11/09/2018 16:00	144.62	145.224	144.577	145.165	25	21478000000	107390
11/09/2018 20:00	145.165	145.473	145.101	145.411	25	14074800000	70374
12/09/2018 00:00	145.411	145.424	145.076	145.192	25	15016600000	75083
12/09/2018 04:00	145.192	145.221	144.961	145.049	25	14183200000	70916
12/09/2018 08:00	145.05	145.411	144.898	145.184	25	18536400000	92682
12/09/2018 12:00	145.187	145.336	144.717	144.765	25	19503000000	97515
12/09/2018 16:00	144.765	145.637	144.664	145.347	25	23321600000	116608
12/09/2018 20:00	145.346	145.412	145.04	145.058	25	19369800000	96849
13/09/2018 00:00	145.058	145.372	144.986	145.36	25	18199800000	90999
13/09/2018 04:00	145.36	145.456	145.154	145.305	25	14153200000	70766
13/09/2018 08:00	145.305	145.455	145.131	145.42	25	18438000000	92190
13/09/2018 12:00	145.42	145.937	145.389	145.906	25	20405600000	102028
13/09/2018 16:00	145.906	146.707	145.758	146.62	25	23889400000	119447
13/09/2018 20:00	146.62	146.806	146.562	146.667	25	17668600000	88343
14/09/2018 00:00	146.665	147.003	146.619	146.937	25	16256200000	81281
14/09/2018 04:00	146.937	146.942	146.607	146.702	25	15823600000	79118
14/09/2018 08:00	146.702	146.911	146.629	146.856	25	18647000000	93235
14/09/2018 12:00	146.856	147.006	146.333	146.63	25	20190600000	100953
14/09/2018 16:00	146.63	146.748	146.317	146.44	25	23128800000	115644
14/09/2018 20:00	146.44	146.48	146.245	146.464	23	13503000000	67515
17/09/2018 00:00	146.365	146.591	146.304	146.587	25	17084600000	85423
17/09/2018 04:00	146.587	146.605	146.368	146.476	25	20430400000	102152
17/09/2018 08:00	146.476	146.706	146.316	146.687	25	20788600000	103943
17/09/2018 12:00	146.688	147.235	146.536	147.212	25	22681600000	113408
17/09/2018 16:00	147.215	147.369	147.061	147.337	25	23801200000	119006
17/09/2018 20:00	147.337	147.451	147.053	147.092	25	19126400000	95632
18/09/2018 00:00	147.088	147.226	146.773	146.893	25	18171000000	90855
18/09/2018 04:00	146.893	147.38	146.826	147.318	25	20068200000	100341
18/09/2018 08:00	147.318	147.819	146.974	147.088	25	23091200000	115456
18/09/2018 12:00	147.088	147.536	146.811	147.531	25	22243400000	111217
18/09/2018 16:00	147.532	147.906	147.386	147.539	25	23667400000	118337
18/09/2018 20:00	147.539	147.732	147.52	147.691	25	15955600000	79778
19/09/2018 00:00	147.691	148	147.591	147.595	25	17970600000	89853
19/09/2018 04:00	147.595	147.88	147.593	147.716	25	17276000000	86380
19/09/2018 08:00	147.716	148.518	147.634	148.265	25	21470600000	107353
19/09/2018 12:00	148.265	148.302	147.183	147.587	25	21906400000	109532
19/09/2018 16:00	147.587	147.9	147.281	147.672	25	23287800000	116439
19/09/2018 20:00	147.672	147.711	147.309	147.536	25	16295800000	81479
20/09/2018 00:00	147.526	147.611	147.411	147.571	25	19976600000	99883
20/09/2018 04:00	147.571	147.596	147.34	147.52	25	16545400000	82727
20/09/2018 08:00	147.521	148.257	147.331	148.059	25	21003800000	105019
20/09/2018 12:00	148.059	149.044	148.046	148.96	25	23842000000	119210
20/09/2018 16:00	148.96	149.159	148.704	148.977	25	23361200000	116806
20/09/2018 20:00	148.977	149.275	148.973	149.142	25	15928200000	79641
21/09/2018 00:00	149.142	149.387	149.069	149.337	25	15343000000	76715
21/09/2018 04:00	149.337	149.669	149.216	149.589	25	17575600000	87878
21/09/2018 08:00	149.589	149.702	148.826	148.89	25	21482000000	107410
21/09/2018 12:00	148.89	148.986	148.011	148.186	25	21522800000	107614
21/09/2018 16:00	148.186	148.216	146.982	147.292	25	22889800000	114449
21/09/2018 20:00	147.286	147.337	147.094	147.129	23	14158200000	70791
24/09/2018 00:00	146.963	147.363	146.961	147.349	25	12747200000	63736
24/09/2018 04:00	147.349	147.349	147.18	147.247	25	14706200000	73531
24/09/2018 08:00	147.247	147.806	146.936	147.799	25	20613800000	103069
24/09/2018 12:00	147.799	148.205	147.655	147.983	25	20884400000	104422
24/09/2018 16:00	147.983	148.29	147.612	147.831	25	23977400000	119887
24/09/2018 20:00	147.831	147.974	147.731	147.918	25	14825000000	74125
25/09/2018 00:00	147.918	148.178	147.831	148.061	25	20918200000	104591
25/09/2018 04:00	148.061	148.106	147.808	147.884	25	16501800000	82509
25/09/2018 08:00	147.883	148.503	147.799	148.341	25	23722600000	118613
25/09/2018 12:00	148.34	148.54	148.283	148.411	25	21645400000	108227
25/09/2018 16:00	148.411	148.716	148.301	148.695	25	22420800000	112104
25/09/2018 20:00	148.695	149.01	148.589	148.85	25	15587600000	77938
26/09/2018 00:00	148.85	148.929	148.727	148.761	25	16625600000	83128
26/09/2018 04:00	148.762	148.877	148.694	148.701	25	15996600000	79983
26/09/2018 08:00	148.701	148.765	148.336	148.657	25	19328000000	96640
26/09/2018 12:00	148.657	148.9	148.331	148.727	25	21542600000	107713
26/09/2018 16:00	148.726	149.084	148.594	148.8	25	22309600000	111548
26/09/2018 20:00	148.8	149.071	148.267	148.353	25	22179800000	110899
27/09/2018 00:00	148.353	148.699	148.292	148.67	25	17093400000	85467
27/09/2018 04:00	148.67	148.72	148.142	148.255	25	17152400000	85762
27/09/2018 08:00	148.254	148.295	147.586	147.942	25	23744600000	118723
27/09/2018 12:00	147.942	148.604	147.794	148.314	25	22218200000	111091
27/09/2018 16:00	148.314	148.688	148.262	148.607	25	23607400000	118037
27/09/2018 20:00	148.604	148.611	148.195	148.197	25	17167600000	85838
28/09/2018 00:00	148.197	148.389	148.147	148.346	25	16538800000	82694
28/09/2018 04:00	148.346	148.592	148.338	148.531	25	16335000000	81675
28/09/2018 08:00	148.531	148.631	147.819	148.345	25	19252200000	96261
28/09/2018 12:00	148.341	148.452	147.696	147.818	25	22420600000	112103
28/09/2018 16:00	147.818	148.222	147.529	148.005	25	22413600000	112068
28/09/2018 20:00	148.004	148.168	147.976	148.152	23	14997800000	74989
01/10/2018 00:00	148.297	148.504	148.157	148.422	25	12877200000	64386
01/10/2018 04:00	148.422	148.55	148.282	148.377	25	18016600000	90083
01/10/2018 08:00	148.378	148.87	148.324	148.794	25	23087800000	115439
01/10/2018 12:00	148.794	149.402	148.256	148.984	25	23264000000	116320
01/10/2018 16:00	148.98	149.04	148.435	148.555	25	24570600000	122853
01/10/2018 20:00	148.555	148.657	148.482	148.482	25	18016200000	90081
02/10/2018 00:00	148.482	148.708	148.464	148.569	25	19639400000	98197
02/10/2018 04:00	148.57	148.597	148.477	148.522	25	20741800000	103709
02/10/2018 08:00	148.522	148.525	147.319	147.344	25	23620200000	118101
02/10/2018 12:00	147.343	147.858	147.183	147.619	25	21552600000	107763
02/10/2018 16:00	147.619	147.748	147.295	147.608	25	23122000000	115610
02/10/2018 20:00	147.608	147.714	147.419	147.46	25	16730600000	83653
03/10/2018 00:00	147.449	147.55	147.308	147.376	25	14895800000	74479
03/10/2018 04:00	147.376	148.002	147.256	147.693	25	18421400000	92107
03/10/2018 08:00	147.693	148.205	147.682	148.177	25	22158800000	110794
03/10/2018 12:00	148.177	148.179	147.565	147.908	25	21609600000	108048
03/10/2018 16:00	147.908	148.572	147.835	148.518	25	23749000000	118745
03/10/2018 20:00	148.518	148.574	147.986	148.135	25	20131000000	100655
04/10/2018 00:00	148.135	148.274	147.841	147.957	25	15342800000	76714
04/10/2018 04:00	147.957	147.972	147.693	147.851	25	17725600000	88628
04/10/2018 08:00	147.851	148.361	147.785	148.158	25	22744000000	113720
04/10/2018 12:00	148.157	148.569	148.116	148.367	25	22597800000	112989
04/10/2018 16:00	148.362	148.624	147.896	148.035	25	25757400000	128787
04/10/2018 20:00	148.033	148.369	147.929	148.273	25	19645000000	98225
05/10/2018 00:00	148.26	149.253	148.067	148.525	25	12851800000	301564
05/10/2018 04:00	148.531	148.59	148.16	148.231	25	15609000000	78045
05/10/2018 08:00	148.231	148.747	148.067	148.361	25	19311200000	96556
05/10/2018 12:00	148.361	148.96	148.324	148.846	25	19468200000	97341
05/10/2018 16:00	148.846	149.253	148.561	148.794	25	24807000000	124035
05/10/2018 20:00	148.794	149.225	148.737	149.17	23	17566400000	87832
08/10/2018 00:00	149.222	149.47	149.031	149.335	25	19494000000	97470
08/10/2018 04:00	149.335	149.499	149.236	149.239	25	18376400000	91882
08/10/2018 08:00	149.239	149.314	147.803	147.891	25	23077800000	115389
08/10/2018 12:00	147.891	148.098	147.667	147.924	25	23064800000	115324
08/10/2018 16:00	147.925	147.996	147.499	147.65	25	25160000000	125800
08/10/2018 20:00	147.65	148.258	147.484	148.146	25	22249800000	111249
09/10/2018 00:00	148.143	148.212	147.825	147.944	25	23014800000	115074
09/10/2018 04:00	147.944	148.22	147.831	148.157	25	22118800000	110594
09/10/2018 08:00	148.156	148.375	147.695	147.811	25	23036000000	115180
09/10/2018 12:00	147.81	148.098	147.338	148.084	25	24970800000	124854
09/10/2018 16:00	148.084	148.741	147.65	148.47	25	25649400000	128247
09/10/2018 20:00	148.47	148.619	148.341	148.436	25	17960000000	89800
10/10/2018 00:00	148.436	149.292	148.024	148.702	25	16450400000	360076
10/10/2018 04:00	148.7	148.852	148.598	148.781	25	17482600000	87413
10/10/2018 08:00	148.781	149.079	148.682	148.686	25	21828000000	109140
10/10/2018 12:00	148.69	149.223	148.66	149.04	25	21709400000	108547
10/10/2018 16:00	149.04	149.292	148.532	148.88	25	26034800000	130174
10/10/2018 20:00	148.881	149.003	148.024	148.06	25	23084400000	115422
11/10/2018 00:00	148.06	148.374	147.756	148.342	25	19277000000	96385
11/10/2018 04:00	148.342	148.47	148.113	148.313	25	22645200000	113226
11/10/2018 08:00	148.313	148.366	147.936	148.071	25	23942600000	119713
11/10/2018 12:00	148.072	148.716	147.961	148.528	25	24216200000	121081
11/10/2018 16:00	148.527	148.769	147.805	148.206	25	27099200000	135496
11/10/2018 20:00	148.206	148.476	148.012	148.292	25	22616200000	113081
12/10/2018 00:00	148.282	148.531	148.21	148.494	25	16273200000	81366
12/10/2018 04:00	148.494	148.737	148.458	148.707	25	21142600000	105713
12/10/2018 08:00	148.706	148.993	148.264	148.367	25	23862000000	119310
12/10/2018 12:00	148.367	148.485	147.893	148.064	25	22131800000	110659
12/10/2018 16:00	148.064	148.196	147.152	147.33	25	25496600000	127483
12/10/2018 20:00	147.33	147.639	147.191	147.567	23	21398800000	106994
15/10/2018 00:00	146.722	147.089	146.67	146.829	25	19059000000	95295
15/10/2018 04:00	146.829	147.103	146.749	146.891	25	21329200000	106646
15/10/2018 08:00	146.89	146.944	146.5	146.639	25	24421600000	122108
15/10/2018 12:00	146.639	147.418	146.624	147.14	25	24275600000	121378
15/10/2018 16:00	147.139	147.299	146.622	147.095	25	25492400000	127462
15/10/2018 20:00	147.094	147.188	146.936	146.975	25	19933200000	99666
16/10/2018 00:00	146.967	147.213	146.821	147.165	25	14836000000	74180
16/10/2018 04:00	147.165	147.364	147.096	147.244	25	19900200000	99501
16/10/2018 08:00	147.244	148.154	147.237	147.911	25	23893400000	119467
16/10/2018 12:00	147.914	148.34	147.724	148.193	25	23104400000	115522
16/10/2018 16:00	148.193	148.393	147.72	147.911	25	24902600000	124513
16/10/2018 20:00	147.911	148.113	147.698	147.901	25	16208800000	81044
17/10/2018 00:00	147.864	148.236	147.857	148.201	25	19429400000	97147
17/10/2018 04:00	148.201	148.239	147.829	147.868	25	16315400000	81577
17/10/2018 08:00	147.869	148.084	147.309	147.469	25	23055200000	115276
17/10/2018 12:00	147.469	147.541	147.042	147.2	25	24218000000	121090
17/10/2018 16:00	147.2	147.57	147.083	147.555	25	25116400000	125582
17/10/2018 20:00	147.554	147.762	147.379	147.7	25	21334600000	106673
18/10/2018 00:00	147.689	147.749	145.798	147.565	25	17219600000	395676
18/10/2018 04:00	147.565	147.598	147.233	147.349	25	19805600000	99028
18/10/2018 08:00	147.349	147.71	147.077	147.546	25	22921400000	114607
18/10/2018 12:00	147.546	147.735	147.289	147.458	25	23300200000	116501
18/10/2018 16:00	147.458	147.505	146.228	146.283	25	26351200000	131756
18/10/2018 20:00	146.283	146.318	145.799	146.009	25	21836000000	109180
19/10/2018 00:00	146.009	146.288	145.96	146.264	25	14596400000	72982
19/10/2018 04:00	146.264	146.449	146.175	146.278	25	19913800000	99569
19/10/2018 08:00	146.278	146.673	146.257	146.533	25	24490400000	122452
19/10/2018 12:00	146.532	146.657	146.302	146.445	25	24138400000	120692
19/10/2018 16:00	146.446	147.321	146.433	146.948	25	25401200000	127006
19/10/2018 20:00	146.945	147.208	146.812	147.208	23	19097800000	95489
22/10/2018 00:00	147.103	147.145	146.655	146.79	25	16498400000	82492
22/10/2018 04:00	146.79	147.272	146.76	147.125	25	23176000000	115880
22/10/2018 08:00	147.124	147.568	147.094	147.151	25	24381800000	121909
22/10/2018 12:00	147.15	147.278	146.254	146.26	25	24677800000	123389
22/10/2018 16:00	146.26	146.542	146.039	146.167	25	25101600000	125508
22/10/2018 20:00	146.167	146.385	146.151	146.189	25	15191800000	75959
23/10/2018 00:00	146.193	146.322	146.03	146.154	25	14669600000	73348
23/10/2018 04:00	146.154	146.239	145.762	145.831	25	19335800000	96679
23/10/2018 08:00	145.831	146.145	145.459	145.812	25	24111000000	120555
23/10/2018 12:00	145.812	146.392	145.649	145.952	25	24718600000	123593
23/10/2018 16:00	145.952	145.952	145.281	145.812	25	26062000000	130310
23/10/2018 20:00	145.812	146.092	145.745	145.948	25	19032600000	95163
24/10/2018 00:00	145.948	146.012	145.823	145.954	25	15767600000	78838
24/10/2018 04:00	145.954	146.293	145.765	146.245	25	21020800000	105104
24/10/2018 08:00	146.245	146.27	145.362	145.478	25	23837800000	119189
24/10/2018 12:00	145.479	145.648	145.224	145.566	25	24350000000	121750
24/10/2018 16:00	145.567	145.652	144.852	144.999	25	43790800000	218954
24/10/2018 20:00	144.999	145	144.422	144.557	25	34410600000	172053
25/10/2018 00:00	144.551	145.022	144.003	144.283	25	29031400000	550517
25/10/2018 04:00	144.283	144.558	144.209	144.455	25	29341800000	146709
25/10/2018 08:00	144.455	145.022	144.222	144.889	25	41221400000	206107
25/10/2018 12:00	144.888	144.998	144.7	144.908	25	39041000000	195205
25/10/2018 16:00	144.908	144.909	144.077	144.38	25	46416600000	232083
25/10/2018 20:00	144.378	144.454	144.003	144.028	25	28936200000	144681
26/10/2018 00:00	144.025	144.189	143.913	144.09	25	29532000000	147660
26/10/2018 04:00	144.09	144.124	143.659	143.84	25	38195800000	190979
26/10/2018 08:00	143.84	143.914	143.461	143.606	25	42237800000	211189
26/10/2018 12:00	143.606	143.625	143.067	143.502	25	44638400000	223192
26/10/2018 16:00	143.502	143.78	142.762	143.634	25	49175200000	245876
26/10/2018 20:00	143.633	143.865	143.365	143.527	23	35815000000	179075
29/10/2018 00:00	143.464	143.714	143.394	143.449	25	33275400000	166377
29/10/2018 04:00	143.449	143.766	143.395	143.675	25	33326000000	166630
29/10/2018 08:00	143.675	143.822	143.332	143.806	25	39879400000	199397
29/10/2018 12:00	143.806	144.395	143.747	144.216	25	44503400000	222517
29/10/2018 16:00	144.216	144.312	143.792	143.972	25	42845800000	214229
29/10/2018 20:00	143.972	144.022	143.593	143.788	25	31987400000	159937
30/10/2018 00:00	143.788	144.381	143.203	144.207	25	35850000000	548437
30/10/2018 04:00	144.207	144.381	144.127	144.216	25	27930200000	139651
30/10/2018 08:00	144.217	144.34	143.782	143.977	25	36796000000	183980
30/10/2018 12:00	143.979	144.16	143.584	144.115	25	43119600000	215598
30/10/2018 16:00	144.115	144.157	143.203	143.455	25	42463800000	212319
30/10/2018 20:00	143.455	143.807	143.275	143.698	25	27026400000	135132
31/10/2018 00:00	143.698	145.122	143.607	143.876	25	23307600000	423399
31/10/2018 04:00	143.875	144.055	143.701	143.956	25	23890000000	119450
31/10/2018 08:00	143.956	144.215	143.811	144.064	25	34178400000	170892
31/10/2018 12:00	144.064	144.648	144.035	144.632	25	39766800000	198834
31/10/2018 16:00	144.632	145.122	143.855	144.168	25	41459400000	207297
31/10/2018 20:00	144.168	144.383	144.039	144.205	25	28318200000	141591
01/11/2018 00:00	144.205	146.882	144.015	145.067	25	27604800000	476651
01/11/2018 04:00	145.067	145.18	144.909	145.048	25	24848200000	124241
01/11/2018 08:00	145.047	145.829	144.884	145.81	25	36506200000	182531
01/11/2018 12:00	145.81	145.951	145.174	145.468	25	40468000000	202340
01/11/2018 16:00	145.465	146.599	145.43	146.484	25	40331200000	201656
01/11/2018 20:00	146.484	146.882	146.344	146.369	25	23042600000	115213
02/11/2018 00:00	146.369	146.702	146.271	146.404	25	24375000000	121875
02/11/2018 04:00	146.404	147.017	146.327	146.958	25	28248600000	141243
02/11/2018 08:00	146.958	147.247	146.822	146.891	25	36654000000	183270
02/11/2018 12:00	146.89	147.075	146.565	146.765	25	41864600000	209323
02/11/2018 16:00	146.765	146.875	146.501	146.693	25	41703200000	208516
02/11/2018 20:00	146.693	146.907	146.594	146.787	23	19130600000	95653
05/11/2018 00:00	147.34	147.355	146.952	146.999	25	29310800000	146554
05/11/2018 04:00	146.999	147.153	146.936	147.098	25	27287400000	136437
05/11/2018 08:00	147.098	147.438	146.848	147.302	25	32592800000	162964
05/11/2018 12:00	147.301	147.5	146.842	147.323	25	31483800000	157419
05/11/2018 16:00	147.323	147.554	147.262	147.3	25	34151800000	170759
05/11/2018 20:00	147.3	147.795	147.277	147.576	25	21441400000	107207
06/11/2018 00:00	147.57	148.689	147.289	147.875	25	24141600000	397497
06/11/2018 04:00	147.875	147.954	147.762	147.923	25	24389400000	121947
06/11/2018 08:00	147.923	148.26	147.744	147.792	25	32529000000	162645
06/11/2018 12:00	147.792	148.166	147.291	147.963	25	38310200000	191551
06/11/2018 16:00	147.963	148.485	147.94	148.462	25	37269600000	186348
06/11/2018 20:00	148.462	148.69	148.406	148.511	25	20965800000	104829
07/11/2018 00:00	148.511	149.217	148.318	148.692	25	34163200000	558252
07/11/2018 04:00	148.693	148.894	148.467	148.518	25	35095800000	175479
07/11/2018 08:00	148.518	148.846	148.325	148.828	25	37059200000	185296
07/11/2018 12:00	148.828	148.948	148.598	148.726	25	36149400000	180747
07/11/2018 16:00	148.726	149.217	148.605	149.037	25	39079600000	195398
07/11/2018 20:00	149.036	149.21	148.753	148.948	25	27997000000	139985
08/11/2018 00:00	148.948	149.207	148.917	149.103	25	50327000000	251635
08/11/2018 04:00	149.103	149.306	149.062	149.252	25	48422000000	242110
08/11/2018 08:00	149.252	149.476	148.878	149.093	25	65642800000	328214
08/11/2018 12:00	149.093	149.41	148.797	148.904	25	50409400000	252047
08/11/2018 16:00	148.904	149.396	148.752	149.171	25	37018800000	185094
08/11/2018 20:00	149.171	149.193	148.593	148.959	25	29803000000	149015
09/11/2018 00:00	148.959	149.053	147.482	148.791	25	49480000000	541710
09/11/2018 04:00	148.792	148.801	148.555	148.638	25	49296400000	246482
09/11/2018 08:00	148.638	148.638	147.856	148.124	25	67471200000	337356
09/11/2018 12:00	148.124	148.497	147.995	148.421	25	63512000000	317560
09/11/2018 16:00	148.421	148.52	147.545	147.635	25	81336600000	406683
09/11/2018 20:00	147.635	147.732	147.482	147.633	23	49536000000	247680
12/11/2018 00:00	146.981	147.565	146.981	147.446	25	35789400000	178947
12/11/2018 04:00	147.446	147.568	147.004	147.062	25	28935200000	144676
12/11/2018 08:00	147.061	147.175	146.329	146.34	25	38657800000	193289
12/11/2018 12:00	146.34	147.073	146.085	147.028	25	34726000000	173630
12/11/2018 16:00	147.028	147.248	146.06	146.209	25	38821600000	194108
12/11/2018 20:00	146.209	146.364	146.121	146.231	25	25390800000	126954
13/11/2018 00:00	146.228	148.719	145.981	146.281	25	30556600000	531867
13/11/2018 04:00	146.282	146.943	146.194	146.719	25	31027600000	155138
13/11/2018 08:00	146.719	147.428	146.492	147.058	25	35688200000	178441
13/11/2018 12:00	147.058	147.878	146.885	147.522	25	39294200000	196471
13/11/2018 16:00	147.522	148.718	147.208	147.962	25	43824000000	219120
13/11/2018 20:00	147.962	148.035	147.363	147.585	25	28937600000	144688
14/11/2018 00:00	147.566	148.414	146.309	148.172	25	68131000000	755689
14/11/2018 04:00	148.172	148.261	147.869	147.938	25	56029600000	280148
14/11/2018 08:00	147.938	148.203	147.381	147.664	25	69390800000	346954
14/11/2018 12:00	147.664	147.903	146.752	147.516	25	78072000000	390360
14/11/2018 16:00	147.516	148.345	146.774	147.14	25	91174356800	411754
14/11/2018 20:00	147.14	148.375	146.309	147.509	25	1.15849E+11	343658
15/11/2018 00:00	147.486	147.914	144.239	147.525	25	1.15676E+11	819878
15/11/2018 04:00	147.525	147.689	147.458	147.687	25	95617507200	318810
15/11/2018 08:00	147.687	147.914	144.887	144.985	25	1.66128E+11	533709
15/11/2018 12:00	144.985	145.675	144.559	144.71	25	2.27423E+11	674256
15/11/2018 16:00	144.71	145.087	144.421	144.487	25	1.13219E+11	374167
15/11/2018 20:00	144.487	145.394	144.239	145.068	25	1.53222E+11	243027
16/11/2018 00:00	145.055	145.437	144.585	145.087	25	1.20112E+11	677973
16/11/2018 04:00	145.087	145.131	144.858	145.045	25	1.28075E+11	373467
16/11/2018 08:00	145.045	145.419	144.805	145.077	25	1.86802E+11	545928
16/11/2018 12:00	145.077	145.436	144.907	145.234	25	2.05196E+11	601965
16/11/2018 16:00	145.232	145.31	144.591	144.662	25	2.31042E+11	656298
16/11/2018 20:00	144.66	144.829	144.585	144.793	23	2.13364E+11	369867
19/11/2018 00:00	144.834	144.875	144.536	144.64	25	64520241600	180527
19/11/2018 04:00	144.642	144.718	144.52	144.693	25	56080292000	147788
19/11/2018 08:00	144.693	145.31	144.582	144.981	25	86575377600	189010
19/11/2018 12:00	144.981	145.218	144.279	144.933	25	58362862400	169326
19/11/2018 16:00	144.932	145.062	144.392	144.593	25	86190850400	202537
19/11/2018 20:00	144.593	144.741	144.483	144.576	25	1.12419E+11	125349
20/11/2018 00:00	144.576	144.904	144.009	144.746	25	49853708800	376041
20/11/2018 04:00	144.746	144.808	144.613	144.678	25	54176384000	112565
20/11/2018 08:00	144.678	144.857	144.052	144.313	25	80558948800	173870
20/11/2018 12:00	144.313	144.904	144.146	144.284	25	70540275200	219435
20/11/2018 16:00	144.285	144.531	144.01	144.211	25	36379200000	242528
20/11/2018 20:00	144.214	144.263	144.012	144.167	25	23739750000	158265
21/11/2018 00:00	144.16	144.878	144.001	144.317	25	17733450000	338068
21/11/2018 04:00	144.317	144.47	144.279	144.398	25	17124000000	114160
21/11/2018 08:00	144.398	144.711	144.336	144.364	25	26546250000	176975
21/11/2018 12:00	144.364	144.878	144.289	144.405	25	31615800000	210772
21/11/2018 16:00	144.406	144.802	144.294	144.489	25	31423050000	209487
21/11/2018 20:00	144.489	144.597	144.402	144.429	25	17786550000	118577
22/11/2018 00:00	144.428	145.941	144.25	144.397	25	19018950000	317027
22/11/2018 04:00	144.397	144.519	144.37	144.509	25	14571150000	97141
22/11/2018 08:00	144.509	144.658	144.25	144.44	25	23517300000	156782
22/11/2018 12:00	144.44	145.941	144.432	145.385	25	29144400000	194296
22/11/2018 16:00	145.385	145.53	145.159	145.397	25	25261800000	168412
22/11/2018 20:00	145.395	145.559	145.294	145.399	25	21745500000	144970
23/11/2018 00:00	145.387	145.515	144.339	145.466	25	14601900000	329847
23/11/2018 04:00	145.466	145.49	145.211	145.249	25	17220000000	114800
23/11/2018 08:00	145.249	145.366	144.828	144.97	25	28979850000	193199
23/11/2018 12:00	144.97	145.008	144.446	144.619	25	32623650000	217491
23/11/2018 16:00	144.618	144.809	144.339	144.514	25	31152900000	207686
23/11/2018 20:00	144.514	144.736	144.439	144.626	25	22584150000	150561
26/11/2018 00:00	144.758	144.975	144.637	144.919	25	32464950000	216433
26/11/2018 04:00	144.919	145.157	144.897	145.113	25	28732050000	191547
26/11/2018 08:00	145.114	145.499	145.05	145.319	25	34175550000	227837
26/11/2018 12:00	145.319	145.663	145.295	145.644	25	31548000000	210320
26/11/2018 16:00	145.643	145.729	145.412	145.495	25	30803100000	205354
26/11/2018 20:00	145.497	145.623	145.409	145.468	25	20013450000	133423
27/11/2018 00:00	145.489	145.584	144.587	145.274	25	22902600000	476642
27/11/2018 04:00	145.274	145.5	145.262	145.409	25	18308100000	122054
27/11/2018 08:00	145.409	145.433	144.587	144.87	25	33242100000	221614
27/11/2018 12:00	144.87	145.112	144.673	145.084	25	32966850000	219779
27/11/2018 16:00	145.085	145.165	144.722	144.88	25	34837050000	232247
27/11/2018 20:00	144.879	145.012	144.773	144.982	25	22912350000	152749
28/11/2018 00:00	144.956	145.826	144.849	144.902	25	22859250000	445684
28/11/2018 04:00	144.902	145.171	144.885	145.145	25	20850750000	139005
28/11/2018 08:00	145.146	145.268	144.943	145.149	25	27837150000	185581
28/11/2018 12:00	145.148	145.682	145.145	145.58	25	31848600000	212324
28/11/2018 16:00	145.58	145.676	145.23	145.578	25	38660850000	257739
28/11/2018 20:00	145.577	145.825	145.499	145.756	25	27458100000	183054
29/11/2018 00:00	145.756	145.777	145.484	145.545	25	47658900000	317726
29/11/2018 04:00	145.551	145.603	145.358	145.371	25	45578400000	303856
29/11/2018 08:00	145.371	145.463	144.504	144.76	25	60012900000	400086
29/11/2018 12:00	144.76	144.828	144.581	144.682	25	66758100000	445054
29/11/2018 16:00	144.683	145.101	144.559	144.982	25	68003700000	453358
29/11/2018 20:00	144.982	145.091	144.86	145.066	25	47532150000	316881
30/11/2018 00:00	145.071	145.278	144.608	144.893	25	47863500000	598251
30/11/2018 04:00	144.893	144.994	144.853	144.918	25	50035800000	333572
30/11/2018 08:00	144.92	145.278	144.828	144.839	25	56654100000	377694
30/11/2018 12:00	144.838	144.927	144.619	144.8	25	67264800000	448432
30/11/2018 16:00	144.8	145.079	144.645	144.921	25	69989700000	466598
30/11/2018 20:00	144.921	144.954	144.608	144.789	23	51124500000	340830
03/12/2018 00:00	145.064	145.065	144.653	145.018	25	32387250000	215915
03/12/2018 04:00	145.018	145.103	144.889	145.039	25	29622600000	197484
03/12/2018 08:00	145.039	145.501	144.89	144.959	25	34619100000	230794
03/12/2018 12:00	144.959	144.978	144.17	144.183	25	32788650000	218591
03/12/2018 16:00	144.183	144.821	144.166	144.754	25	34553400000	230356
03/12/2018 20:00	144.754	144.771	144.529	144.581	25	22391850000	149279
04/12/2018 00:00	144.58	144.752	142.83	144.299	25	28103550000	549732
04/12/2018 04:00	144.299	144.377	144.042	144.1	25	29710350000	198069
04/12/2018 08:00	144.1	144.75	143.917	144.416	25	33056100000	220374
04/12/2018 12:00	144.416	144.684	144.171	144.257	25	33569700000	223798
04/12/2018 16:00	144.257	144.271	142.831	143.391	25	38604600000	257364
04/12/2018 20:00	143.39	143.575	143.184	143.393	25	29253600000	195024
05/12/2018 00:00	143.393	143.6	143.256	143.549	25	53373000000	355820
05/12/2018 04:00	143.549	143.561	143.282	143.348	25	50977500000	339850
05/12/2018 08:00	143.347	144.019	143.263	143.742	25	56989500000	379930
05/12/2018 12:00	143.742	144.525	143.739	144.291	25	57824700000	385498
05/12/2018 16:00	144.291	144.306	143.796	144.237	25	58919100000	392794
05/12/2018 20:00	144.237	144.381	144.068	144.108	25	36215700000	241438
06/12/2018 00:00	144.099	144.153	143.24	143.552	25	86331600000	990972
06/12/2018 04:00	143.552	143.61	143.24	143.334	25	82050300000	547002
06/12/2018 08:00	143.334	143.87	143.274	143.472	25	1.03249E+11	688327
06/12/2018 12:00	143.47	144.051	143.442	143.709	25	1.05502E+11	703349
06/12/2018 16:00	143.709	144.109	143.372	143.981	25	1.19334E+11	795561
06/12/2018 20:00	143.981	144.153	143.745	144.009	25	86070000000	573800
07/12/2018 00:00	144.009	144.209	143.223	143.941	25	27026700000	521673
07/12/2018 04:00	143.941	144.194	143.903	144.121	25	22402500000	149350
07/12/2018 08:00	144.12	144.153	143.654	143.94	25	29059950000	193733
07/12/2018 12:00	143.94	144.209	143.798	143.997	25	35101950000	234013
07/12/2018 16:00	143.997	144.036	143.223	143.5	25	37239300000	248262
07/12/2018 20:00	143.499	143.696	143.291	143.475	23	25634400000	170896
10/12/2018 00:00	143.031	143.27	142.968	143.149	25	27140550000	180937
10/12/2018 04:00	143.149	143.439	143.116	143.413	25	25356450000	169043
10/12/2018 08:00	143.414	143.694	143.178	143.432	25	30694950000	204633
10/12/2018 12:00	143.432	143.435	142.351	142.435	25	33082200000	220548
10/12/2018 16:00	142.437	142.905	141.16	142.1	25	37498200000	249988
10/12/2018 20:00	142.1	142.386	141.989	142.281	25	24862950000	165753
11/12/2018 00:00	142.284	142.92	141.498	142.13	25	41496300000	636159
11/12/2018 04:00	142.13	142.317	142.078	142.199	25	35817600000	238784
11/12/2018 08:00	142.199	142.92	142.14	142.602	25	56484900000	376566
11/12/2018 12:00	142.601	142.834	142.554	142.759	25	66465900000	443106
11/12/2018 16:00	142.759	142.795	141.681	141.794	25	76801800000	512012
11/12/2018 20:00	141.793	142.18	141.498	141.545	25	58129200000	387528
12/12/2018 00:00	141.542	143.435	141.483	141.927	25	84702150000	956625
12/12/2018 04:00	141.927	141.969	141.81	141.945	25	60837000000	405580
12/12/2018 08:00	141.945	142.389	141.533	142.225	25	88645950000	590973
12/12/2018 12:00	142.225	143.046	142.027	143.032	25	1.03445E+11	689632
12/12/2018 16:00	143.032	143.435	142.9	143.172	25	1.11015E+11	740100
12/12/2018 20:00	143.174	143.413	142.559	142.986	25	85328100000	568854
13/12/2018 00:00	142.986	143.182	142.721	143.126	25	89181750000	594545
13/12/2018 04:00	143.126	143.252	143.041	143.148	25	77063400000	513756
13/12/2018 08:00	143.145	143.893	143.059	143.666	25	1.16306E+11	775376
13/12/2018 12:00	143.664	143.906	143.449	143.712	25	1.18925E+11	792831
13/12/2018 16:00	143.712	143.866	143.312	143.499	25	1.39851E+11	932341
13/12/2018 20:00	143.499	143.918	143.407	143.679	25	99830250000	665535
14/12/2018 00:00	143.624	143.849	142.361	143.345	25	1.26925E+11	1119585
14/12/2018 04:00	143.345	143.374	143.218	143.32	25	96427500000	642850
14/12/2018 08:00	143.32	143.436	142.688	142.842	25	1.44089E+11	960590
14/12/2018 12:00	142.842	143.096	142.361	142.49	25	1.62348E+11	1082319
14/12/2018 16:00	142.49	142.632	142.369	142.409	25	1.64045E+11	1093636
14/12/2018 20:00	142.408	142.738	142.393	142.68	23	1.10234E+11	734890
17/12/2018 00:00	142.795	142.809	142.214	142.704	25	32032200000	213548
17/12/2018 04:00	142.704	142.81	142.688	142.788	25	31197150000	207981
17/12/2018 08:00	142.788	142.923	142.654	142.798	25	31700250000	211335
17/12/2018 12:00	142.798	143.229	142.693	142.747	25	32602050000	217347
17/12/2018 16:00	142.747	142.762	142.21	142.287	25	34558650000	230391
17/12/2018 20:00	142.287	142.423	142.143	142.318	25	26985150000	179901
18/12/2018 00:00	142.318	142.388	142.075	142.309	25	23514300000	156762
18/12/2018 04:00	142.309	142.32	142.016	142.16	25	24534150000	163561
18/12/2018 08:00	142.16	142.448	141.923	142.183	25	29630400000	197536
18/12/2018 12:00	142.183	142.647	141.981	142.451	25	32341950000	215613
18/12/2018 16:00	142.451	142.567	142.049	142.219	25	33803850000	225359
18/12/2018 20:00	142.219	142.319	142.11	142.15	25	27386850000	182579
19/12/2018 00:00	142.15	142.525	141.565	142.417	25	26962350000	573898
19/12/2018 04:00	142.417	142.45	142.051	142.239	25	25605600000	170704
19/12/2018 08:00	142.239	142.506	141.991	142.158	25	28914450000	192763
19/12/2018 12:00	142.156	142.198	141.617	141.781	25	31380000000	209200
19/12/2018 16:00	141.781	142.218	141.763	141.963	25	34431300000	229542
19/12/2018 20:00	141.963	142.132	141.565	141.813	25	33411450000	222743
20/12/2018 00:00	141.81	142.1	141.685	141.966	25	44692800000	297952
20/12/2018 04:00	141.966	141.988	141.53	141.657	25	55318500000	368790
20/12/2018 08:00	141.657	141.957	141.396	141.705	25	68139300000	454262
20/12/2018 12:00	141.703	141.998	141.36	141.433	25	70932900000	472886
20/12/2018 16:00	141.433	141.49	140.676	140.93	25	76550400000	510336
20/12/2018 20:00	140.93	141.008	140.571	140.81	25	62343300000	415622
21/12/2018 00:00	140.81	140.951	140.66	140.845	25	82765200000	551768
21/12/2018 04:00	140.845	140.958	140.711	140.95	25	84909150000	566061
21/12/2018 08:00	140.95	141.152	140.581	140.769	25	92755350000	618369
21/12/2018 12:00	140.769	140.964	140.589	140.675	25	1.10173E+11	734484
21/12/2018 16:00	140.675	141.128	140.23	140.7	25	1.17497E+11	783312
21/12/2018 20:00	140.701	140.829	140.419	140.608	23	84667950000	564453
24/12/2018 00:00	140.243	140.551	140.193	140.542	25	27336450000	182243
24/12/2018 04:00	140.542	140.807	140.502	140.739	25	26624250000	177495
24/12/2018 08:00	140.739	140.839	140.407	140.496	25	30488700000	203258
24/12/2018 12:00	140.496	140.637	140.296	140.358	25	34540950000	230273
24/12/2018 16:00	140.359	140.663	140.29	140.31	25	40098750000	267325
24/12/2018 20:00	140.31	140.46	139.928	140.101	23	9007650000	60051
26/12/2018 00:00	140.283	140.868	139.738	140.656	150	0	232842
26/12/2018 04:00	140.285	140.297	140.082	140.24	25	13238250000	88255
26/12/2018 08:00	140.24	140.419	140.157	140.302	25	26893500000	179290
26/12/2018 12:00	140.302	140.347	140.119	140.202	25	29511900000	196746
26/12/2018 16:00	140.202	140.318	139.738	140.252	25	35434200000	236228
26/12/2018 20:00	140.252	140.868	140.126	140.656	25	30152400000	201016
27/12/2018 00:00	140.657	140.926	140.428	140.479	25	34893300000	232622
27/12/2018 04:00	140.484	140.776	140.411	140.743	25	36531600000	243544
27/12/2018 08:00	140.744	140.75	139.986	140.01	25	37688850000	251259
27/12/2018 12:00	140.01	140.152	139.815	139.92	25	38569050000	257127
27/12/2018 16:00	139.92	140.314	139.712	139.814	25	39676350000	264509
27/12/2018 20:00	139.814	140.577	139.712	140.29	25	36095250000	240635
28/12/2018 00:00	140.298	140.358	140.139	140.17	25	56644050000	377627
28/12/2018 04:00	140.169	140.353	140.007	140.144	25	51665400000	344436
28/12/2018 08:00	140.144	140.16	139.484	139.566	25	59433600000	396224
28/12/2018 12:00	139.567	140.107	139.518	139.976	25	65490300000	436602
28/12/2018 16:00	139.978	140.279	139.882	140.224	25	71865000000	479100
28/12/2018 20:00	140.224	140.295	139.873	140.055	23	53607000000	357380
31/12/2018 00:00	139.909	140.252	139.849	140.073	25	19175250000	127835
31/12/2018 04:00	140.073	140.186	140.07	140.073	25	22581600000	150544
31/12/2018 08:00	140.073	140.518	140	140.321	25	28365900000	189106
31/12/2018 12:00	140.32	140.835	140.179	140.707	25	30988950000	206593
31/12/2018 16:00	140.707	140.865	139.559	139.781	25	32422200000	216148
31/12/2018 20:00	139.776	139.831	139.678	139.764	23	5564100000	37094
02/01/2019 00:00	139.3	139.476	137.267	137.27	150	0	292667
02/01/2019 04:00	139.301	139.47	139.208	139.431	25	12344700000	82298
02/01/2019 08:00	139.431	139.476	138.163	138.239	25	33790650000	225271
02/01/2019 12:00	138.239	138.401	137.428	137.69	25	35877750000	239185
02/01/2019 16:00	137.69	138.035	137.497	137.757	25	37097400000	247316
02/01/2019 20:00	137.757	137.866	137.267	137.27	25	30686100000	204574
03/01/2019 00:00	137.269	137.308	130.932	134.906	46	13600500000	100601
03/01/2019 04:00	134.906	134.906	133.853	134.179	46	11773050000	78487
03/01/2019 08:00	134.179	135.659	134.018	135.427	26	18097650000	120651
03/01/2019 12:00	135.427	135.785	134.97	135.642	26	17180100000	114534
03/01/2019 16:00	135.642	136.771	134.935	136.557	26	22953300000	153022
03/01/2019 20:00	136.556	136.563	135.679	135.892	26	14573100000	97154
04/01/2019 00:00	135.883	138.291	135.794	136.303	26	30931650000	601179
04/01/2019 04:00	136.304	137.058	136.224	136.759	25	36377700000	242518
04/01/2019 08:00	136.759	136.909	136.302	136.88	25	48946500000	326310
04/01/2019 12:00	136.88	137.143	136.736	136.915	25	53616300000	357442
04/01/2019 16:00	136.915	138.139	136.63	137.998	25	68105100000	454034
04/01/2019 20:00	137.998	138.291	137.963	138.036	23	42676950000	284513
07/01/2019 00:00	137.945	138.316	137.896	138.078	25	20485500000	136570
07/01/2019 04:00	138.078	138.092	137.704	137.916	25	19727550000	131517
07/01/2019 08:00	137.916	138.097	137.602	137.941	25	20396400000	135976
07/01/2019 12:00	137.941	138.368	137.78	138.307	25	19572150000	130481
07/01/2019 16:00	138.307	138.759	138.151	138.72	25	27285750000	181905
07/01/2019 20:00	138.72	138.923	138.518	138.878	25	16125750000	107505
08/01/2019 00:00	138.878	139.424	137.962	138.567	25	16257150000	395919
08/01/2019 04:00	138.567	139.077	138.542	138.833	25	16670700000	111138
08/01/2019 08:00	138.833	139.424	138.773	138.982	25	21469350000	143129
08/01/2019 12:00	138.982	138.983	138.465	138.64	25	23161800000	154412
08/01/2019 16:00	138.64	138.788	137.962	138.148	25	27354900000	182366
08/01/2019 20:00	138.148	138.379	138.028	138.22	25	14822100000	98814
09/01/2019 00:00	138.22	138.625	138.18	138.561	25	19148250000	127655
09/01/2019 04:00	138.558	138.846	138.553	138.689	25	15824850000	105499
09/01/2019 08:00	138.689	139.095	138.544	138.88	25	21806400000	145376
09/01/2019 12:00	138.88	138.926	138.44	138.496	25	22782750000	151885
09/01/2019 16:00	138.496	138.724	137.747	138.369	25	32296350000	215309
09/01/2019 20:00	138.369	138.587	138.158	138.302	25	22975950000	153173
10/01/2019 00:00	138.297	138.518	137.434	138.04	25	43722750000	597512
10/01/2019 04:00	138.04	138.091	137.875	137.98	25	32085000000	213900
10/01/2019 08:00	137.979	138.059	137.583	137.955	25	44040900000	293606
10/01/2019 12:00	137.955	138.118	137.434	138.07	25	47129100000	314194
10/01/2019 16:00	138.07	138.357	137.69	138.202	25	57396000000	382640
10/01/2019 20:00	138.202	138.339	137.991	138.198	25	35269350000	235129
11/01/2019 00:00	138.203	139.474	137.626	138.253	25	59572050000	694514
11/01/2019 04:00	138.261	138.307	138.091	138.191	25	46849050000	312327
11/01/2019 08:00	138.191	138.354	137.626	138.145	25	61129800000	407532
11/01/2019 12:00	138.145	139.141	138.09	138.751	25	78911700000	526078
11/01/2019 16:00	138.751	139.461	138.556	139.395	25	88154700000	587698
11/01/2019 20:00	139.395	139.474	139.252	139.32	23	42181800000	281212
14/01/2019 00:00	139.403	139.557	139.079	139.11	25	14247900000	94986
14/01/2019 04:00	139.111	139.182	138.795	138.913	25	14066400000	93776
14/01/2019 08:00	138.913	139.071	138.59	138.786	25	21143850000	140959
14/01/2019 12:00	138.786	139.217	138.644	138.967	25	26215500000	174770
14/01/2019 16:00	138.967	140.04	138.822	139.43	25	25303050000	168687
14/01/2019 20:00	139.43	139.523	139.056	139.056	25	12910650000	86071
15/01/2019 00:00	139.056	140.04	138.946	139.815	25	17773200000	118488
15/01/2019 04:00	139.815	140.42	139.778	140.396	25	15026700000	100178
15/01/2019 08:00	140.396	140.417	139.443	139.676	25	15646350000	104309
15/01/2019 12:00	139.676	139.773	139.079	139.246	26	13670400000	91136
15/01/2019 16:00	139.246	139.332	138.22	138.267	26	15864450000	105763
15/01/2019 20:00	138.267	140.046	137.346	139.714	26	14325450000	95503
16/01/2019 00:00	139.683	140.691	138.975	139.164	26	10286700000	273252
16/01/2019 04:00	139.164	139.639	139.108	139.567	26	7744050000	51627
16/01/2019 08:00	139.566	140.056	139.285	139.849	25	17427450000	116183
16/01/2019 12:00	139.848	140.229	139.663	139.801	26	12096900000	80646
16/01/2019 16:00	139.802	140.308	139.762	140.044	26	13446750000	89645
16/01/2019 20:00	140.043	140.691	139.859	140.48	26	10636800000	70912
17/01/2019 00:00	140.489	142.205	139.494	140.304	28	11704800000	284242
17/01/2019 04:00	140.303	140.389	140.205	140.29	29	6759000000	45060
17/01/2019 08:00	140.29	140.29	139.494	140.034	26	12225150000	81501
17/01/2019 12:00	140.035	140.564	139.995	140.546	26	12865950000	85773
17/01/2019 16:00	140.546	141.343	140.383	141.239	26	13894350000	92629
17/01/2019 20:00	141.239	142.205	141.234	141.849	26	11116200000	74108
18/01/2019 00:00	141.853	142.046	141.549	142	26	11782200000	78548
18/01/2019 04:00	142	142.069	141.776	141.892	27	6598950000	43993
18/01/2019 08:00	141.892	141.994	141.574	141.756	26	9967800000	66452
18/01/2019 12:00	141.756	141.84	141.392	141.47	26	10661700000	71078
18/01/2019 16:00	141.47	141.751	141.189	141.529	26	14360100000	95734
18/01/2019 20:00	141.529	141.583	141.075	141.31	23	8283300000	55222
21/01/2019 00:00	141.149	141.305	140.778	140.885	29	13917150000	92781
21/01/2019 04:00	140.885	141.156	140.867	140.965	26	10620750000	70805
21/01/2019 08:00	140.964	141.074	140.669	140.754	26	10198050000	67987
21/01/2019 12:00	140.754	141.282	140.698	141.027	26	9339000000	62260
21/01/2019 16:00	141.028	141.517	140.861	141.373	26	9250950000	61673
21/01/2019 20:00	141.378	141.408	141.244	141.342	26	14078550000	93857
22/01/2019 00:00	141.348	141.923	140.609	141.274	26	9303600000	214553
22/01/2019 04:00	141.274	141.311	140.805	140.857	26	8891700000	59278
22/01/2019 08:00	140.857	141.407	140.609	141.344	26	11049750000	73665
22/01/2019 12:00	141.344	141.523	141.021	141.405	26	11134200000	74228
22/01/2019 16:00	141.405	141.919	141.267	141.711	26	12608850000	84059
22/01/2019 20:00	141.711	141.753	141.435	141.669	26	9155850000	61039
23/01/2019 00:00	141.669	142.047	141.554	142.004	26	8923500000	59490
23/01/2019 04:00	142.004	142.276	141.851	141.93	26	7105950000	47373
23/01/2019 08:00	141.93	142.585	141.828	142.395	26	10760100000	71734
23/01/2019 12:00	142.395	143.154	142.233	143.124	26	11724300000	78162
23/01/2019 16:00	143.124	143.546	142.918	143.013	26	12811800000	85412
23/01/2019 20:00	143.015	143.295	142.959	143.207	26	6465150000	43101
24/01/2019 00:00	143.162	143.536	142.696	143.198	26	9946950000	231961
24/01/2019 04:00	143.198	143.309	143.075	143.303	29	5842800000	38952
24/01/2019 08:00	143.302	143.425	142.878	143.165	26	10898400000	72656
24/01/2019 12:00	143.165	143.225	142.696	142.806	26	11047950000	73653
24/01/2019 16:00	142.806	143.06	142.721	142.744	26	13139250000	87595
24/01/2019 20:00	142.744	143.235	142.706	143.221	26	7290300000	48602
25/01/2019 00:00	143.205	144.829	143.077	143.764	26	11695500000	265328
25/01/2019 04:00	143.764	144.213	143.751	144.119	28	7156950000	47713
25/01/2019 08:00	144.118	144.144	143.521	143.638	26	11734050000	78227
25/01/2019 12:00	143.639	144.047	143.385	143.825	26	10628100000	70854
25/01/2019 16:00	143.824	144.686	143.75	144.613	26	13932750000	92885
25/01/2019 20:00	144.613	144.829	144.464	144.575	23	8314350000	55429
28/01/2019 00:00	144.392	144.715	144.21	144.386	26	11391900000	75946
28/01/2019 04:00	144.386	144.476	144.144	144.184	29	7390050000	49267
28/01/2019 08:00	144.185	144.262	143.81	143.933	26	10190550000	67937
28/01/2019 12:00	143.933	144.295	143.751	144.027	26	9406950000	62713
28/01/2019 16:00	144.027	144.051	143.586	143.868	26	13079700000	87198
28/01/2019 20:00	143.868	143.989	143.767	143.859	26	7621500000	50810
29/01/2019 00:00	143.869	144.471	142.723	143.559	27	10803300000	270972
29/01/2019 04:00	143.559	143.777	143.533	143.773	26	5526750000	36845
29/01/2019 08:00	143.773	144.185	143.387	144.096	27	9680100000	64534
29/01/2019 12:00	144.096	144.47	143.82	144.404	26	11245950000	74973
29/01/2019 16:00	144.404	144.451	143.447	143.675	26	13227750000	88185
29/01/2019 20:00	143.676	144.008	142.723	142.908	26	11728200000	78188
30/01/2019 00:00	142.902	143.585	142.722	143.059	27	9116400000	218124
30/01/2019 04:00	143.059	143.228	142.969	143.091	28	5878050000	39187
30/01/2019 08:00	143.09	143.462	142.8	143.339	26	10246350000	68309
30/01/2019 12:00	143.337	143.435	143.121	143.286	26	9351750000	62345
30/01/2019 16:00	143.29	143.585	143.003	143.045	26	9903750000	66025
30/01/2019 20:00	143.045	143.379	142.722	142.981	26	11788650000	78591
31/01/2019 00:00	142.982	143.198	142.231	142.841	26	9977550000	216309
31/01/2019 04:00	142.843	143.05	142.684	142.729	32	5769900000	38466
31/01/2019 08:00	142.73	143.002	142.338	142.387	27	9969000000	66460
31/01/2019 12:00	142.393	142.789	142.281	142.403	26	10657950000	71053
31/01/2019 16:00	142.403	143.197	142.231	142.777	26	12428400000	82856
31/01/2019 20:00	142.777	142.883	142.587	142.639	28	6249150000	41661
01/02/2019 00:00	142.643	143.484	142.062	142.551	28	9177300000	213268
01/02/2019 04:00	142.552	142.681	142.324	142.623	29	5716350000	38109
01/02/2019 08:00	142.623	142.849	142.071	142.073	26	8777400000	58516
01/02/2019 12:00	142.073	142.426	142.062	142.337	26	9807000000	65380
01/02/2019 16:00	142.337	143.484	142.292	143.334	26	12900750000	86005
01/02/2019 20:00	143.334	143.35	143.124	143.203	23	5848800000	38992
04/02/2019 00:00	143.006	143.35	142.977	143.274	27	13206900000	88046
04/02/2019 04:00	143.274	143.519	143.225	143.472	26	6888150000	45921
04/02/2019 08:00	143.472	143.858	143.368	143.524	26	9738900000	64926
04/02/2019 12:00	143.524	143.581	143.325	143.578	26	8751750000	58345
04/02/2019 16:00	143.578	144.158	143.323	143.349	26	11427900000	76186
04/02/2019 20:00	143.35	143.416	143.187	143.232	26	5136150000	34241
05/02/2019 00:00	143.208	143.55	142.023	143.432	26	8633850000	191902
05/02/2019 04:00	143.432	143.443	143.117	143.171	27	4312650000	28751
05/02/2019 08:00	143.171	143.548	143.108	143.176	26	7565400000	50436
05/02/2019 12:00	143.176	143.221	142.646	142.663	26	9047700000	60318
05/02/2019 16:00	142.663	142.738	142.023	142.287	26	11448300000	76322
05/02/2019 20:00	142.287	142.492	142.246	142.364	27	5647050000	37647
06/02/2019 00:00	142.362	142.504	141.741	142.475	26	9027750000	201768
06/02/2019 04:00	142.475	142.504	142.035	142.166	26	6394800000	42632
06/02/2019 08:00	142.166	142.264	141.741	142.153	26	8535450000	56903
06/02/2019 12:00	142.153	142.333	141.986	142.297	26	8268300000	55122
06/02/2019 16:00	142.297	142.435	142.073	142.134	26	9265950000	61773
06/02/2019 20:00	142.134	142.324	142.116	142.183	26	6293550000	41957
07/02/2019 00:00	142.187	142.368	141.887	141.99	26	9186750000	61245
07/02/2019 04:00	141.99	142.242	141.875	142.182	26	5045700000	33638
07/02/2019 08:00	142.176	142.262	141.812	141.99	26	8351100000	55674
07/02/2019 12:00	141.989	142.366	141.113	142.355	25	19350750000	129005
07/02/2019 16:00	142.355	142.616	142.149	142.326	25	27580950000	183873
07/02/2019 20:00	142.323	142.444	142.172	142.195	25	16207200000	108048
08/02/2019 00:00	142.174	142.507	141.838	142.058	25	17641650000	270620
08/02/2019 04:00	142.058	142.173	141.922	142.109	25	12473700000	83158
08/02/2019 08:00	142.109	142.19	141.888	142.033	25	17991600000	119944
08/02/2019 12:00	142.033	142.507	142.03	142.379	25	20483250000	136555
08/02/2019 16:00	142.379	142.437	141.838	141.863	25	23494050000	156627
08/02/2019 20:00	141.863	142.097	141.862	142.065	23	11891850000	79279
11/02/2019 00:00	141.881	142.105	141.862	142.02	25	17362500000	115750
11/02/2019 04:00	142.02	142.227	141.999	142.223	25	16750350000	111669
11/02/2019 08:00	142.223	142.547	141.943	142.208	25	24098250000	160655
11/02/2019 12:00	142.208	142.476	142.075	142.255	25	27184350000	181229
11/02/2019 16:00	142.255	142.34	141.851	141.93	25	25920000000	172800
11/02/2019 20:00	141.93	142.011	141.862	141.882	25	16062900000	107086
12/02/2019 00:00	141.882	142.625	141.808	142.138	25	25846200000	377139
12/02/2019 04:00	142.138	142.341	141.997	142.208	25	19968900000	133126
12/02/2019 08:00	142.208	142.499	141.937	142.009	25	21936150000	146241
12/02/2019 12:00	142.009	142.273	141.861	142.225	25	21213150000	141421
12/02/2019 16:00	142.225	142.477	142.199	142.426	25	24584700000	163898
12/02/2019 20:00	142.426	142.625	142.383	142.395	25	13824750000	92165
13/02/2019 00:00	142.395	143.322	142.339	142.627	25	17468700000	310834
13/02/2019 04:00	142.627	142.877	142.602	142.867	25	13746150000	91641
13/02/2019 08:00	142.867	142.945	142.56	142.615	25	21659400000	144396
13/02/2019 12:00	142.615	143.322	142.481	142.929	25	23636700000	157578
13/02/2019 16:00	142.931	143.028	142.459	142.536	25	24093900000	160626
13/02/2019 20:00	142.536	142.713	142.491	142.568	25	12715950000	84773
14/02/2019 00:00	142.57	143.021	141.281	142.626	25	15796800000	342313
14/02/2019 04:00	142.627	142.953	142.601	142.865	25	13149900000	87666
14/02/2019 08:00	142.864	143.021	142.291	142.432	25	21669150000	144461
14/02/2019 12:00	142.432	142.598	141.831	141.87	25	24554250000	163695
14/02/2019 16:00	141.87	141.878	141.281	141.592	25	30314850000	202099
14/02/2019 20:00	141.592	141.62	141.302	141.419	25	14893200000	99288
15/02/2019 00:00	141.427	142.39	140.997	141.149	25	20067600000	356978
15/02/2019 04:00	141.151	141.215	141.056	141.212	25	13035300000	86902
15/02/2019 08:00	141.212	141.56	140.997	141.434	25	22128750000	147525
15/02/2019 12:00	141.433	141.766	141.397	141.614	25	25893750000	172625
15/02/2019 16:00	141.614	142.373	141.402	142.269	25	28669650000	191131
15/02/2019 20:00	142.269	142.39	142.226	142.369	23	16045650000	106971
18/02/2019 00:00	142.491	142.71	142.482	142.679	25	22583100000	150554
18/02/2019 04:00	142.68	142.8	142.626	142.663	25	18283650000	121891
18/02/2019 08:00	142.663	142.945	142.567	142.739	25	22198800000	147992
18/02/2019 12:00	142.739	143.013	142.667	142.842	25	20833650000	138891
18/02/2019 16:00	142.842	143.001	142.789	142.891	25	19911300000	132742
18/02/2019 20:00	142.892	143.013	142.877	142.894	25	30955350000	206369
19/02/2019 00:00	142.885	144.689	142.467	142.617	25	15880500000	310313
19/02/2019 04:00	142.617	142.779	142.467	142.727	25	15046200000	100308
19/02/2019 08:00	142.721	143.241	142.693	143.095	25	19997700000	133318
19/02/2019 12:00	143.095	143.503	142.897	143.3	25	22668600000	151124
19/02/2019 16:00	143.3	144.45	143.224	144.329	25	28525800000	190172
19/02/2019 20:00	144.329	144.689	144.279	144.47	25	15657000000	104380
20/02/2019 00:00	144.47	145.03	144.355	144.951	25	17652000000	117680
20/02/2019 04:00	144.951	144.951	144.56	144.724	25	13647150000	90981
20/02/2019 08:00	144.724	144.786	144.362	144.443	25	20825850000	138839
20/02/2019 12:00	144.443	144.477	144.112	144.425	25	21708150000	144721
20/02/2019 16:00	144.425	144.956	144.323	144.821	25	25874400000	172496
20/02/2019 20:00	144.822	145.032	144.488	144.641	25	18699150000	124661
21/02/2019 00:00	144.641	144.916	144.068	144.258	25	16426800000	336877
21/02/2019 04:00	144.258	144.659	144.243	144.265	25	17661600000	117744
21/02/2019 08:00	144.266	144.906	144.176	144.636	25	25023300000	166822
21/02/2019 12:00	144.636	144.916	144.318	144.784	25	24504750000	163365
21/02/2019 16:00	144.784	144.817	144.281	144.444	25	26523150000	176821
21/02/2019 20:00	144.444	144.47	144.225	144.327	25	14615550000	97437
22/02/2019 00:00	144.327	144.732	143.771	144.313	25	19552950000	324818
22/02/2019 04:00	144.313	144.415	144.265	144.348	25	13482000000	89880
22/02/2019 08:00	144.348	144.5	144.232	144.286	25	19922550000	132817
22/02/2019 12:00	144.285	144.417	143.771	143.824	25	22822050000	152147
22/02/2019 16:00	143.823	144.732	143.783	144.489	25	27346800000	182312
22/02/2019 20:00	144.489	144.624	144.363	144.494	23	15277950000	101853
25/02/2019 00:00	144.647	144.855	144.312	144.62	25	22271400000	148476
25/02/2019 04:00	144.62	144.67	144.444	144.589	25	21535800000	143572
25/02/2019 08:00	144.589	144.883	144.519	144.783	25	23216550000	154777
25/02/2019 12:00	144.783	144.999	144.628	144.775	25	21584100000	143894
25/02/2019 16:00	144.775	145.657	144.681	145.46	25	28240800000	188272
25/02/2019 20:00	145.457	145.656	145.332	145.422	25	15333000000	102220
26/02/2019 00:00	145.425	147.048	145.353	145.607	25	17230800000	375551
26/02/2019 04:00	145.606	145.656	145.392	145.442	25	15372750000	102485
26/02/2019 08:00	145.442	146.157	145.397	146.09	25	22631550000	150877
26/02/2019 12:00	146.091	146.728	145.853	145.875	25	28257900000	188386
26/02/2019 16:00	145.875	147.048	145.628	146.707	25	29539050000	196927
26/02/2019 20:00	146.707	146.79	146.489	146.52	25	16557600000	110384
27/02/2019 00:00	146.519	148.035	146.154	146.525	25	17202450000	350121
27/02/2019 04:00	146.525	146.547	146.405	146.459	25	19115250000	127435
27/02/2019 08:00	146.459	146.693	146.154	146.653	25	24831150000	165541
27/02/2019 12:00	146.653	147.516	146.585	147.375	25	26065800000	173772
27/02/2019 16:00	147.375	148.035	147.329	147.563	25	30090300000	200602
27/02/2019 20:00	147.563	147.783	147.557	147.686	25	15047100000	100314
28/02/2019 00:00	147.689	148.256	146.972	147.602	25	13905900000	329188
28/02/2019 04:00	147.602	147.639	147.395	147.419	25	14721450000	98143
28/02/2019 08:00	147.419	147.457	146.972	147.348	25	24071100000	160474
28/02/2019 12:00	147.347	147.627	147.133	147.579	25	24808500000	165390
28/02/2019 16:00	147.579	148.256	147.292	147.665	25	29853450000	199023
28/02/2019 20:00	147.665	147.873	147.642	147.702	25	16317300000	108782
01/03/2019 00:00	147.698	148.559	147.503	148.079	25	13668450000	315559
01/03/2019 04:00	148.079	148.208	148.013	148.069	25	12913650000	86091
01/03/2019 08:00	148.069	148.34	148.046	148.186	25	21275700000	141838
01/03/2019 12:00	148.186	148.206	147.833	147.942	25	24471600000	163144
01/03/2019 16:00	147.942	148.559	147.807	147.84	25	29257350000	195049
01/03/2019 20:00	147.84	147.952	147.503	147.749	23	18264600000	121764
04/03/2019 00:00	148.023	148.24	147.867	148.229	25	23158200000	154388
04/03/2019 04:00	148.229	148.292	148.074	148.101	25	17976600000	119844
04/03/2019 08:00	148.101	148.299	147.982	148.104	25	26645700000	177638
04/03/2019 12:00	148.104	148.138	147.425	147.827	25	24533400000	163556
04/03/2019 16:00	147.827	147.839	147.112	147.251	25	26890650000	179271
04/03/2019 20:00	147.251	147.298	147.093	147.238	25	15219150000	101461
05/03/2019 00:00	147.227	147.776	146.587	147.264	25	17970450000	343029
05/03/2019 04:00	147.264	147.396	147.148	147.272	25	15526500000	103510
05/03/2019 08:00	147.271	147.776	147.176	147.63	25	20943900000	139626
05/03/2019 12:00	147.63	147.651	146.587	146.781	25	23904600000	159364
05/03/2019 16:00	146.782	147.324	146.648	147.187	25	27061800000	180412
05/03/2019 20:00	147.187	147.447	147.183	147.431	25	15193500000	101290
06/03/2019 00:00	147.419	147.419	146.681	146.945	25	16677000000	313910
06/03/2019 04:00	146.945	147.058	146.681	146.858	25	14453850000	96359
06/03/2019 08:00	146.859	147.168	146.711	147.059	25	19448850000	129659
06/03/2019 12:00	147.06	147.147	146.774	146.851	25	22224150000	148161
06/03/2019 16:00	146.851	147.165	146.685	147.031	25	27185700000	181238
06/03/2019 20:00	147.031	147.29	146.957	147.179	25	16085250000	107235
07/03/2019 00:00	147.159	147.268	145.775	147.068	25	14709900000	315927
07/03/2019 04:00	147.068	147.264	147.062	147.23	25	14075700000	93838
07/03/2019 08:00	147.23	147.268	146.925	147.045	25	19719000000	131460
07/03/2019 12:00	147.044	147.048	146.443	146.545	25	24402300000	162682
07/03/2019 16:00	146.545	146.716	146.009	146.534	25	29844450000	198963
07/03/2019 20:00	146.533	146.535	145.775	145.935	25	18688050000	124587
08/03/2019 00:00	145.935	146.169	145.801	145.902	25	16474350000	109829
08/03/2019 04:00	145.902	146.07	145.303	145.378	25	17263950000	115093
08/03/2019 08:00	145.378	145.576	145.118	145.39	25	21846750000	145645
08/03/2019 12:00	145.391	145.498	144.914	145.035	25	24163650000	161091
08/03/2019 16:00	145.035	145.496	144.304	144.447	25	29058300000	193722
08/03/2019 20:00	144.447	144.708	144.342	144.696	23	14671200000	97808
11/03/2019 00:00	144.257	144.407	143.71	144.104	25	21675750000	144505
11/03/2019 04:00	144.103	144.242	143.974	144.216	25	15549150000	103661
11/03/2019 08:00	144.218	144.843	144.097	144.315	25	22654650000	151031
11/03/2019 12:00	144.317	145.449	144.283	145.396	25	26392950000	175953
11/03/2019 16:00	145.392	146.488	145.173	146.183	25	26653050000	177687
11/03/2019 20:00	146.185	146.679	145.973	146.664	25	20093250000	133955
12/03/2019 00:00	146.664	147.79	146.629	147.227	25	20326350000	135509
12/03/2019 04:00	147.227	147.271	146.971	146.999	25	11995200000	79968
12/03/2019 08:00	146.999	147.447	146.818	147.053	25	22364550000	149097
12/03/2019 12:00	147.052	147.075	144.568	146.122	25	29973150000	199821
12/03/2019 16:00	146.121	146.123	145.259	145.483	25	24336750000	162245
12/03/2019 20:00	145.484	146.292	145.182	145.545	25	19899150000	132661
13/03/2019 00:00	145.545	145.66	145.351	145.484	25	16206000000	108040
13/03/2019 04:00	145.484	145.821	145.437	145.803	25	14395050000	95967
13/03/2019 08:00	145.803	146.519	145.646	146.184	25	20470050000	136467
13/03/2019 12:00	146.184	146.883	146.143	146.807	25	23334750000	155565
13/03/2019 16:00	146.807	147.166	146.65	146.853	25	24657150000	164381
13/03/2019 20:00	146.853	148.713	146.715	148.102	25	23405850000	156039
14/03/2019 00:00	148.104	148.861	147.373	147.766	25	18541200000	381827
14/03/2019 04:00	147.763	148.048	147.678	147.829	25	16912350000	112749
14/03/2019 08:00	147.829	148.861	147.744	148.091	25	24406650000	162711
14/03/2019 12:00	148.091	148.365	147.374	147.738	25	28886700000	192578
14/03/2019 16:00	147.74	148.451	147.5	148.124	25	24487650000	163251
14/03/2019 20:00	148.124	148.438	147.558	148.021	25	19159050000	127727
15/03/2019 00:00	148.018	148.366	147.412	148.037	25	16199400000	306016
15/03/2019 04:00	148.037	148.092	147.683	147.764	25	15934350000	106229
15/03/2019 08:00	147.764	148.075	147.412	148.042	25	22125150000	147501
15/03/2019 12:00	148.04	148.272	147.635	147.969	25	25503900000	170026
15/03/2019 16:00	147.969	148.366	147.795	148.106	25	24165600000	161104
15/03/2019 20:00	148.106	148.236	147.97	148.175	23	10147950000	67653
18/03/2019 00:00	148.19	148.357	148.152	148.227	25	17551950000	117013
18/03/2019 04:00	148.228	148.376	148.045	148.162	25	17038350000	113589
18/03/2019 08:00	148.162	148.299	147.575	147.74	25	24645750000	164305
18/03/2019 12:00	147.74	148.016	147.401	147.485	25	24877950000	165853
18/03/2019 16:00	147.484	147.825	146.996	147.441	25	22961250000	153075
18/03/2019 20:00	147.445	147.689	147.32	147.58	25	11912850000	79419
19/03/2019 00:00	147.58	147.799	147.509	147.643	25	15127050000	100847
19/03/2019 04:00	147.643	147.756	147.533	147.641	25	16245750000	108305
19/03/2019 08:00	147.64	147.826	147.531	147.696	25	17517600000	116784
19/03/2019 12:00	147.696	148.043	147.572	147.625	25	23448300000	156322
19/03/2019 16:00	147.625	147.985	147.545	147.759	25	22267950000	148453
19/03/2019 20:00	147.759	147.871	147.635	147.756	25	10613700000	70758
20/03/2019 00:00	147.758	148.076	145.868	147.957	25	13721250000	316619
20/03/2019 04:00	147.957	148.016	147.829	147.853	25	11834700000	78898
20/03/2019 08:00	147.853	147.919	147.416	147.51	25	20221050000	134807
20/03/2019 12:00	147.51	147.777	146.548	146.877	25	24467850000	163119
20/03/2019 16:00	146.878	147.3	146.727	146.863	24	25334250000	168895
20/03/2019 20:00	146.855	147.082	145.868	145.941	24	24966900000	166446
21/03/2019 00:00	145.941	146.383	144.125	146.304	25	19877400000	414606
21/03/2019 04:00	146.304	146.332	145.778	146.003	25	14908350000	99389
21/03/2019 08:00	146.003	146.102	145.034	145.505	24	24354900000	162366
21/03/2019 12:00	145.503	145.748	144.846	145.687	24	30335550000	202237
21/03/2019 16:00	145.687	145.871	144.123	144.768	24	32811600000	218744
21/03/2019 20:00	144.769	145.491	144.55	145.309	24	19050450000	127003
22/03/2019 00:00	145.312	145.74	144.522	145.378	25	17384700000	423894
22/03/2019 04:00	145.378	145.628	145.37	145.613	25	17403750000	116025
22/03/2019 08:00	145.613	145.74	144.522	144.755	24	28998600000	193324
22/03/2019 12:00	144.755	145.418	144.682	145.056	24	32289600000	215264
22/03/2019 16:00	145.055	145.37	144.809	145.243	24	32462400000	216416
22/03/2019 20:00	145.243	145.428	145.033	145.172	23	14101800000	94012
25/03/2019 00:00	145.28	145.496	144.657	144.861	25	21242550000	141617
25/03/2019 04:00	144.861	145.249	144.78	145.102	25	19210950000	128073
25/03/2019 08:00	145.102	145.633	144.701	145.204	24	30034050000	200227
25/03/2019 12:00	145.204	145.786	144.981	145.394	24	28181400000	187876
25/03/2019 16:00	145.393	145.704	144.725	144.749	24	28830450000	192203
25/03/2019 20:00	144.749	145.214	144.623	145.091	24	19009200000	126728
26/03/2019 00:00	145.091	146.449	145.004	145.338	25	15686850000	369186
26/03/2019 04:00	145.338	145.398	145.055	145.157	24	14659950000	97733
26/03/2019 08:00	145.157	145.805	145.004	145.722	24	24572100000	163814
26/03/2019 12:00	145.721	146.449	145.592	146.284	24	29282100000	195214
26/03/2019 16:00	146.284	146.408	145.846	146.036	24	26994150000	179961
26/03/2019 20:00	146.036	146.196	145.897	146.058	24	17826600000	118844
27/03/2019 00:00	146.058	146.497	145.295	145.739	25	17920350000	437543
27/03/2019 04:00	145.739	145.889	145.534	145.835	24	15631500000	104210
27/03/2019 08:00	145.835	146.091	145.567	145.827	24	23980200000	159868
27/03/2019 12:00	145.827	146.394	145.585	145.955	24	31657200000	211048
27/03/2019 16:00	145.955	146.253	145.514	146.041	24	31605000000	210700
27/03/2019 20:00	146.041	146.496	145.295	145.34	24	21718050000	144787
28/03/2019 00:00	145.339	145.646	144.148	145.18	25	44018550000	608917
28/03/2019 04:00	145.18	145.404	145.145	145.226	24	31607700000	210718
28/03/2019 08:00	145.226	145.339	144.511	144.925	24	51275700000	341838
28/03/2019 12:00	144.925	145.214	144.499	144.825	24	61906800000	412712
28/03/2019 16:00	144.825	145.148	144.235	144.51	24	61002000000	406680
28/03/2019 20:00	144.51	144.512	144.148	144.326	24	34470600000	229804
29/03/2019 00:00	144.323	145.475	143.811	144.72	25	49885650000	617782
29/03/2019 04:00	144.721	144.861	144.6	144.742	24	42192000000	281280
29/03/2019 08:00	144.742	144.761	144.061	144.264	24	70284600000	468564
29/03/2019 12:00	144.263	145.475	144.157	144.848	24	89178750000	594525
29/03/2019 16:00	144.847	144.863	143.811	143.911	24	85927950000	572853
29/03/2019 20:00	143.911	144.515	143.869	144.483	23	37967850000	253119
01/04/2019 00:00	144.747	144.816	144.377	144.599	25	16089750000	107265
01/04/2019 04:00	144.599	144.845	144.554	144.793	25	20633550000	137557
01/04/2019 08:00	144.793	145.41	144.789	145.3	24	27735450000	184903
01/04/2019 12:00	145.297	145.64	145.205	145.486	24	26754150000	178361
01/04/2019 16:00	145.486	146.338	145.355	146.16	24	27338850000	182259
01/04/2019 20:00	146.16	146.307	145.893	145.893	24	14986650000	99911
02/04/2019 00:00	145.893	146.432	144.923	145.576	25	18211800000	399462
02/04/2019 04:00	145.578	145.602	145.377	145.474	25	17526900000	116846
02/04/2019 08:00	145.474	145.673	145.098	145.267	24	24694950000	164633
02/04/2019 12:00	145.267	145.577	144.923	145.131	24	25262100000	168414
02/04/2019 16:00	145.131	145.659	144.972	145.597	24	28784700000	191898
02/04/2019 20:00	145.597	146.432	145.51	146.114	24	19889550000	132597
03/04/2019 00:00	146.093	147.182	146.006	146.358	25	18353850000	380526
03/04/2019 04:00	146.358	146.551	146.235	146.341	25	17338350000	115589
03/04/2019 08:00	146.341	147.182	146.26	146.867	24	27107100000	180714
03/04/2019 12:00	146.869	146.969	146.661	146.762	24	26349900000	175666
03/04/2019 16:00	146.762	146.982	146.178	146.787	24	28128000000	187520
03/04/2019 20:00	146.787	146.907	146.463	146.657	24	16973400000	113156
04/04/2019 00:00	146.632	146.948	145.67	146.887	25	15770850000	329996
04/04/2019 04:00	146.887	146.912	146.667	146.699	25	15448950000	102993
04/04/2019 08:00	146.699	146.949	146.563	146.641	24	22093950000	147293
04/04/2019 12:00	146.641	146.659	146.27	146.333	24	25194750000	167965
04/04/2019 16:00	146.333	146.366	145.67	145.914	24	28967100000	193114
04/04/2019 20:00	145.914	146.009	145.705	145.936	24	16089750000	107265
05/04/2019 00:00	145.95	146.54	145.094	146.116	25	16914450000	315310
05/04/2019 04:00	146.116	146.294	146.014	146.261	25	13056450000	87043
05/04/2019 08:00	146.26	146.54	146.087	146.091	24	21338850000	142259
05/04/2019 12:00	146.091	146.206	145.545	145.652	24	22668900000	151126
05/04/2019 16:00	145.652	145.728	145.094	145.408	24	25885650000	172571
05/04/2019 20:00	145.408	145.636	145.354	145.629	23	12813900000	85426
08/04/2019 00:00	145.526	145.647	145.356	145.478	25	16986300000	113242
08/04/2019 04:00	145.478	145.576	145.342	145.535	25	19189050000	127927
08/04/2019 08:00	145.535	145.632	145.364	145.5	24	22657350000	151049
08/04/2019 12:00	145.5	145.568	145.333	145.415	24	23142450000	154283
08/04/2019 16:00	145.415	145.64	145.091	145.539	24	22846050000	152307
08/04/2019 20:00	145.539	145.767	145.53	145.548	24	13343400000	88956
09/04/2019 00:00	145.548	146.047	144.773	145.509	25	14760750000	298614
09/04/2019 04:00	145.509	145.666	145.444	145.58	25	13679100000	91194
09/04/2019 08:00	145.58	146.047	145.258	145.934	24	21332100000	142214
09/04/2019 12:00	145.934	145.984	144.981	145.024	24	22725750000	151505
09/04/2019 16:00	145.024	145.165	144.797	144.838	24	24913200000	166088
09/04/2019 20:00	144.838	145.142	144.773	144.969	24	14064300000	93762
10/04/2019 00:00	144.969	145.7	144.828	145.043	25	12748050000	278418
10/04/2019 04:00	145.043	145.152	144.966	145.092	25	14371500000	95810
10/04/2019 08:00	145.092	145.422	145.092	145.198	24	19799550000	131997
10/04/2019 12:00	145.198	145.7	145.174	145.356	24	23933100000	159554
10/04/2019 16:00	145.356	145.418	144.948	145.368	24	26232300000	174882
10/04/2019 20:00	145.368	145.446	145.142	145.25	24	16496850000	109979
11/04/2019 00:00	145.243	145.94	145.017	145.454	25	15873600000	310290
11/04/2019 04:00	145.454	145.583	145.359	145.54	25	13846650000	92311
11/04/2019 08:00	145.54	145.687	145.115	145.308	24	22205550000	148037
11/04/2019 12:00	145.308	145.608	145.287	145.574	24	20253900000	135026
11/04/2019 16:00	145.574	145.94	145.525	145.772	24	25708500000	171390
11/04/2019 20:00	145.774	145.841	145.687	145.715	24	12675900000	84506
12/04/2019 00:00	145.705	147.003	145.675	145.961	25	17016450000	301519
12/04/2019 04:00	145.961	146.174	145.894	146.08	25	13302450000	88683
12/04/2019 08:00	146.08	146.342	145.976	146.292	24	18315750000	122105
12/04/2019 12:00	146.292	146.972	146.167	146.877	24	23530050000	156867
12/04/2019 16:00	146.878	147.003	146.481	146.601	24	24249000000	161660
12/04/2019 20:00	146.601	146.636	146.352	146.475	23	12981150000	86541
15/04/2019 00:00	146.327	146.69	146.324	146.555	25	16851900000	112346
15/04/2019 04:00	146.555	146.747	146.498	146.56	25	15317400000	102116
15/04/2019 08:00	146.56	146.722	146.341	146.645	24	21094050000	140627
15/04/2019 12:00	146.645	146.943	146.536	146.896	24	20473800000	136492
15/04/2019 16:00	146.896	146.985	146.669	146.757	24	22110750000	147405
15/04/2019 20:00	146.757	146.766	146.545	146.696	24	13224000000	88160
16/04/2019 00:00	146.681	146.745	146	146.672	25	15555750000	313461
16/04/2019 04:00	146.672	146.677	146.367	146.537	25	13654500000	91030
16/04/2019 08:00	146.537	146.598	146.305	146.498	24	20251500000	135010
16/04/2019 12:00	146.498	146.602	146.118	146.269	24	23916750000	159445
16/04/2019 16:00	146.269	146.416	146	146.168	24	25298850000	168659
16/04/2019 20:00	146.168	146.234	146.077	146.1	24	12958950000	86393
17/04/2019 00:00	146.082	146.289	145.827	146.185	25	12230100000	235990
17/04/2019 04:00	146.185	146.238	145.967	146.159	25	13664550000	91097
17/04/2019 08:00	146.159	146.289	145.972	146.02	24	18140100000	120934
17/04/2019 12:00	146.019	146.211	145.913	145.971	24	21270000000	141800
17/04/2019 16:00	145.971	146.143	145.827	145.959	24	22107750000	147385
17/04/2019 20:00	145.959	146.168	145.927	146.038	24	13005600000	86704
18/04/2019 00:00	146.038	146.103	145.917	145.998	25	11857500000	79050
18/04/2019 04:00	145.998	146.039	145.839	145.921	25	14083800000	93892
18/04/2019 08:00	145.92	146.003	145.456	145.653	24	22898550000	152657
18/04/2019 12:00	145.653	145.661	145.465	145.571	24	25069350000	167129
18/04/2019 16:00	145.572	145.673	145.322	145.331	24	23968500000	159790
18/04/2019 20:00	145.332	145.432	145.277	145.298	24	12141900000	80946
19/04/2019 00:00	145.3	145.586	145.245	145.418	25	22500000000	483319
19/04/2019 04:00	145.418	145.476	145.325	145.465	25	29309400000	195396
19/04/2019 08:00	145.465	145.493	145.383	145.47	24	35124300000	234162
19/04/2019 12:00	145.47	145.568	145.4	145.432	24	36859650000	245731
19/04/2019 16:00	145.432	145.524	145.412	145.458	24	37562400000	250416
19/04/2019 20:00	145.458	145.586	145.245	145.586	23	33329700000	222198
22/04/2019 00:00	145.292	145.467	145.237	145.417	25	14102550000	94017
22/04/2019 04:00	145.417	145.499	145.34	145.421	25	15170250000	101135
22/04/2019 08:00	145.421	145.479	145.358	145.382	24	14763150000	98421
22/04/2019 12:00	145.382	145.413	145.23	145.236	24	13641300000	90942
22/04/2019 16:00	145.236	145.37	145.206	145.331	24	19973550000	133157
22/04/2019 20:00	145.331	145.354	145.253	145.259	24	13941150000	92941
23/04/2019 00:00	145.259	145.327	144.978	144.996	25	12992700000	86618
23/04/2019 04:00	144.996	145.284	144.971	145.276	25	13516350000	90109
23/04/2019 08:00	145.276	145.393	145.189	145.316	24	19606050000	130707
23/04/2019 12:00	145.316	145.616	145.012	145.081	24	22012500000	146750
23/04/2019 16:00	145.081	145.14	144.662	144.72	24	26330400000	175536
23/04/2019 20:00	144.72	144.751	144.576	144.692	24	13805100000	92034
24/04/2019 00:00	144.689	144.835	144.586	144.807	25	18167100000	121114
24/04/2019 04:00	144.807	144.882	144.567	144.664	25	15012150000	100081
24/04/2019 08:00	144.664	144.679	144.388	144.628	24	19943250000	132955
24/04/2019 12:00	144.628	144.891	144.591	144.874	24	21821700000	145478
24/04/2019 16:00	144.874	144.876	144.588	144.608	24	24101850000	160679
24/04/2019 20:00	144.61	145.011	144.541	144.715	24	17081400000	113876
25/04/2019 00:00	144.715	144.878	144.488	144.745	25	18059550000	120397
25/04/2019 04:00	144.744	144.779	144.478	144.549	25	15531150000	103541
25/04/2019 08:00	144.549	144.578	144.121	144.233	24	21332850000	142219
25/04/2019 12:00	144.233	144.258	143.996	144.133	24	26257050000	175047
25/04/2019 16:00	144.133	144.203	143.773	144.006	24	27648450000	184323
25/04/2019 20:00	144.006	144.054	143.86	144.003	24	14550450000	97003
26/04/2019 00:00	144.005	144.447	143.76	143.972	25	16268700000	279003
26/04/2019 04:00	143.972	144.202	143.932	144.114	25	18368400000	122456
26/04/2019 08:00	144.114	144.284	144.077	144.193	24	21162150000	141081
26/04/2019 12:00	144.193	144.371	144.128	144.294	24	25189500000	167930
26/04/2019 16:00	144.294	144.447	144.114	144.343	24	28963500000	193090
26/04/2019 20:00	144.343	144.366	144.125	144.173	23	15742800000	104952
29/04/2019 00:00	144.059	144.708	144.059	144.241	25	8078100000	169482
29/04/2019 04:00	144.241	144.451	144.218	144.411	25	12498300000	83322
29/04/2019 08:00	144.411	144.708	144.387	144.67	24	18691200000	124608
29/04/2019 12:00	144.671	144.703	144.262	144.5	24	23503950000	156693
29/04/2019 16:00	144.5	144.642	144.376	144.632	24	23489700000	156598
29/04/2019 20:00	144.632	144.695	144.389	144.421	24	14115000000	94100
30/04/2019 00:00	144.421	144.484	144.313	144.484	25	15943200000	106288
30/04/2019 04:00	144.484	144.484	144.256	144.339	25	14312100000	95414
30/04/2019 08:00	144.339	144.584	144.038	144.509	24	23543250000	156955
30/04/2019 12:00	144.509	145.082	144.509	145.054	24	26076150000	173841
30/04/2019 16:00	145.054	145.373	144.965	145.216	24	28210950000	188073
30/04/2019 20:00	145.216	145.337	145.16	145.241	24	16206300000	108042
01/05/2019 00:00	145.241	145.347	145.169	145.324	25	11951850000	79679
01/05/2019 04:00	145.324	145.482	145.311	145.424	25	10560450000	70403
01/05/2019 08:00	145.423	145.689	145.398	145.542	24	16496400000	109976
01/05/2019 12:00	145.542	145.648	145.411	145.58	24	20755200000	138368
01/05/2019 16:00	145.58	145.604	145.36	145.427	24	21570150000	143801
01/05/2019 20:00	145.427	145.663	145.354	145.373	24	24234300000	161562
02/05/2019 00:00	145.375	145.62	145.21	145.619	25	13531650000	90211
02/05/2019 04:00	145.618	145.756	145.576	145.601	25	15595950000	103973
02/05/2019 08:00	145.601	145.863	145.441	145.596	24	22099950000	147333
02/05/2019 12:00	145.596	145.884	145.219	145.43	24	26035650000	173571
02/05/2019 16:00	145.431	145.528	145.079	145.207	24	28539300000	190262
02/05/2019 20:00	145.208	145.364	145.144	145.273	24	15421650000	102811
03/05/2019 00:00	145.269	146.496	144.797	145.258	25	17541750000	305990
03/05/2019 04:00	145.258	145.388	145.222	145.299	25	14085450000	93903
03/05/2019 08:00	145.299	145.355	145.119	145.136	24	21796200000	145308
03/05/2019 12:00	145.137	145.243	144.797	145.192	24	26922600000	179484
03/05/2019 16:00	145.192	146.496	145.02	146.215	24	32494650000	216631
03/05/2019 20:00	146.217	146.379	146.202	146.377	23	20062650000	133751
06/05/2019 00:00	145.382	145.928	144.985	145.002	25	23666550000	157777
06/05/2019 04:00	145.002	145.415	144.982	145.409	25	25355550000	169037
06/05/2019 08:00	145.409	145.442	145.099	145.109	24	27144600000	180964
06/05/2019 12:00	145.109	145.288	145.066	145.143	24	29017200000	193448
06/05/2019 16:00	145.143	145.247	145.023	145.125	24	30741600000	204944
06/05/2019 20:00	145.125	145.329	144.985	145.045	24	23978100000	159854
07/05/2019 00:00	145.038	145.356	143.855	145.079	25	24407850000	380377
07/05/2019 04:00	145.079	145.311	145.017	145.204	25	23810250000	158735
07/05/2019 08:00	145.204	145.356	144.74	144.773	24	29383950000	195893
07/05/2019 12:00	144.773	144.898	144.415	144.415	24	25984500000	173230
07/05/2019 16:00	144.415	144.431	143.899	144.062	24	31621500000	210810
07/05/2019 20:00	144.062	144.23	143.855	144.108	24	23357400000	155716
08/05/2019 00:00	144.111	144.168	143.88	143.973	25	15330450000	102203
08/05/2019 04:00	143.973	144.046	143.638	143.746	25	21580500000	143870
08/05/2019 08:00	143.746	143.948	143.538	143.646	24	24859050000	165727
08/05/2019 12:00	143.646	143.66	143.03	143.233	24	29641050000	197607
08/05/2019 16:00	143.234	143.393	143.056	143.229	24	32413950000	216093
08/05/2019 20:00	143.229	143.284	143.107	143.179	24	17647800000	117652
09/05/2019 00:00	143.179	143.238	142.891	143.049	24	18650400000	124336
09/05/2019 04:00	143.051	143.175	142.869	143.039	25	18725700000	124838
09/05/2019 08:00	143.039	143.172	142.22	142.51	24	26694450000	177963
09/05/2019 12:00	142.51	142.754	142.502	142.574	24	25933650000	172891
09/05/2019 16:00	142.573	143.074	142.292	142.943	24	33114150000	220761
09/05/2019 20:00	142.943	143.051	142.711	142.776	24	22764000000	151760
10/05/2019 00:00	142.776	143.061	142.701	142.925	25	18947550000	126317
10/05/2019 04:00	142.925	143.231	142.678	142.678	25	25753500000	171690
10/05/2019 08:00	142.678	143.059	142.501	142.848	24	26593350000	177289
10/05/2019 12:00	142.848	143.11	142.681	142.85	24	27859500000	185730
10/05/2019 16:00	142.85	142.956	142.656	142.866	24	31784250000	211895
10/05/2019 20:00	142.865	143.123	142.851	142.971	23	23556900000	157046
13/05/2019 00:00	142.599	142.838	142.565	142.709	25	18870450000	125803
13/05/2019 04:00	142.709	142.838	142.691	142.786	25	21765900000	145106
13/05/2019 08:00	142.786	142.859	142.516	142.639	24	26499450000	176663
13/05/2019 12:00	142.639	142.858	142.157	142.219	24	27892800000	185952
13/05/2019 16:00	142.219	142.291	141.245	141.298	24	34487100000	229914
13/05/2019 20:00	141.298	141.849	141.194	141.611	24	24825300000	165502
14/05/2019 00:00	141.61	142.167	141.353	141.868	25	21587850000	331534
14/05/2019 04:00	141.869	142.167	141.805	142.094	25	24315000000	162100
14/05/2019 08:00	142.093	142.122	141.724	141.993	24	24800700000	165338
14/05/2019 12:00	141.993	142.134	141.524	141.627	24	25573800000	170492
14/05/2019 16:00	141.626	141.772	141.388	141.626	24	30790200000	205268
14/05/2019 20:00	141.626	141.66	141.409	141.409	24	22764450000	151763
15/05/2019 00:00	141.408	141.57	141.339	141.483	25	23365800000	155772
15/05/2019 04:00	141.483	141.631	141.381	141.573	25	18928200000	126188
15/05/2019 08:00	141.573	141.635	141.261	141.278	24	23048100000	153654
15/05/2019 12:00	141.275	141.407	140.345	140.496	24	29354400000	195696
15/05/2019 16:00	140.496	141.131	140.194	140.766	24	34417650000	229451
15/05/2019 20:00	140.766	140.818	140.644	140.724	24	22242300000	148282
16/05/2019 00:00	140.724	140.782	140.192	140.608	25	17865900000	285345
16/05/2019 04:00	140.608	140.748	140.42	140.657	25	22355250000	149035
16/05/2019 08:00	140.657	140.735	140.192	140.613	24	25249800000	168332
16/05/2019 12:00	140.613	140.701	140.386	140.422	24	27246300000	181642
16/05/2019 16:00	140.421	140.782	140.371	140.55	24	29420700000	196138
16/05/2019 20:00	140.55	140.612	140.471	140.521	24	21548700000	143658
17/05/2019 00:00	140.521	140.607	140.456	140.573	25	16955850000	113039
17/05/2019 04:00	140.573	140.672	140.268	140.335	25	22584450000	150563
17/05/2019 08:00	140.335	140.335	140.018	140.104	24	26115450000	174103
17/05/2019 12:00	140.102	140.135	139.537	139.774	24	29325300000	195502
17/05/2019 16:00	139.774	140.097	139.714	139.959	24	32766600000	218444
17/05/2019 20:00	139.959	140.23	139.878	139.966	23	25902900000	172686
20/05/2019 00:00	140.134	140.398	139.984	140.397	25	18171600000	121144
20/05/2019 04:00	140.397	140.519	140.257	140.34	25	25548000000	170320
20/05/2019 08:00	140.34	140.5	140.122	140.201	24	28874700000	192498
20/05/2019 12:00	140.201	140.39	139.909	139.979	24	27674250000	184495
20/05/2019 16:00	139.979	140.151	139.689	139.897	24	31387050000	209247
20/05/2019 20:00	139.897	140.046	139.853	140.013	24	19833750000	132225
21/05/2019 00:00	140.013	140.196	139.959	140.175	25	16693350000	111289
21/05/2019 04:00	140.175	140.355	140.129	140.17	25	20679150000	137861
21/05/2019 08:00	140.17	140.182	139.64	139.777	24	25732800000	171552
21/05/2019 12:00	139.78	140.864	139.679	140.79	24	27978600000	186524
21/05/2019 16:00	140.79	141.72	140.514	140.847	24	28100550000	187337
21/05/2019 20:00	140.847	140.913	140.298	140.367	24	15459000000	103060
22/05/2019 00:00	140.367	140.522	140.29	140.486	25	19096200000	127308
22/05/2019 04:00	140.486	140.693	140.344	140.408	25	15614100000	104094
22/05/2019 08:00	140.408	140.456	139.749	139.812	24	22372950000	149153
22/05/2019 12:00	139.812	140.042	139.566	139.666	24	23569500000	157130
22/05/2019 16:00	139.666	139.939	139.306	139.729	24	27270750000	181805
22/05/2019 20:00	139.729	139.985	139.605	139.697	24	17131950000	114213
23/05/2019 00:00	139.696	139.772	139.427	139.458	25	14682300000	97882
23/05/2019 04:00	139.458	139.552	139.312	139.508	25	14749950000	98333
23/05/2019 08:00	139.507	139.508	138.869	139.043	24	23996700000	159978
23/05/2019 12:00	139.043	139.267	138.936	139.043	24	25119000000	167460
23/05/2019 16:00	139.043	139.159	138.696	138.826	24	31702350000	211349
23/05/2019 20:00	138.826	138.868	138.517	138.703	24	18930150000	126201
24/05/2019 00:00	138.703	138.897	138.594	138.862	25	13998750000	93325
24/05/2019 04:00	138.862	138.93	138.623	138.708	25	15374700000	102498
24/05/2019 08:00	138.708	139.002	138.633	138.966	24	21406650000	142711
24/05/2019 12:00	138.966	139.481	138.498	138.735	24	28448850000	189659
24/05/2019 16:00	138.735	139.177	138.616	139.031	24	30657600000	204384
24/05/2019 20:00	139.031	139.222	138.885	138.934	23	18838650000	125591
27/05/2019 00:00	139.046	139.357	138.965	139.327	24	16055700000	107038
27/05/2019 04:00	139.327	139.438	139.243	139.372	24	24461100000	163074
27/05/2019 08:00	139.371	139.632	139.095	139.107	24	29540850000	196939
27/05/2019 12:00	139.107	139.142	138.716	138.809	24	26703450000	178023
27/05/2019 16:00	138.809	138.898	138.668	138.885	24	24337500000	162250
27/05/2019 20:00	138.887	138.911	138.776	138.82	24	26732250000	178215
28/05/2019 00:00	138.82	139	138.731	138.938	24	23097750000	153985
28/05/2019 04:00	138.938	138.952	138.629	138.82	24	25161600000	167744
28/05/2019 08:00	138.82	139.002	138.28	138.387	24	32436300000	216242
28/05/2019 12:00	138.389	138.736	138.326	138.653	24	29907900000	199386
28/05/2019 16:00	138.651	138.947	138.611	138.733	24	32779500000	218530
28/05/2019 20:00	138.733	138.748	138.305	138.356	24	23989350000	159929
29/05/2019 00:00	138.355	138.576	137.86	138.294	24	17558250000	341332
29/05/2019 04:00	138.294	138.488	138.245	138.272	24	20457600000	136384
29/05/2019 08:00	138.272	138.411	137.947	138.113	24	29167950000	194453
29/05/2019 12:00	138.113	138.443	137.86	138.375	24	28419450000	189463
29/05/2019 16:00	138.375	138.576	137.866	138.003	24	34162200000	227748
29/05/2019 20:00	138.003	138.468	138.001	138.352	24	26074650000	173831
30/05/2019 00:00	138.352	138.469	138.208	138.235	24	21507000000	143380
30/05/2019 04:00	138.235	138.614	138.216	138.571	24	19702500000	131350
30/05/2019 08:00	138.571	138.726	138.436	138.514	24	25507650000	170051
30/05/2019 12:00	138.514	138.626	138.365	138.38	24	25905750000	172705
30/05/2019 16:00	138.38	138.666	138.149	138.329	24	30442500000	202950
30/05/2019 20:00	138.329	138.383	138.045	138.171	24	24424200000	162828
31/05/2019 00:00	138.171	138.213	137.734	137.77	24	22261200000	148408
31/05/2019 04:00	137.769	137.952	137.369	137.429	24	25760700000	171738
31/05/2019 08:00	137.429	137.476	137.204	137.221	24	30090600000	200604
31/05/2019 12:00	137.221	137.245	136.623	136.885	24	31758000000	211720
31/05/2019 16:00	136.885	137.284	136.726	137.035	25	34414650000	229431
31/05/2019 20:00	137.035	137.096	136.731	136.785	23	27955800000	186372
03/06/2019 00:00	136.729	136.981	136.674	136.949	25	18123150000	120821
03/06/2019 04:00	136.949	136.961	136.608	136.608	25	25926900000	172846
03/06/2019 08:00	136.608	137.045	136.608	136.874	25	31507200000	210048
03/06/2019 12:00	136.874	137.114	136.623	136.834	25	28406550000	189377
03/06/2019 16:00	136.836	137.06	136.679	136.795	25	33187050000	221247
03/06/2019 20:00	136.795	136.977	136.712	136.836	25	30770400000	205136
04/06/2019 00:00	136.835	136.868	136.645	136.681	25	18410400000	122736
04/06/2019 04:00	136.681	136.823	136.548	136.699	25	26989200000	179928
04/06/2019 08:00	136.698	136.961	136.665	136.79	25	30081900000	200546
04/06/2019 12:00	136.79	137.232	136.777	137.225	25	31565550000	210437
04/06/2019 16:00	137.226	137.461	137.014	137.3	25	33570600000	223804
04/06/2019 20:00	137.3	137.387	137.157	137.286	25	26015100000	173434
05/06/2019 00:00	137.282	137.512	137.256	137.361	25	15304350000	102029
05/06/2019 04:00	137.361	137.405	137.227	137.319	25	21783600000	145224
05/06/2019 08:00	137.319	137.774	137.19	137.614	25	27554250000	183695
05/06/2019 12:00	137.614	137.757	137.352	137.454	25	31258500000	208390
05/06/2019 16:00	137.454	137.674	137.349	137.459	25	35340000000	235600
05/06/2019 20:00	137.459	137.659	137.457	137.56	25	24678450000	164523
06/06/2019 00:00	137.56	137.57	137.28	137.418	25	18411750000	122745
06/06/2019 04:00	137.418	137.429	137.254	137.277	25	21017700000	140118
06/06/2019 08:00	137.277	137.388	136.98	137.158	25	25467600000	169784
06/06/2019 12:00	137.158	137.687	137.087	137.503	25	30525450000	203503
06/06/2019 16:00	137.502	137.734	137.364	137.507	25	33880200000	225868
06/06/2019 20:00	137.507	137.798	137.446	137.541	25	27011250000	180075
07/06/2019 00:00	137.541	137.737	137.496	137.631	25	16173000000	107820
07/06/2019 04:00	137.631	137.755	137.554	137.699	25	19348650000	128991
07/06/2019 08:00	137.697	137.994	137.588	137.965	25	25576950000	170513
07/06/2019 12:00	137.965	138.156	137.573	137.606	25	27397800000	182652
07/06/2019 16:00	137.606	137.889	137.472	137.815	25	34870800000	232472
07/06/2019 20:00	137.815	137.889	137.719	137.819	23	27234450000	181563
10/06/2019 00:00	138.027	138.169	137.874	137.94	25	19115850000	127439
10/06/2019 04:00	137.94	138.107	137.905	138.091	25	25170150000	167801
10/06/2019 08:00	138.091	138.247	137.777	137.815	25	28386150000	189241
10/06/2019 12:00	137.815	137.871	137.471	137.471	25	28332450000	188883
10/06/2019 16:00	137.471	137.749	137.471	137.726	25	30594300000	203962
10/06/2019 20:00	137.726	137.817	137.533	137.534	25	25060350000	167069
11/06/2019 00:00	137.534	137.648	137.488	137.63	25	16986600000	113244
11/06/2019 04:00	137.63	137.788	137.615	137.709	25	20311200000	135408
11/06/2019 08:00	137.71	138.113	137.581	138.087	25	26854500000	179030
11/06/2019 12:00	138.087	138.315	137.999	138.188	25	30310350000	202069
11/06/2019 16:00	138.188	138.228	137.937	138.023	25	34321950000	228813
11/06/2019 20:00	138.025	138.091	137.925	138.018	25	24247350000	161649
12/06/2019 00:00	138.018	138.138	137.921	138.057	25	18912150000	126081
12/06/2019 04:00	138.057	138.074	137.885	138.001	25	22836750000	152245
12/06/2019 08:00	138.001	138.049	137.778	137.921	25	26723400000	178156
12/06/2019 12:00	137.92	138.225	137.842	138.076	25	27328650000	182191
12/06/2019 16:00	138.076	138.233	137.548	137.662	25	29283300000	195222
12/06/2019 20:00	137.662	137.709	137.595	137.657	25	17583150000	117221
13/06/2019 00:00	137.649	137.772	137.089	137.695	25	16961700000	337533
13/06/2019 04:00	137.695	137.715	137.315	137.529	25	21524700000	143498
13/06/2019 08:00	137.529	137.529	137.089	137.318	25	24061500000	160410
13/06/2019 12:00	137.318	137.759	137.317	137.663	25	20571750000	137145
13/06/2019 16:00	137.663	137.772	137.382	137.49	25	21689250000	144595
13/06/2019 20:00	137.488	137.519	137.273	137.273	25	13083150000	87221
14/06/2019 00:00	137.3	137.414	136.501	137.322	25	13115850000	310540
14/06/2019 04:00	137.322	137.372	137.219	137.31	25	11398800000	75992
14/06/2019 08:00	137.31	137.328	136.937	137.039	25	17609100000	117394
14/06/2019 12:00	137.038	137.046	136.648	136.882	25	22408650000	149391
14/06/2019 16:00	136.882	136.924	136.501	136.711	25	29601600000	197344
14/06/2019 20:00	136.711	136.737	136.533	136.673	23	16575000000	110500
17/06/2019 00:00	136.469	136.844	136.43	136.795	25	15144600000	100964
17/06/2019 04:00	136.795	136.859	136.727	136.767	25	17632650000	117551
17/06/2019 08:00	136.767	136.822	136.475	136.669	25	22692150000	151281
17/06/2019 12:00	136.666	136.924	136.612	136.783	25	20068500000	133790
17/06/2019 16:00	136.784	136.803	136.302	136.33	25	19293450000	128623
17/06/2019 20:00	136.328	136.346	135.977	135.988	25	11132700000	74218
18/06/2019 00:00	135.985	136.238	135.366	136.08	25	9664800000	299038
18/06/2019 04:00	136.08	136.115	135.532	135.788	25	12905550000	86037
18/06/2019 08:00	135.788	135.805	135.516	135.707	25	23173950000	154493
18/06/2019 12:00	135.708	135.792	135.366	135.543	25	29083950000	193893
18/06/2019 16:00	135.543	136.166	135.373	136.124	25	30383550000	202557
18/06/2019 20:00	136.124	136.238	136.033	136.148	25	16231200000	108208
19/06/2019 00:00	136.148	136.995	135.766	136.363	25	13236900000	316485
19/06/2019 04:00	136.363	136.441	136.043	136.057	25	18912750000	126085
19/06/2019 08:00	136.057	136.312	135.766	136.281	25	24579000000	163860
19/06/2019 12:00	136.281	136.678	136.24	136.587	25	26760150000	178401
19/06/2019 16:00	136.587	136.987	136.557	136.88	25	25697100000	171314
19/06/2019 20:00	136.88	136.995	136.626	136.632	25	27215850000	181439
20/06/2019 00:00	136.632	137.167	136.183	136.423	25	17318250000	446498
20/06/2019 04:00	136.423	136.644	136.363	136.475	25	22144200000	147628
20/06/2019 08:00	136.475	137.112	136.46	137.003	25	28599600000	190664
20/06/2019 12:00	137.002	137.167	136.365	136.563	25	29182200000	194548
20/06/2019 16:00	136.563	136.716	136.183	136.366	25	31161750000	207745
20/06/2019 20:00	136.365	136.436	136.207	136.244	25	20878350000	139189
21/06/2019 00:00	136.244	136.827	135.933	136.421	25	13553550000	408676
21/06/2019 04:00	136.421	136.459	136.005	136.011	25	19330650000	128871
21/06/2019 08:00	136.011	136.538	135.977	136.158	25	28032450000	186883
21/06/2019 12:00	136.158	136.229	135.933	136.084	25	28775250000	191835
21/06/2019 16:00	136.085	136.753	136.015	136.564	25	30854700000	205698
21/06/2019 20:00	136.564	136.827	136.56	136.766	23	22070550000	147137
24/06/2019 00:00	136.544	136.897	136.544	136.827	25	17809500000	118730
24/06/2019 04:00	136.827	136.986	136.79	136.965	25	22534050000	150227
24/06/2019 08:00	136.965	137.118	136.638	136.657	25	26769450000	178463
24/06/2019 12:00	136.657	136.968	136.615	136.697	25	25103850000	167359
24/06/2019 16:00	136.695	136.734	136.477	136.701	25	26493900000	176626
24/06/2019 20:00	136.701	136.782	136.651	136.664	25	16356600000	109044
25/06/2019 00:00	136.655	136.833	135.796	136.726	25	16671750000	395712
25/06/2019 04:00	136.726	136.748	136.129	136.184	25	22919850000	152799
25/06/2019 08:00	136.183	136.833	136.179	136.634	25	25857750000	172385
25/06/2019 12:00	136.634	136.728	136.222	136.245	25	23310450000	155403
25/06/2019 16:00	136.245	136.249	135.796	136.098	25	27676800000	184512
25/06/2019 20:00	136.098	136.191	135.901	135.901	25	24511800000	163412
26/06/2019 00:00	135.901	136.215	135.736	136.163	25	17185200000	114568
26/06/2019 04:00	136.163	136.348	136.102	136.215	25	19037550000	126917
26/06/2019 08:00	136.215	136.284	135.993	136.149	25	23161350000	154409
26/06/2019 12:00	136.148	136.828	136.143	136.379	25	28238100000	188254
26/06/2019 16:00	136.379	136.734	136.33	136.698	25	27050100000	180334
26/06/2019 20:00	136.698	136.884	136.611	136.718	25	20746350000	138309
27/06/2019 00:00	136.718	136.791	136.592	136.699	25	11864550000	79097
27/06/2019 04:00	136.699	137.108	136.685	137.053	25	19528350000	130189
27/06/2019 08:00	137.053	137.321	136.879	137.041	25	25413450000	169423
27/06/2019 12:00	137.041	137.268	136.904	137.106	25	28031850000	186879
27/06/2019 16:00	137.106	137.16	136.448	136.585	25	26951850000	179679
27/06/2019 20:00	136.586	136.653	136.404	136.556	25	17739300000	118262
28/06/2019 00:00	136.569	137.193	136.261	136.478	25	15453600000	331053
28/06/2019 04:00	136.479	136.561	136.261	136.377	25	17747250000	118315
28/06/2019 08:00	136.376	136.601	136.311	136.463	25	22124700000	147498
28/06/2019 12:00	136.463	136.934	136.377	136.901	25	23856150000	159041
28/06/2019 16:00	136.901	137.192	136.831	136.941	25	27586050000	183907
28/06/2019 20:00	136.941	137.034	136.787	136.885	23	19803450000	132023
01/07/2019 00:00	137.293	137.779	137.227	137.327	25	20944650000	139631
01/07/2019 04:00	137.327	137.512	137.168	137.458	25	21860700000	145738
01/07/2019 08:00	137.458	137.533	136.806	136.846	25	29527200000	196848
01/07/2019 12:00	136.846	137.229	136.728	137.104	25	28663500000	191090
01/07/2019 16:00	137.104	137.215	136.801	137.054	25	29117250000	194115
01/07/2019 20:00	137.054	137.124	136.989	137.068	25	19033650000	126891
02/07/2019 00:00	137.024	137.124	135.839	137.08	25	16618650000	317085
02/07/2019 04:00	137.08	137.124	136.817	136.968	25	21044400000	140296
02/07/2019 08:00	136.967	137.072	136.463	136.53	25	26192550000	174617
02/07/2019 12:00	136.53	136.805	136.443	136.606	25	27187350000	181249
02/07/2019 16:00	136.605	136.752	135.889	136.076	25	28217250000	188115
02/07/2019 20:00	136.076	136.076	135.839	135.839	25	19105650000	127371
03/07/2019 00:00	135.815	135.908	135.563	135.588	25	14942550000	99617
03/07/2019 04:00	135.589	135.601	135.406	135.479	25	19224150000	128161
03/07/2019 08:00	135.479	135.546	135.16	135.448	25	22808850000	152059
03/07/2019 12:00	135.449	135.543	135.276	135.429	25	23705400000	158036
03/07/2019 16:00	135.429	135.675	135.311	135.583	25	26960700000	179738
03/07/2019 20:00	135.583	135.697	135.461	135.461	25	10963650000	73091
04/07/2019 00:00	135.447	135.704	135.394	135.548	25	12238200000	196238
04/07/2019 04:00	135.548	135.695	135.515	135.654	25	13443750000	89625
04/07/2019 08:00	135.654	135.704	135.483	135.619	25	17320650000	115471
04/07/2019 12:00	135.619	135.638	135.431	135.572	25	17538000000	116920
04/07/2019 16:00	135.572	135.66	135.486	135.624	25	17950800000	119672
04/07/2019 20:00	135.624	135.63	135.517	135.577	25	12488700000	83258
05/07/2019 00:00	135.577	135.696	135.473	135.635	25	8971650000	59811
05/07/2019 04:00	135.635	135.723	135.576	135.713	25	14302500000	95350
05/07/2019 08:00	135.713	135.837	135.562	135.615	25	21343350000	142289
05/07/2019 12:00	135.615	135.857	135.476	135.776	25	24097950000	160653
05/07/2019 16:00	135.776	135.835	135.484	135.789	25	28787700000	191918
05/07/2019 20:00	135.788	136.032	135.765	135.879	23	18815700000	125438
08/07/2019 00:00	135.793	135.999	135.767	135.925	25	14090250000	93935
08/07/2019 04:00	135.925	135.965	135.662	135.729	25	21296250000	141975
08/07/2019 08:00	135.729	135.896	135.532	135.831	25	23709900000	158066
08/07/2019 12:00	135.831	136.023	135.774	135.959	25	22350750000	149005
08/07/2019 16:00	135.959	136.03	135.794	136.021	25	21372600000	142484
08/07/2019 20:00	136.021	136.118	135.99	136.069	25	12738150000	84921
09/07/2019 00:00	136.069	136.27	135.971	136.216	25	8476350000	56509
09/07/2019 04:00	136.216	136.248	135.991	136.029	25	13959750000	93065
09/07/2019 08:00	136.029	136.083	135.565	135.805	25	21703500000	144690
09/07/2019 12:00	135.805	135.862	135.381	135.457	25	22654500000	151030
09/07/2019 16:00	135.458	135.768	135.402	135.638	25	23458350000	156389
09/07/2019 20:00	135.637	135.768	135.561	135.61	25	15338550000	102257
10/07/2019 00:00	135.61	135.77	135.513	135.734	25	13119450000	87463
10/07/2019 04:00	135.734	135.755	135.55	135.571	25	13609800000	90732
10/07/2019 08:00	135.573	135.978	135.488	135.946	25	23099250000	153995
10/07/2019 12:00	135.946	136.044	135.756	135.846	25	25025250000	166835
10/07/2019 16:00	135.846	135.962	135.472	135.64	25	28602450000	190683
10/07/2019 20:00	135.639	135.725	135.493	135.572	25	17386200000	115908
11/07/2019 00:00	135.573	136.042	135.068	135.266	25	9600150000	238292
11/07/2019 04:00	135.266	135.337	135.068	135.31	25	16805100000	112034
11/07/2019 08:00	135.31	135.57	135.214	135.435	25	17006550000	113377
11/07/2019 12:00	135.435	136.014	135.427	135.99	25	22773900000	151826
11/07/2019 16:00	135.99	136.042	135.675	135.787	25	23760750000	158405
11/07/2019 20:00	135.786	135.91	135.729	135.828	25	18125550000	120837
12/07/2019 00:00	135.827	136.009	135.491	135.975	25	13215450000	248343
12/07/2019 04:00	135.975	136.009	135.806	135.851	25	12957000000	86380
12/07/2019 08:00	135.851	136.005	135.741	135.855	25	19025700000	126838
12/07/2019 12:00	135.855	135.951	135.634	135.746	25	22469250000	149795
12/07/2019 16:00	135.748	135.792	135.517	135.627	25	23277300000	155182
12/07/2019 20:00	135.627	135.73	135.491	135.684	23	14822100000	98814
15/07/2019 00:00	135.243	135.718	135.208	135.508	25	14062200000	93748
15/07/2019 04:00	135.508	135.831	135.479	135.753	25	20258850000	135059
15/07/2019 08:00	135.749	135.809	135.389	135.421	25	21436500000	142910
15/07/2019 12:00	135.421	135.513	135.181	135.235	25	22675500000	151170
15/07/2019 16:00	135.233	135.293	134.939	134.944	25	24381600000	162544
15/07/2019 20:00	134.945	135.092	134.944	135.036	25	18075450000	120503
16/07/2019 00:00	135.037	135.249	133.953	135.087	25	20228550000	328954
16/07/2019 04:00	135.087	135.197	135.006	135.131	25	17763150000	118421
16/07/2019 08:00	135.13	135.249	134.554	134.67	25	23060400000	153736
16/07/2019 12:00	134.673	134.691	133.953	134.437	24	23066550000	153777
16/07/2019 16:00	134.437	134.468	134.092	134.427	24	24534750000	163565
16/07/2019 20:00	134.426	134.441	134.235	134.269	24	17544150000	116961
17/07/2019 00:00	134.259	134.609	133.96	134.299	24	12379950000	252325
17/07/2019 04:00	134.299	134.369	134.148	134.367	24	12946500000	86310
17/07/2019 08:00	134.367	134.427	133.96	134.246	24	18733950000	124893
17/07/2019 12:00	134.246	134.409	134.158	134.344	24	16809300000	112062
17/07/2019 16:00	134.345	134.609	134.313	134.548	24	17988450000	119923
17/07/2019 20:00	134.547	134.568	134.15	134.171	24	11610600000	77404
18/07/2019 00:00	134.178	134.817	133.838	133.935	24	10889250000	285251
18/07/2019 04:00	133.935	134.038	133.838	133.952	25	10323150000	68821
18/07/2019 08:00	133.952	134.496	133.885	134.441	24	14268900000	95126
18/07/2019 12:00	134.44	134.797	134.275	134.616	24	18850800000	125672
18/07/2019 16:00	134.616	134.711	134.467	134.543	24	17310450000	115403
18/07/2019 20:00	134.542	134.815	134.435	134.548	24	16078950000	107193
19/07/2019 00:00	134.573	134.996	134.519	134.889	25	11732550000	270584
19/07/2019 04:00	134.889	134.978	134.869	134.892	24	11098050000	73987
19/07/2019 08:00	134.893	134.935	134.691	134.716	24	16195950000	107973
19/07/2019 12:00	134.716	134.996	134.662	134.811	24	20611650000	137411
19/07/2019 16:00	134.811	134.928	134.548	134.682	24	24111150000	160741
19/07/2019 20:00	134.682	134.77	134.559	134.729	23	19950450000	133003
22/07/2019 00:00	134.53	135.076	134.399	134.938	24	16347600000	264990
22/07/2019 04:00	134.938	135.076	134.921	134.972	24	23139450000	154263
22/07/2019 08:00	134.973	135.044	134.405	134.443	24	23416200000	156108
22/07/2019 12:00	134.443	134.644	134.399	134.584	24	20783550000	138557
22/07/2019 16:00	134.584	134.775	134.543	134.637	24	21575550000	143837
22/07/2019 20:00	134.637	134.679	134.522	134.532	24	14179350000	94529
23/07/2019 00:00	134.532	134.762	134.449	134.694	24	13598550000	90657
23/07/2019 04:00	134.694	134.741	134.565	134.716	24	16922700000	112818
23/07/2019 08:00	134.716	134.74	134.303	134.437	24	19213800000	128092
23/07/2019 12:00	134.437	134.975	134.404	134.598	24	22921500000	152810
23/07/2019 16:00	134.598	134.793	134.335	134.541	24	23988900000	159926
23/07/2019 20:00	134.541	134.736	134.5	134.573	24	17009100000	113394
24/07/2019 00:00	134.573	134.628	134.499	134.54	24	12995250000	86635
24/07/2019 04:00	134.54	134.556	134.434	134.489	24	13917600000	92784
24/07/2019 08:00	134.489	134.703	134.234	134.684	24	20357700000	135718
24/07/2019 12:00	134.684	135.267	134.634	134.868	24	24379050000	162527
24/07/2019 16:00	134.869	135.172	134.829	135.142	24	23459400000	156396
24/07/2019 20:00	135.142	135.175	134.981	135.024	24	15552000000	103680
25/07/2019 00:00	135.019	135.081	134.956	135.044	24	12394950000	82633
25/07/2019 04:00	135.042	135.06	134.862	134.87	24	14268600000	95124
25/07/2019 08:00	134.87	135.044	134.745	134.776	24	17583450000	117223
25/07/2019 12:00	134.776	135.289	134.701	135.248	24	24649950000	164333
25/07/2019 16:00	135.25	135.662	135.197	135.258	24	29708550000	198057
25/07/2019 20:00	135.258	135.455	135.192	135.239	24	15320100000	102134
26/07/2019 00:00	135.23	135.382	134.527	135.353	24	11111700000	218113
26/07/2019 04:00	135.353	135.365	135.121	135.201	24	15331800000	102212
26/07/2019 08:00	135.201	135.231	134.948	135.172	24	17863050000	119087
26/07/2019 12:00	135.173	135.246	134.915	134.967	24	20604000000	137360
26/07/2019 16:00	134.967	135.036	134.541	134.598	24	25807350000	172049
26/07/2019 20:00	134.598	134.677	134.527	134.562	23	15410100000	102734
29/07/2019 00:00	134.408	134.564	132.84	134.257	24	7689600000	186381
29/07/2019 04:00	134.258	134.294	134.122	134.259	24	10439700000	69598
29/07/2019 08:00	134.259	134.437	133.847	133.901	24	15189000000	101260
29/07/2019 12:00	133.901	134.062	133.011	133.033	24	18455700000	123038
29/07/2019 16:00	133.033	133.303	132.84	132.982	24	24841200000	165608
29/07/2019 20:00	132.982	133.079	132.875	132.88	24	14989500000	99930
30/07/2019 00:00	132.88	133.06	132.813	132.88	24	12859050000	85727
30/07/2019 04:00	132.88	132.906	131.6	131.679	24	19299000000	128660
30/07/2019 08:00	131.679	132.354	131.629	132.131	24	20540850000	136939
30/07/2019 12:00	132.131	132.351	131.81	132.093	24	22949700000	152998
30/07/2019 16:00	132.092	132.253	131.822	132.138	24	25148850000	167659
30/07/2019 20:00	132.137	132.192	131.91	131.919	24	17081700000	113878
31/07/2019 00:00	131.908	132.11	131.884	132.011	24	14124000000	94160
31/07/2019 04:00	132.011	132.029	131.837	131.953	24	16384350000	109229
31/07/2019 08:00	131.951	132.179	131.898	131.988	24	17816550000	118777
31/07/2019 12:00	131.987	132.339	131.966	132.291	24	18025200000	120168
31/07/2019 16:00	132.289	132.985	132.268	132.616	24	28032450000	186883
31/07/2019 20:00	132.616	132.945	132.159	132.167	24	28057050000	187047
01/08/2019 00:00	132.167	132.423	132.066	132.28	24	16196400000	107976
01/08/2019 04:00	132.28	132.542	132.263	132.424	24	18792450000	125283
01/08/2019 08:00	132.424	132.471	132.105	132.111	24	19376550000	129177
01/08/2019 12:00	132.111	132.197	131.259	131.379	24	27454650000	183031
01/08/2019 16:00	131.379	131.571	131.001	131.312	24	32394600000	215964
01/08/2019 20:00	131.312	131.312	130.144	130.177	24	33109200000	220728
02/08/2019 00:00	130.177	130.41	129.92	130.034	24	24087000000	160580
02/08/2019 04:00	130.034	130.064	129.333	129.628	24	29674950000	197833
02/08/2019 08:00	129.627	129.757	129.408	129.562	24	29799900000	198666
02/08/2019 12:00	129.562	129.8	129.276	129.774	24	32211300000	214742
02/08/2019 16:00	129.774	130.223	129.065	129.475	24	35545950000	236973
02/08/2019 20:00	129.475	129.693	129.296	129.622	23	26504550000	176697
05/08/2019 00:00	129.146	129.59	129.076	129.477	24	23299800000	155332
05/08/2019 04:00	129.477	129.531	128.549	128.863	24	33339900000	222266
05/08/2019 08:00	128.863	128.883	128.16	128.56	24	32882700000	219218
05/08/2019 12:00	128.56	129.172	128.466	129.08	24	32214900000	214766
05/08/2019 16:00	129.08	129.184	128.614	128.715	24	34984500000	233230
05/08/2019 20:00	128.713	128.965	128.598	128.598	24	28196700000	187978
06/08/2019 00:00	128.598	128.726	128.099	128.659	24	26671800000	177812
06/08/2019 04:00	128.659	130.057	128.651	129.72	24	32848350000	218989
06/08/2019 08:00	129.72	129.844	129.367	129.633	24	31250850000	208339
06/08/2019 12:00	129.633	129.934	129.467	129.503	24	28129650000	187531
06/08/2019 16:00	129.504	130.054	129.1	129.282	24	35560800000	237072
06/08/2019 20:00	129.282	129.591	129.173	129.489	24	25496250000	169975
07/08/2019 00:00	129.489	129.546	129.239	129.42	24	21255300000	141702
07/08/2019 04:00	129.42	129.511	128.778	129.103	24	29843400000	198956
07/08/2019 08:00	129.103	129.516	128.975	128.996	24	27306600000	182044
07/08/2019 12:00	128.996	129.136	128.212	128.396	24	30739050000	204927
07/08/2019 16:00	128.396	128.77	128.259	128.604	24	38384550000	255897
07/08/2019 20:00	128.604	129.035	128.534	129.018	24	29862450000	199083
08/08/2019 00:00	129.018	129.025	128.787	128.828	24	23821050000	158807
08/08/2019 04:00	128.828	129.322	128.752	129.065	24	25529250000	170195
08/08/2019 08:00	129.065	129.303	128.968	129.023	24	24149400000	160996
08/08/2019 12:00	129.023	129.193	128.265	128.559	24	26425350000	176169
08/08/2019 16:00	128.562	128.941	128.425	128.921	24	32171100000	214474
08/08/2019 20:00	128.92	128.965	128.532	128.666	24	23664300000	157762
09/08/2019 00:00	128.666	128.683	128.281	128.626	24	22743150000	151621
09/08/2019 04:00	128.626	128.738	128.538	128.61	24	17797500000	118650
09/08/2019 08:00	128.609	128.673	128.071	128.313	24	22767450000	151783
09/08/2019 12:00	128.313	128.355	127.429	127.642	24	26938500000	179590
09/08/2019 16:00	127.642	127.863	126.96	127.396	24	33470250000	223135
09/08/2019 20:00	127.396	127.534	126.984	127.095	23	23701650000	158011
12/08/2019 00:00	127.106	127.207	126.532	126.801	24	23085900000	153906
12/08/2019 04:00	126.801	127.114	126.769	126.883	24	23664150000	157761
12/08/2019 08:00	126.883	127.365	126.836	127.006	24	27288150000	181921
12/08/2019 12:00	127.008	127.284	126.874	127.263	24	31989600000	213264
12/08/2019 16:00	127.263	127.51	126.979	127.203	24	34038000000	226920
12/08/2019 20:00	127.203	127.237	127.092	127.132	24	22025250000	146835
13/08/2019 00:00	127.132	127.38	126.971	127.229	24	22745250000	151635
13/08/2019 04:00	127.228	127.407	127.158	127.196	24	27085800000	180572
13/08/2019 08:00	127.196	127.236	126.79	127.044	24	29845050000	198967
13/08/2019 12:00	127.044	127.261	126.865	127.155	24	33509250000	223395
13/08/2019 16:00	127.154	129.213	127.052	128.52	24	37285800000	248572
13/08/2019 20:00	128.52	128.737	128.398	128.694	24	25507050000	170047
14/08/2019 00:00	128.703	128.754	127.481	128.161	24	25761000000	484866
14/08/2019 04:00	128.161	128.559	127.986	128.456	24	26779800000	178532
14/08/2019 08:00	128.456	128.474	128.157	128.421	24	30127650000	200851
14/08/2019 12:00	128.423	128.643	127.635	127.928	24	34840500000	232270
14/08/2019 16:00	127.928	128.093	127.481	127.538	24	36912300000	246082
14/08/2019 20:00	127.538	127.868	127.487	127.679	24	27834300000	185562
15/08/2019 00:00	127.679	128.973	127.459	127.763	24	20974800000	484303
15/08/2019 04:00	127.763	127.81	127.557	127.671	24	27731400000	184876
15/08/2019 08:00	127.671	128.852	127.617	128.149	24	31171350000	207809
15/08/2019 12:00	128.149	128.971	127.794	128.754	24	38129850000	254199
15/08/2019 16:00	128.754	128.901	128.423	128.513	24	36044250000	240295
15/08/2019 20:00	128.513	128.618	128.201	128.242	24	28736100000	191574
16/08/2019 00:00	128.242	128.356	128.109	128.253	24	46479600000	309864
16/08/2019 04:00	128.253	128.443	128.202	128.323	24	50919300000	339462
16/08/2019 08:00	128.324	129.168	128.306	129.109	24	58093800000	387292
16/08/2019 12:00	129.109	129.565	129.033	129.445	24	65418300000	436122
16/08/2019 16:00	129.444	129.467	128.956	129.182	24	66213900000	441426
16/08/2019 20:00	129.18	129.214	129.019	129.175	23	48797700000	325318
19/08/2019 00:00	129.034	129.418	129.034	129.134	24	16581450000	110543
19/08/2019 04:00	129.134	129.311	129.026	129.264	24	19969350000	133129
19/08/2019 08:00	129.264	129.5	128.96	129.219	24	28632600000	190884
19/08/2019 12:00	129.22	129.279	129.039	129.128	24	28579350000	190529
19/08/2019 16:00	129.128	129.527	129.034	129.295	24	28969200000	193128
19/08/2019 20:00	129.295	129.463	129.269	129.292	24	25297200000	168648
20/08/2019 00:00	129.291	129.622	128.253	129.32	24	23568450000	360891
20/08/2019 04:00	129.32	129.35	129.228	129.248	24	20882850000	139219
20/08/2019 08:00	129.248	129.257	128.582	128.681	24	28653450000	191023
20/08/2019 12:00	128.681	128.773	128.253	128.546	24	30090750000	200605
20/08/2019 16:00	128.546	129.622	128.308	129.377	24	32439000000	216260
20/08/2019 20:00	129.377	129.427	129.188	129.257	24	21424950000	142833
21/08/2019 00:00	129.257	129.432	129.207	129.312	24	17129100000	114194
21/08/2019 04:00	129.312	129.66	129.311	129.379	24	21610800000	144072
21/08/2019 08:00	129.379	129.472	129.179	129.382	24	24142200000	160948
21/08/2019 12:00	129.382	129.396	128.97	129.202	24	26893800000	179292
21/08/2019 16:00	129.202	129.45	128.874	129.256	24	25649850000	170999
21/08/2019 20:00	129.256	129.338	129.14	129.23	24	17855400000	119036
22/08/2019 00:00	129.23	130.683	128.746	129.257	24	13011150000	323060
22/08/2019 04:00	129.256	129.276	128.943	128.975	25	14523600000	96824
22/08/2019 08:00	128.975	129.371	128.746	129.227	24	22764750000	151765
22/08/2019 12:00	129.227	130.536	128.906	130.257	24	26348700000	175658
22/08/2019 16:00	130.258	130.683	130.062	130.402	24	28027200000	186848
22/08/2019 20:00	130.402	130.466	130.349	130.373	25	14029050000	93527
23/08/2019 00:00	130.373	130.555	128.978	130.479	24	12537900000	376058
23/08/2019 04:00	130.479	130.482	130.241	130.337	24	18825600000	125504
23/08/2019 08:00	130.337	130.472	129.985	130.119	24	22298100000	148654
23/08/2019 12:00	130.119	130.495	130.017	130.214	24	23689800000	157932
23/08/2019 16:00	130.214	130.379	128.978	129.293	24	34076550000	227177
23/08/2019 20:00	129.293	129.6	129.204	129.512	23	24093600000	160624
26/08/2019 00:00	128.719	129.043	128.173	128.943	24	23560500000	157070
26/08/2019 04:00	128.943	129.78	128.937	129.127	24	30849300000	205662
26/08/2019 08:00	129.124	130.072	128.988	129.629	24	31370250000	209135
26/08/2019 12:00	129.629	130.132	129.269	129.859	24	27512700000	183418
26/08/2019 16:00	129.859	129.859	129.346	129.782	24	30485850000	203239
26/08/2019 20:00	129.782	129.882	129.544	129.618	24	17282700000	115218
27/08/2019 00:00	129.611	130.374	128.993	129.259	24	31705800000	541899
27/08/2019 04:00	129.259	129.428	128.995	129.174	24	47178600000	314524
27/08/2019 08:00	129.174	129.635	128.993	129.61	24	54306900000	362046
27/08/2019 12:00	129.61	129.984	129.454	129.94	24	56572200000	377148
27/08/2019 16:00	129.94	130.374	129.844	130.004	24	59451900000	396346
27/08/2019 20:00	130.001	130.067	129.879	129.902	25	32741100000	218274
28/08/2019 00:00	129.893	130.054	128.458	129.845	24	45772350000	657209
28/08/2019 04:00	129.843	130.009	129.741	129.973	24	59024250000	393495
28/08/2019 08:00	129.973	130.054	128.459	128.918	24	75741300000	504942
28/08/2019 12:00	128.918	129.46	128.813	129.124	24	86456250000	576375
28/08/2019 16:00	129.124	129.703	129.009	129.629	24	91118700000	607458
28/08/2019 20:00	129.627	129.692	129.457	129.544	24	54832500000	365550
29/08/2019 00:00	129.523	130.02	128.958	129.452	24	58349550000	706361
29/08/2019 04:00	129.451	129.457	129.148	129.246	24	87544200000	583628
29/08/2019 08:00	129.246	129.695	128.958	129.597	24	99327600000	662184
29/08/2019 12:00	129.598	130	129.416	129.675	24	34612500000	230750
29/08/2019 16:00	129.675	130.02	129.509	129.972	24	29818350000	198789
29/08/2019 20:00	129.972	129.972	129.673	129.703	24	37266450000	248443
30/08/2019 00:00	129.7	129.803	129.076	129.657	24	43231950000	598155
30/08/2019 04:00	129.657	129.757	129.535	129.613	24	68330700000	455538
30/08/2019 08:00	129.612	129.771	129.365	129.48	24	79746750000	531645
30/08/2019 12:00	129.48	129.778	129.278	129.422	24	83847150000	558981
30/08/2019 16:00	129.422	129.765	129.175	129.379	24	92280150000	615201
30/08/2019 20:00	129.376	129.418	129.076	129.168	23	66562650000	443751
02/09/2019 00:00	128.817	129.089	128.612	128.889	24	20923800000	139492
02/09/2019 04:00	128.889	129.156	128.887	129.098	25	15743700000	104958
02/09/2019 08:00	129.098	129.302	128.326	128.406	24	26749200000	178328
02/09/2019 12:00	128.406	128.694	128.326	128.388	24	27060300000	180402
02/09/2019 16:00	128.388	128.419	127.859	128.157	24	26516400000	176776
02/09/2019 20:00	128.157	128.161	127.962	128.085	24	17230500000	114870
03/09/2019 00:00	128.085	128.238	128.04	128.132	25	18262200000	121748
03/09/2019 04:00	128.132	128.211	127.84	127.95	24	23847000000	158980
03/09/2019 08:00	127.95	127.964	126.662	127.154	24	28771800000	191812
03/09/2019 12:00	127.154	128.22	126.957	127.695	24	27695100000	184634
03/09/2019 16:00	127.697	128.152	127.413	128.003	24	31337550000	208917
03/09/2019 20:00	128.003	128.238	127.902	127.902	24	19547250000	130315
04/09/2019 00:00	127.883	130.434	127.85	128.029	24	8527650000	296936
04/09/2019 04:00	128.03	128.398	127.993	128.309	25	19064550000	127097
04/09/2019 08:00	128.309	129.25	128.298	129.045	24	29584500000	197230
04/09/2019 12:00	129.045	129.783	128.998	129.406	24	21321750000	142145
04/09/2019 16:00	129.406	129.816	129.144	129.76	24	27341700000	182278
04/09/2019 20:00	129.76	130.412	129.616	130.31	24	21652050000	144347
05/09/2019 00:00	130.31	130.455	130.182	130.185	24	22952400000	153016
05/09/2019 04:00	130.185	130.689	130.185	130.397	24	27051750000	180345
05/09/2019 08:00	130.397	130.886	129.906	130.696	24	30488400000	203256
05/09/2019 12:00	130.696	131.918	130.636	131.757	24	30224250000	201495
05/09/2019 16:00	131.757	132.157	131.628	131.695	24	30406350000	202709
05/09/2019 20:00	131.695	131.946	131.635	131.777	24	19040400000	126936
06/09/2019 00:00	131.777	132	131.728	131.894	24	20685450000	137903
06/09/2019 04:00	131.894	132.046	131.84	131.845	24	23554350000	157029
06/09/2019 08:00	131.845	132.118	131.486	131.63	24	26455200000	176368
06/09/2019 12:00	131.63	131.985	131.231	131.474	24	29617800000	197452
06/09/2019 16:00	131.474	131.575	131.272	131.292	24	31841550000	212277
06/09/2019 20:00	131.292	131.491	131.255	131.383	23	23076750000	153845
09/09/2019 00:00	131.037	131.403	131.033	131.318	24	18138900000	120926
09/09/2019 04:00	131.317	131.397	131.176	131.225	24	20150850000	134339
09/09/2019 08:00	131.225	131.79	130.799	131.727	24	27751350000	185009
09/09/2019 12:00	131.727	132.55	131.7	132.277	24	28060650000	187071
09/09/2019 16:00	132.277	132.546	131.878	132.169	24	29430900000	196206
09/09/2019 20:00	132.169	132.399	132.159	132.35	24	19401000000	129340
10/09/2019 00:00	132.35	132.618	132.261	132.596	24	17577000000	117180
10/09/2019 04:00	132.596	132.721	132.441	132.523	24	17132550000	114217
10/09/2019 08:00	132.523	132.89	132.008	132.233	24	24036300000	160242
10/09/2019 12:00	132.233	132.756	132.186	132.713	24	25197750000	167985
10/09/2019 16:00	132.713	132.798	132.454	132.64	24	29660400000	197736
10/09/2019 20:00	132.642	132.905	132.558	132.773	25	20670300000	137802
11/09/2019 00:00	132.773	132.98	132.677	132.924	25	15594750000	103965
11/09/2019 04:00	132.924	133.201	132.741	133.163	25	23476800000	156512
11/09/2019 08:00	133.163	133.353	132.895	133.162	25	26730750000	178205
11/09/2019 12:00	133.162	133.232	132.839	132.933	25	25609350000	170729
11/09/2019 16:00	132.933	133.033	132.685	132.729	25	27132000000	180880
11/09/2019 20:00	132.729	133	132.664	132.86	25	17904600000	119364
12/09/2019 00:00	132.86	133.262	132.766	133.234	25	18297150000	121981
12/09/2019 04:00	133.234	133.366	133.142	133.245	25	20369100000	135794
12/09/2019 08:00	133.245	133.274	132.819	132.904	25	24082650000	160551
12/09/2019 12:00	132.906	133.102	132.155	132.365	25	26689650000	177931
12/09/2019 16:00	132.364	133.561	132.25	133.399	25	32317350000	215449
12/09/2019 20:00	133.399	133.629	133.207	133.211	25	21468150000	143121
13/09/2019 00:00	133.203	135.183	133.201	133.446	25	15561750000	267455
13/09/2019 04:00	133.446	133.562	133.368	133.525	25	14085450000	93903
13/09/2019 08:00	133.525	134.502	133.459	134.423	25	26165400000	174436
13/09/2019 12:00	134.423	134.717	134.317	134.659	25	27147300000	180982
13/09/2019 16:00	134.659	134.952	134.276	134.785	25	28991550000	193277
13/09/2019 20:00	134.785	135.183	134.762	135.132	23	20615700000	137438
16/09/2019 00:00	133.956	134.859	133.956	134.45	25	23829450000	158863
16/09/2019 04:00	134.45	134.584	134.315	134.42	25	22219200000	148128
16/09/2019 08:00	134.42	134.599	133.929	133.95	25	24981750000	166545
16/09/2019 12:00	133.95	134.422	133.861	134.264	25	25559250000	170395
16/09/2019 16:00	134.264	134.37	133.876	134.146	25	27997050000	186647
16/09/2019 20:00	134.146	134.402	134.073	134.348	25	18162150000	121081
17/09/2019 00:00	134.348	134.411	134.187	134.374	25	15459900000	103066
17/09/2019 04:00	134.374	134.539	134.169	134.383	25	18362250000	122415
17/09/2019 08:00	134.381	134.482	133.979	134.137	25	22812150000	152081
17/09/2019 12:00	134.141	134.427	134.051	134.396	25	23380500000	155870
17/09/2019 16:00	134.396	135.173	134.358	135.111	25	29909700000	199398
17/09/2019 20:00	135.111	135.418	135.085	135.1	25	19090800000	127272
18/09/2019 00:00	135.1	135.22	135.035	135.081	25	16072950000	107153
18/09/2019 04:00	135.081	135.228	135.035	135.084	25	14354400000	95696
18/09/2019 08:00	135.084	135.203	134.581	134.696	25	20545050000	136967
18/09/2019 12:00	134.696	134.927	134.584	134.846	25	21819000000	145460
18/09/2019 16:00	134.846	135.153	134.707	134.976	25	23285100000	155234
18/09/2019 20:00	134.976	135.653	134.825	135.21	25	25772400000	171816
19/09/2019 00:00	135.21	135.305	134.969	134.99	25	17809500000	118730
19/09/2019 04:00	134.99	135.018	134.4	134.628	25	21586050000	143907
19/09/2019 08:00	134.628	135.013	134.462	134.939	25	22872900000	152486
19/09/2019 12:00	134.939	134.973	134.257	134.764	25	24152850000	161019
19/09/2019 16:00	134.764	134.955	134.704	134.844	25	24047550000	160317
19/09/2019 20:00	134.846	135.509	134.833	135.239	25	19247100000	128314
20/09/2019 00:00	135.239	135.739	134.061	135.236	25	12922650000	252741
20/09/2019 04:00	135.236	135.455	135.159	135.419	25	20352000000	135680
20/09/2019 08:00	135.419	135.737	135.218	135.238	25	23731950000	158213
20/09/2019 12:00	135.239	135.469	134.54	134.713	25	24346050000	162307
20/09/2019 16:00	134.713	135.001	134.521	134.68	25	24964200000	166428
20/09/2019 20:00	134.68	134.686	134.061	134.144	23	24099300000	160662
23/09/2019 00:00	134.25	134.48	134.174	134.379	25	11805750000	78705
23/09/2019 04:00	134.379	134.536	134.348	134.46	25	14247000000	94980
23/09/2019 08:00	134.46	134.486	133.347	133.496	25	24086700000	160578
23/09/2019 12:00	133.496	133.798	133.439	133.547	25	24550200000	163668
23/09/2019 16:00	133.546	133.697	133.339	133.629	25	25880850000	172539
23/09/2019 20:00	133.629	133.709	133.501	133.619	25	14892150000	99281
24/09/2019 00:00	133.619	133.88	133.592	133.862	25	18663300000	124422
24/09/2019 04:00	133.862	133.878	133.553	133.719	25	18172350000	121149
24/09/2019 08:00	133.718	133.879	133.535	133.762	25	21268050000	141787
24/09/2019 12:00	133.762	134.599	133.75	134.36	25	26257350000	175049
24/09/2019 16:00	134.36	134.485	133.676	133.707	25	29288550000	195257
24/09/2019 20:00	133.707	133.935	133.566	133.672	25	23819550000	158797
25/09/2019 00:00	133.672	133.845	133.482	133.603	25	15913800000	106092
25/09/2019 04:00	133.603	133.931	133.573	133.808	25	21297150000	141981
25/09/2019 08:00	133.808	133.999	133.325	133.418	25	23221350000	154809
25/09/2019 12:00	133.418	133.538	132.907	133.122	25	25355700000	169038
25/09/2019 16:00	133.122	133.418	132.83	133.176	25	29720400000	198136
25/09/2019 20:00	133.177	133.241	133.031	133.046	25	18066300000	120442
26/09/2019 00:00	133.045	133.281	132.371	133.12	25	16340100000	282089
26/09/2019 04:00	133.12	133.279	133.075	133.21	25	14132400000	94216
26/09/2019 08:00	133.21	133.214	132.598	132.639	25	20929950000	139533
26/09/2019 12:00	132.639	133.047	132.371	132.821	25	25845900000	172306
26/09/2019 16:00	132.821	133.15	132.627	132.974	25	28459650000	189731
26/09/2019 20:00	132.974	133.115	132.767	132.849	25	18073350000	120489
27/09/2019 00:00	132.838	133.267	132.31	132.833	25	15245550000	287489
27/09/2019 04:00	132.833	132.874	132.701	132.728	25	15811050000	105407
27/09/2019 08:00	132.728	132.955	132.31	132.557	25	22328100000	148854
27/09/2019 12:00	132.557	133.222	132.471	133.17	25	22967100000	153114
27/09/2019 16:00	133.17	133.267	132.71	132.776	25	29344050000	195627
27/09/2019 20:00	132.776	132.854	132.464	132.618	23	21709500000	144730
30/09/2019 00:00	132.641	132.803	132.573	132.619	25	15118800000	100792
30/09/2019 04:00	132.621	132.77	132.546	132.597	25	15529500000	103530
30/09/2019 08:00	132.597	133.013	132.466	133.007	25	18786450000	125243
30/09/2019 12:00	133.007	133.074	132.684	132.896	25	23723100000	158154
30/09/2019 16:00	132.896	133.327	132.826	132.898	25	26299650000	175331
30/09/2019 20:00	132.898	132.999	132.714	132.763	25	14888100000	99254
01/10/2019 00:00	132.763	132.883	132.725	132.795	25	11206350000	74709
01/10/2019 04:00	132.795	133.098	132.77	132.969	25	16655400000	111036
01/10/2019 08:00	132.969	133.345	132.869	133.149	25	24542700000	163618
01/10/2019 12:00	133.149	133.264	132.493	132.584	25	25605300000	170702
01/10/2019 16:00	132.584	132.88	131.77	132.646	25	31748400000	211656
01/10/2019 20:00	132.646	132.749	132.007	132.473	25	19025550000	126837
02/10/2019 00:00	132.473	132.596	132.324	132.414	25	39129750000	260865
02/10/2019 04:00	132.414	132.544	132.354	132.438	25	30843300000	205622
02/10/2019 08:00	132.438	132.5	131.609	131.628	25	45649800000	304332
02/10/2019 12:00	131.63	132.257	131.564	131.762	25	51778950000	345193
02/10/2019 16:00	131.762	132.136	131.711	131.832	25	58438800000	389592
02/10/2019 20:00	131.832	131.966	131.729	131.816	25	38110950000	254073
03/10/2019 00:00	131.81	132.538	131.47	131.619	25	60136350000	639215
03/10/2019 04:00	131.619	131.882	131.606	131.839	25	51481800000	343212
03/10/2019 08:00	131.839	131.999	131.47	131.893	25	66196350000	441309
03/10/2019 12:00	131.893	132.507	131.506	132.403	25	76895550000	512637
03/10/2019 16:00	132.403	132.538	132.03	132.154	25	98725050000	658167
03/10/2019 20:00	132.155	132.212	131.729	131.737	25	74111850000	494079
04/10/2019 00:00	131.738	131.981	131.268	131.869	25	87300450000	781677
04/10/2019 04:00	131.869	131.975	131.693	131.757	25	82325400000	548836
04/10/2019 08:00	131.757	131.923	131.59	131.648	25	82491600000	549944
04/10/2019 12:00	131.648	131.858	131.345	131.826	25	1.06714E+11	711429
04/10/2019 16:00	131.826	131.867	131.268	131.742	25	1.17635E+11	784232
04/10/2019 20:00	131.742	131.906	131.676	131.904	23	87658350000	584389
07/10/2019 00:00	131.284	131.769	131.222	131.609	25	18649800000	124332
07/10/2019 04:00	131.609	131.748	131.571	131.724	25	15761550000	105077
07/10/2019 08:00	131.724	131.733	131.299	131.395	25	21624000000	144160
07/10/2019 12:00	131.395	131.792	131.343	131.72	25	22094400000	147296
07/10/2019 16:00	131.72	131.939	131.656	131.925	25	23764800000	158432
07/10/2019 20:00	131.923	132.231	131.769	131.772	25	18311100000	122074
08/10/2019 00:00	131.772	132.107	130.418	131.924	25	16187400000	337087
08/10/2019 04:00	131.924	132.053	131.854	132.03	25	13578450000	90523
08/10/2019 08:00	132.03	132.107	131.394	131.497	25	22744200000	151628
08/10/2019 12:00	131.496	131.506	130.439	130.578	25	29377050000	195847
08/10/2019 16:00	130.578	131.011	130.418	130.863	25	28174950000	187833
08/10/2019 20:00	130.862	131.073	130.638	130.782	25	21660750000	144405
09/10/2019 00:00	130.782	130.873	130.638	130.777	25	36033000000	240220
09/10/2019 04:00	130.777	130.953	130.744	130.827	25	31750500000	211670
09/10/2019 08:00	130.827	131.817	130.709	131.3	25	45289200000	301928
09/10/2019 12:00	131.3	131.555	130.994	131.173	25	51860700000	345738
09/10/2019 16:00	131.173	131.376	131.088	131.262	25	47802300000	318682
09/10/2019 20:00	131.262	131.34	131.132	131.161	25	39551100000	263674
10/10/2019 00:00	131.161	131.211	130.717	131.041	25	71029950000	473533
10/10/2019 04:00	131.041	131.705	131.018	131.425	25	54171900000	361146
10/10/2019 08:00	131.425	131.665	131.298	131.34	25	71278650000	475191
10/10/2019 12:00	131.34	131.74	131.311	131.64	25	74463750000	496425
10/10/2019 16:00	131.64	133.845	131.473	133.742	25	99697950000	664653
10/10/2019 20:00	133.739	134.548	133.739	134.229	25	72300150000	482001
11/10/2019 00:00	134.231	137.884	133.968	134.347	25	59754000000	667187
11/10/2019 04:00	134.347	134.489	134.245	134.402	25	62570400000	417136
11/10/2019 08:00	134.402	135.026	133.968	134.971	25	92749200000	618328
11/10/2019 12:00	134.971	137.447	134.82	136.817	25	1.27444E+11	849628
11/10/2019 16:00	136.817	137.883	136.722	137.293	25	1.327E+11	884668
11/10/2019 20:00	137.293	137.559	136.938	136.978	23	92387550000	615917
14/10/2019 00:00	136.692	137.159	136.42	136.513	25	15218100000	101454
14/10/2019 04:00	136.513	136.676	136.234	136.541	25	21265050000	141767
14/10/2019 08:00	136.541	136.636	135.864	136.155	25	24713550000	164757
14/10/2019 12:00	136.154	136.186	135.486	135.997	25	25196700000	167978
14/10/2019 16:00	135.994	137.02	135.86	136.201	25	26459400000	176396
14/10/2019 20:00	136.201	136.649	136.017	136.626	25	16945500000	112970
15/10/2019 00:00	136.626	136.962	136.507	136.596	25	20243250000	134955
15/10/2019 04:00	136.596	136.989	136.527	136.855	25	20307750000	135385
15/10/2019 08:00	136.855	137.574	136.525	137.039	25	26147400000	174316
15/10/2019 12:00	137.043	137.166	136.44	137.101	25	28076400000	187176
15/10/2019 16:00	137.102	139.308	136.851	138.848	25	32366100000	215774
15/10/2019 20:00	138.848	139.243	138.794	139.127	25	18320250000	122135
16/10/2019 00:00	139.127	140.086	137.503	138.61	25	31863900000	507494
16/10/2019 04:00	138.61	138.678	138.381	138.576	25	38986800000	259912
16/10/2019 08:00	138.576	139.038	137.641	138.498	25	55698000000	371320
16/10/2019 12:00	138.498	139.69	137.503	138.977	25	59063100000	393754
16/10/2019 16:00	138.977	140.086	138.806	139.593	25	60117600000	400784
16/10/2019 20:00	139.593	139.931	139.152	139.488	25	30005400000	200036
17/10/2019 00:00	139.488	141.494	138.614	139.418	25	42059700000	587833
17/10/2019 04:00	139.418	139.549	139.352	139.368	25	52125750000	347505
17/10/2019 08:00	139.368	139.69	138.614	139.27	25	73640700000	490938
17/10/2019 12:00	139.279	141.495	138.635	139.279	25	98003250000	653355
17/10/2019 16:00	139.279	139.849	138.972	139.423	25	94667400000	631116
17/10/2019 20:00	139.423	140.068	139.353	140.021	25	60644850000	404299
18/10/2019 00:00	140.021	140.051	139.65	139.789	25	72824250000	485495
18/10/2019 04:00	139.789	139.815	139.399	139.46	25	80639400000	537596
18/10/2019 08:00	139.458	140.392	139.335	140.216	25	92122200000	614148
18/10/2019 12:00	140.216	140.328	139.778	139.897	25	97483800000	649892
18/10/2019 16:00	139.897	140.25	139.489	140.183	25	1.14256E+11	761704
18/10/2019 20:00	140.183	140.808	140.17	140.808	23	82686000000	551240
21/10/2019 00:00	140.261	140.417	139.456	140.143	25	20176200000	134508
21/10/2019 04:00	140.143	140.146	139.978	140.049	25	20957400000	139716
21/10/2019 08:00	140.049	141.35	139.772	140.935	25	26970450000	179803
21/10/2019 12:00	140.935	141.234	140.795	140.986	25	27581700000	183878
21/10/2019 16:00	140.987	141.103	140.616	140.878	25	30612000000	204080
21/10/2019 20:00	140.878	140.915	140.641	140.722	25	18738600000	124924
22/10/2019 00:00	140.722	141.063	140.652	140.953	25	17809500000	118730
22/10/2019 04:00	140.953	141.097	140.859	141.009	25	18095700000	120638
22/10/2019 08:00	141.008	141.073	140.198	140.46	25	25071300000	167142
22/10/2019 12:00	140.46	140.824	139.927	140.074	25	26147700000	174318
22/10/2019 16:00	140.072	140.699	139.949	140.589	25	28889400000	192596
22/10/2019 20:00	140.588	141.113	139.505	139.589	25	23529300000	156862
23/10/2019 00:00	139.589	139.918	139.241	139.496	25	24988050000	166587
23/10/2019 04:00	139.496	139.526	139.074	139.325	25	21426900000	142846
23/10/2019 08:00	139.325	139.7	139.128	139.281	25	25504650000	170031
23/10/2019 12:00	139.281	139.882	139.206	139.78	25	27224850000	181499
23/10/2019 16:00	139.782	140.069	139.622	139.911	25	29397900000	195986
23/10/2019 20:00	139.911	140.418	139.906	140.306	25	17241600000	114944
24/10/2019 00:00	140.306	140.728	138.856	140.289	25	16583550000	311009
24/10/2019 04:00	140.289	140.395	140.201	140.255	25	18485400000	123236
24/10/2019 08:00	140.255	140.728	139.842	140.064	25	25794300000	171962
24/10/2019 12:00	140.064	140.362	139.944	140.237	25	21705300000	144702
24/10/2019 16:00	140.237	140.266	138.856	139.518	25	33147150000	220981
24/10/2019 20:00	139.518	139.734	139.302	139.527	25	18108450000	120723
25/10/2019 00:00	139.518	139.785	139.014	139.554	25	19346400000	284682
25/10/2019 04:00	139.554	139.611	139.446	139.512	25	15658350000	104389
25/10/2019 08:00	139.513	139.785	139.293	139.37	25	19545750000	130305
25/10/2019 12:00	139.37	139.578	139.014	139.076	25	22117650000	147451
25/10/2019 16:00	139.076	139.585	139.032	139.401	25	28156950000	187713
25/10/2019 20:00	139.401	139.488	139.298	139.393	23	13618500000	90790
28/10/2019 00:00	139.25	139.519	139.242	139.387	25	17267700000	115118
28/10/2019 04:00	139.387	139.43	139.332	139.378	25	15263550000	101757
28/10/2019 08:00	139.378	139.838	139.332	139.651	25	22774350000	151829
28/10/2019 12:00	139.651	140.077	139.377	139.943	25	23925000000	159500
28/10/2019 16:00	139.943	140.24	139.887	140.118	25	23490900000	156606
28/10/2019 20:00	140.118	140.242	139.964	140.133	25	12643200000	84288
29/10/2019 00:00	140.133	140.242	139.866	139.946	25	14658450000	97723
29/10/2019 04:00	139.946	140.105	139.929	140.092	25	12840600000	85604
29/10/2019 08:00	140.092	140.122	139.484	139.566	25	20763600000	138424
29/10/2019 12:00	139.566	140.341	139.456	140.185	25	27801300000	185342
29/10/2019 16:00	140.185	140.525	139.998	140.02	25	27441600000	182944
29/10/2019 20:00	140.02	140.134	139.866	140.042	25	13407750000	89385
30/10/2019 00:00	140.042	140.491	139.949	140.063	25	13507200000	265513
30/10/2019 04:00	140.063	140.079	139.954	140.067	25	15005400000	100036
30/10/2019 08:00	140.067	140.462	139.992	140.264	25	21332250000	142215
30/10/2019 12:00	140.265	140.45	140.175	140.225	25	25915950000	172773
30/10/2019 16:00	140.225	140.233	140.008	140.023	25	24218700000	161458
30/10/2019 20:00	140.023	140.49	139.979	140.401	25	22768200000	151788
31/10/2019 00:00	140.401	140.52	140.303	140.386	25	23616150000	157441
31/10/2019 04:00	140.386	140.555	140.362	140.426	25	15994500000	106630
31/10/2019 08:00	140.426	140.677	139.997	140.111	25	24569550000	163797
31/10/2019 12:00	140.11	140.35	140.045	140.05	25	27948450000	186323
31/10/2019 16:00	140.051	140.085	139.6	139.687	25	28357950000	189053
31/10/2019 20:00	139.687	139.895	139.592	139.639	25	16572000000	110480
01/11/2019 00:00	139.639	140.043	139.634	140.016	25	36282900000	241886
01/11/2019 04:00	140.016	140.089	139.896	139.916	25	36779100000	245194
01/11/2019 08:00	139.916	140.056	139.806	139.899	25	35875500000	239170
01/11/2019 12:00	139.899	140.142	139.845	139.968	25	50677500000	337850
01/11/2019 16:00	139.968	140.151	139.776	140.035	25	53263200000	355088
01/11/2019 20:00	140.035	140.066	139.914	139.967	23	17046150000	113641
04/11/2019 00:00	139.876	140.041	139.86	139.955	25	14447400000	96316
04/11/2019 04:00	139.955	140.064	139.934	139.982	25	12087300000	80582
04/11/2019 08:00	139.983	140.226	139.955	140.011	25	20048850000	133659
04/11/2019 12:00	140.011	140.166	139.931	140.037	25	22542600000	150284
04/11/2019 16:00	140.037	140.211	139.931	140.061	25	21936600000	146244
04/11/2019 20:00	140.061	140.076	139.832	139.847	25	16861650000	112411
05/11/2019 00:00	139.847	140.162	139.803	140.081	25	24488850000	163259
05/11/2019 04:00	140.081	140.203	140.061	140.102	25	17992950000	119953
05/11/2019 08:00	140.102	140.461	140.089	140.364	25	22351950000	149013
05/11/2019 12:00	140.364	140.566	140.3	140.379	25	24286500000	161910
05/11/2019 16:00	140.379	140.508	140.235	140.439	25	26373450000	175823
05/11/2019 20:00	140.44	140.74	140.432	140.583	25	14447850000	96319
06/11/2019 00:00	140.583	140.655	140.389	140.469	25	34460100000	229734
06/11/2019 04:00	140.469	140.501	140.399	140.495	25	28236600000	188244
06/11/2019 08:00	140.495	140.577	140.209	140.381	25	41105100000	274034
06/11/2019 12:00	140.381	140.523	140.298	140.432	25	41680650000	277871
06/11/2019 16:00	140.434	140.442	139.95	140.013	25	50119650000	334131
06/11/2019 20:00	140.01	140.138	139.86	140.078	25	34414950000	229433
07/11/2019 00:00	140.061	140.521	139.479	139.799	25	52593750000	530363
07/11/2019 04:00	139.799	139.801	139.479	139.711	25	46566900000	310446
07/11/2019 08:00	139.711	140.36	139.572	140.315	25	69387750000	462585
07/11/2019 12:00	140.315	140.521	139.663	139.805	25	86592150000	577281
07/11/2019 16:00	139.805	140.405	139.781	140.274	25	83515650000	556771
07/11/2019 20:00	140.274	140.363	139.92	139.981	25	49245750000	328305
08/11/2019 00:00	139.981	140.196	139.918	139.94	25	66724650000	444831
08/11/2019 04:00	139.941	140.003	139.861	139.963	25	61467000000	409780
08/11/2019 08:00	139.964	140.165	139.907	140.049	25	85856400000	572376
08/11/2019 12:00	140.049	140.183	139.932	140.011	25	93167850000	621119
08/11/2019 16:00	140.011	140.182	139.421	139.437	25	1.01983E+11	679884
08/11/2019 20:00	139.437	139.656	139.405	139.581	23	51578700000	343858
11/11/2019 00:00	139.682	139.78	139.568	139.596	25	14301000000	95340
11/11/2019 04:00	139.596	139.612	139.375	139.516	25	14363550000	95757
11/11/2019 08:00	139.516	139.577	139.354	139.497	25	18628650000	124191
11/11/2019 12:00	139.496	140.463	139.458	140.243	25	23208300000	154722
11/11/2019 16:00	140.243	140.476	140.153	140.167	25	20563050000	137087
11/11/2019 20:00	140.167	140.191	140.063	140.107	25	13185600000	87904
12/11/2019 00:00	140.107	140.429	140.044	140.305	25	21512700000	143418
12/11/2019 04:00	140.305	140.464	140.257	140.453	25	16268100000	108454
12/11/2019 08:00	140.453	140.576	139.934	140.143	25	23666550000	157777
12/11/2019 12:00	140.143	140.239	140.022	140.089	25	19850250000	132335
12/11/2019 16:00	140.089	140.408	140.071	140.248	25	24778350000	165189
12/11/2019 20:00	140.248	140.317	139.964	139.991	25	18700350000	124669
13/11/2019 00:00	139.991	140.245	139.428	140	25	19569000000	273380
13/11/2019 04:00	140	140.17	139.951	140.164	25	17353050000	115687
13/11/2019 08:00	140.164	140.245	139.814	139.954	25	23036550000	153577
13/11/2019 12:00	139.953	140.079	139.596	139.657	25	24658500000	164390
13/11/2019 16:00	139.657	139.781	139.428	139.738	25	24464250000	163095
13/11/2019 20:00	139.738	139.858	139.517	139.803	25	16609650000	110731
14/11/2019 00:00	139.801	139.858	139.389	139.79	25	20187300000	272014
14/11/2019 04:00	139.788	139.788	139.472	139.476	25	16956150000	113041
14/11/2019 08:00	139.476	139.732	139.389	139.527	25	22476900000	149846
14/11/2019 12:00	139.527	139.758	139.398	139.436	25	20681700000	137878
14/11/2019 16:00	139.436	139.735	139.408	139.518	25	23385150000	155901
14/11/2019 20:00	139.518	139.678	139.434	139.641	25	13441200000	89608
15/11/2019 00:00	139.641	139.955	139.578	139.886	25	18314400000	122096
15/11/2019 04:00	139.886	139.946	139.802	139.807	25	13406400000	89376
15/11/2019 08:00	139.807	140.01	139.664	139.92	25	17952600000	119684
15/11/2019 12:00	139.92	140.095	139.806	140.041	25	19536900000	130246
15/11/2019 16:00	140.041	140.452	140.026	140.399	25	23941950000	159613
15/11/2019 20:00	140.399	140.433	140.313	140.401	23	14683650000	97891
18/11/2019 00:00	140.543	140.628	140.345	140.604	25	21238200000	141588
18/11/2019 04:00	140.604	140.719	140.585	140.63	25	17351400000	115676
18/11/2019 08:00	140.63	141.289	140.623	141.283	25	22870500000	152470
18/11/2019 12:00	141.283	141.562	140.817	140.972	25	20479650000	136531
18/11/2019 16:00	140.972	140.975	140.555	140.789	25	24982650000	166551
18/11/2019 20:00	140.789	140.816	140.674	140.75	25	13068900000	87126
19/11/2019 00:00	140.75	140.882	140.396	140.622	25	16139100000	107594
19/11/2019 04:00	140.622	140.798	140.585	140.746	25	17749500000	118330
19/11/2019 08:00	140.746	140.923	140.676	140.887	25	18808950000	125393
19/11/2019 12:00	140.887	140.918	140.535	140.642	25	20778750000	138525
19/11/2019 16:00	140.642	140.719	140.189	140.249	25	22800450000	152003
19/11/2019 20:00	140.249	140.354	140.095	140.286	25	13708050000	91387
20/11/2019 00:00	140.286	140.328	139.765	139.952	25	18920100000	126134
20/11/2019 04:00	139.952	140.124	139.907	140.051	25	12578400000	83856
20/11/2019 08:00	140.051	140.203	139.664	139.963	25	20335200000	135568
20/11/2019 12:00	139.963	140.039	139.836	140.033	25	19006500000	126710
20/11/2019 16:00	140.033	140.475	140.027	140.226	25	24112050000	160747
20/11/2019 20:00	140.224	140.376	140.078	140.341	25	18252000000	121680
21/11/2019 00:00	140.32	140.912	139.964	140.004	25	20609850000	310770
21/11/2019 04:00	140.004	140.397	139.994	140.356	25	18138300000	120922
21/11/2019 08:00	140.356	140.522	140.238	140.468	25	21495300000	143302
21/11/2019 12:00	140.468	140.912	140.446	140.661	25	23245950000	154973
21/11/2019 16:00	140.661	140.702	140.03	140.135	25	25872450000	172483
21/11/2019 20:00	140.135	140.215	140.028	140.164	25	14709000000	98060
22/11/2019 00:00	140.163	140.502	139.311	140.394	25	16986000000	260263
22/11/2019 04:00	140.394	140.399	140.234	140.334	25	15034800000	100232
22/11/2019 08:00	140.334	140.502	139.614	139.72	25	23247000000	154980
22/11/2019 12:00	139.72	139.848	139.5	139.597	25	21976050000	146507
22/11/2019 16:00	139.597	139.668	139.311	139.393	25	23476950000	156513
22/11/2019 20:00	139.392	139.466	139.315	139.415	23	13464300000	89762
25/11/2019 00:00	139.655	139.847	139.567	139.774	25	22696650000	151311
25/11/2019 04:00	139.774	139.898	139.647	139.898	25	16420050000	109467
25/11/2019 08:00	139.898	140.237	139.812	140.205	25	22345050000	148967
25/11/2019 12:00	140.205	140.304	140.073	140.246	25	18563250000	123755
25/11/2019 16:00	140.246	140.614	140.107	140.428	25	25260600000	168404
25/11/2019 20:00	140.427	140.612	140.413	140.484	25	13115700000	87438
26/11/2019 00:00	140.484	140.893	140.432	140.735	25	18654750000	124365
26/11/2019 04:00	140.735	140.742	140.462	140.48	25	17551200000	117008
26/11/2019 08:00	140.481	140.545	140.097	140.162	25	20433300000	136222
26/11/2019 12:00	140.162	140.306	139.977	140.034	25	21492600000	143284
26/11/2019 16:00	140.034	140.346	139.999	140.272	25	22061700000	147078
26/11/2019 20:00	140.273	140.338	140.213	140.27	25	12485100000	83234
27/11/2019 00:00	140.267	141.536	140.037	140.231	25	14270100000	240247
27/11/2019 04:00	140.231	140.311	140.163	140.221	25	12309150000	82061
27/11/2019 08:00	140.221	140.436	140.037	140.396	25	19114800000	127432
27/11/2019 12:00	140.396	140.732	140.367	140.696	25	23092950000	153953
27/11/2019 16:00	140.696	140.988	140.551	140.966	25	23346150000	155641
27/11/2019 20:00	140.966	141.535	140.965	141.528	25	20511450000	136743
28/11/2019 00:00	141.523	141.841	141.237	141.511	25	19267050000	263974
28/11/2019 04:00	141.511	141.56	141.441	141.536	25	10319400000	68796
28/11/2019 08:00	141.536	141.756	141.392	141.55	25	18554550000	123697
28/11/2019 12:00	141.552	141.617	141.237	141.386	25	18300000000	122000
28/11/2019 16:00	141.386	141.477	141.277	141.31	25	16078200000	107188
28/11/2019 20:00	141.31	141.412	141.268	141.372	25	23757450000	158383
29/11/2019 00:00	141.372	141.459	141.279	141.307	25	19043700000	126958
29/11/2019 04:00	141.307	141.418	141.282	141.417	25	11897850000	79319
29/11/2019 08:00	141.417	141.49	141.102	141.207	25	17555400000	117036
29/11/2019 12:00	141.207	141.461	141.16	141.274	25	19218600000	128124
29/11/2019 16:00	141.274	141.675	141.206	141.468	25	24241350000	161609
29/11/2019 20:00	141.468	141.694	141.443	141.625	23	20919450000	139463
02/12/2019 00:00	141.36	141.671	141.349	141.636	25	18566400000	123776
02/12/2019 04:00	141.636	141.693	141.565	141.604	25	13460250000	89735
02/12/2019 08:00	141.604	141.712	141.454	141.544	25	19027650000	126851
02/12/2019 12:00	141.544	141.69	141.362	141.607	25	22006350000	146709
02/12/2019 16:00	141.608	141.81	140.953	141.003	25	26882700000	179218
02/12/2019 20:00	141.005	141.106	140.928	141.009	25	15468600000	103124
03/12/2019 00:00	141.009	141.144	140.937	141.069	25	14987550000	99917
03/12/2019 04:00	141.069	141.303	141.046	141.27	25	14960250000	99735
03/12/2019 08:00	141.27	141.692	141.24	141.591	25	23228700000	154858
03/12/2019 12:00	141.591	141.701	141.176	141.287	25	25671000000	171140
03/12/2019 16:00	141.287	141.326	140.907	141.161	25	26290050000	175267
03/12/2019 20:00	141.161	141.208	141.028	141.13	25	14944800000	99632
04/12/2019 00:00	141.118	142.779	140.82	141.091	25	16726950000	293057
04/12/2019 04:00	141.091	141.184	141.006	141.094	25	13066050000	87107
04/12/2019 08:00	141.094	142.035	140.82	141.947	25	23964600000	159764
04/12/2019 12:00	141.946	142.405	141.708	142.252	25	24355800000	162372
04/12/2019 16:00	142.252	142.779	142.187	142.498	25	24491400000	163276
04/12/2019 20:00	142.498	142.691	142.477	142.638	25	13610850000	90739
05/12/2019 00:00	142.638	143.24	142.585	142.706	25	16634400000	249185
05/12/2019 04:00	142.706	142.826	142.625	142.637	25	12176400000	81176
05/12/2019 08:00	142.637	143.173	142.61	143.065	25	21780150000	145201
05/12/2019 12:00	143.066	143.164	142.839	142.936	25	20292000000	135280
05/12/2019 16:00	142.936	143.24	142.778	143.008	25	24756750000	165045
05/12/2019 20:00	143.008	143.196	142.976	143.083	25	15862650000	105751
06/12/2019 00:00	143.083	143.134	142.964	143.02	25	13332600000	88884
06/12/2019 04:00	143.02	143.068	142.929	142.949	25	12158100000	81054
06/12/2019 08:00	142.949	143.095	142.389	142.524	25	21073650000	140491
06/12/2019 12:00	142.524	142.923	142.401	142.898	25	21630750000	144205
06/12/2019 16:00	142.898	142.929	142.357	142.627	25	24058350000	160389
06/12/2019 20:00	142.629	142.729	142.535	142.644	23	15715200000	104768
09/12/2019 00:00	142.634	142.782	142.589	142.715	25	14410500000	96070
09/12/2019 04:00	142.715	142.762	142.68	142.714	25	11069550000	73797
09/12/2019 08:00	142.714	143.092	142.699	142.717	25	18555150000	123701
09/12/2019 12:00	142.717	142.933	142.58	142.67	25	18588450000	123923
09/12/2019 16:00	142.67	142.928	142.548	142.865	25	20840250000	138935
09/12/2019 20:00	142.865	142.916	142.585	142.595	25	13430250000	89535
10/12/2019 00:00	142.579	142.875	142.579	142.849	25	15748950000	104993
10/12/2019 04:00	142.849	142.903	142.821	142.83	25	12317550000	82117
10/12/2019 08:00	142.83	143.038	142.615	142.893	25	18807300000	125382
10/12/2019 12:00	142.895	143.274	142.848	143.033	25	22540950000	150273
10/12/2019 16:00	143.033	143.361	142.951	143.344	25	23149950000	154333
10/12/2019 20:00	143.344	143.654	142.986	142.992	25	16290750000	108605
11/12/2019 00:00	142.992	143.063	142.539	142.784	25	21152550000	141017
11/12/2019 04:00	142.784	142.954	142.748	142.876	25	11915700000	79438
11/12/2019 08:00	142.876	142.976	142.546	142.787	25	20876250000	139175
11/12/2019 12:00	142.787	143.189	142.772	143.154	25	20679750000	137865
11/12/2019 16:00	143.154	143.32	143.108	143.151	25	20875950000	139173
11/12/2019 20:00	143.151	143.367	143.136	143.236	25	20631750000	137545
12/12/2019 00:00	143.233	143.583	143.181	143.535	25	14409150000	96061
12/12/2019 04:00	143.535	143.6	143.436	143.442	25	12561750000	83745
12/12/2019 08:00	143.442	143.631	143.265	143.265	25	16996500000	113310
12/12/2019 12:00	143.265	143.408	142.47	142.821	25	22977600000	153184
12/12/2019 16:00	142.821	143.549	142.783	143.226	25	30672150000	204481
12/12/2019 20:00	143.224	144.14	142.633	143.876	25	24591000000	163940
13/12/2019 00:00	143.881	147.943	143.791	147.775	38	26043450000	471683
13/12/2019 04:00	147.775	147.943	147.322	147.626	38	17429100000	116194
13/12/2019 08:00	147.624	147.68	146.44	147.077	25	27299550000	181997
13/12/2019 12:00	147.077	147.131	145.865	146.091	25	25619100000	170794
13/12/2019 16:00	146.096	146.51	145.443	145.616	25	32331750000	215545
13/12/2019 20:00	145.615	145.905	145.581	145.811	23	16886100000	112574
16/12/2019 00:00	145.694	146.142	145.694	146.131	25	18919050000	126127
16/12/2019 04:00	146.131	146.551	146.131	146.445	25	16465950000	109773
16/12/2019 08:00	146.445	146.798	145.796	145.873	25	24770550000	165137
16/12/2019 12:00	145.873	146.406	145.855	146.012	25	21694650000	144631
16/12/2019 16:00	146.012	146.314	145.818	146.066	25	22259550000	148397
16/12/2019 20:00	146.066	146.341	145.998	146.037	25	14111250000	94075
17/12/2019 00:00	146.037	146.086	145.069	145.469	25	18958500000	126390
17/12/2019 04:00	145.469	145.715	145.38	145.57	25	12520500000	83470
17/12/2019 08:00	145.57	145.622	144.177	144.613	25	24508200000	163388
17/12/2019 12:00	144.613	144.833	143.92	144.024	25	24231450000	161543
17/12/2019 16:00	144.024	144.361	143.47	143.712	25	25147350000	167649
17/12/2019 20:00	143.712	143.879	143.543	143.724	25	13472400000	89816
18/12/2019 00:00	143.724	143.849	143.292	143.343	25	20614050000	137427
18/12/2019 04:00	143.342	143.516	143.059	143.509	25	15015900000	100106
18/12/2019 08:00	143.508	143.699	143.132	143.463	25	22650900000	151006
18/12/2019 12:00	143.463	143.575	143.114	143.346	25	24481200000	163208
18/12/2019 16:00	143.346	143.405	143.094	143.385	25	24868800000	165792
18/12/2019 20:00	143.385	143.417	143.225	143.225	25	16730400000	111536
19/12/2019 00:00	143.225	143.471	143.182	143.373	25	17497350000	116649
19/12/2019 04:00	143.373	143.462	143.314	143.371	25	13872900000	92486
19/12/2019 08:00	143.371	143.856	143.272	143.569	25	38276700000	255178
19/12/2019 12:00	143.569	143.757	142.584	142.817	25	53500200000	356668
19/12/2019 16:00	142.817	142.865	141.966	142.383	25	55764900000	371766
19/12/2019 20:00	142.383	142.392	142.096	142.249	25	31284600000	208564
20/12/2019 00:00	142.25	143.04	142.078	142.347	25	44135100000	437560
20/12/2019 04:00	142.342	142.422	142.285	142.329	25	39229200000	261528
20/12/2019 08:00	142.329	142.647	142.163	142.563	25	57768300000	385122
20/12/2019 12:00	142.56	142.729	142.344	142.695	25	65432250000	436215
20/12/2019 16:00	142.695	143.04	142.538	142.598	25	70975350000	473169
20/12/2019 20:00	142.598	142.617	142.078	142.209	23	52846650000	352311
23/12/2019 00:00	142.211	142.526	142.07	142.377	25	17423850000	116159
23/12/2019 04:00	142.377	142.416	142.274	142.373	25	11366100000	75774
23/12/2019 08:00	142.373	142.5	142.253	142.277	25	17589150000	117261
23/12/2019 12:00	142.277	142.312	141.151	141.362	25	23159400000	154396
23/12/2019 16:00	141.362	141.715	141.194	141.458	25	22862550000	152417
23/12/2019 20:00	141.458	141.59	141.351	141.494	25	13941750000	92945
24/12/2019 00:00	141.491	141.849	141.306	141.505	25	19027650000	219637
24/12/2019 04:00	141.505	141.596	141.47	141.544	25	23144700000	154298
24/12/2019 08:00	141.543	141.598	141.306	141.41	25	20941950000	139613
24/12/2019 12:00	141.41	141.76	141.368	141.591	25	17916900000	119446
24/12/2019 16:00	141.591	141.849	141.566	141.807	25	17452200000	116348
24/12/2019 20:00	141.807	141.807	141.621	141.688	23	4184400000	27896
26/12/2019 00:00	141.559	142.718	141.559	142.453	150	0	73828
26/12/2019 04:00	142.241	142.314	142.214	142.277	23	4151850000	27679
26/12/2019 08:00	142.277	142.371	142.196	142.2	25	12523950000	83493
26/12/2019 12:00	142.2	142.427	141.979	142.311	25	21186300000	141242
26/12/2019 16:00	142.311	142.718	142.281	142.605	25	18524400000	123496
26/12/2019 20:00	142.605	142.664	142.405	142.453	25	15702600000	104684
27/12/2019 00:00	142.453	142.53	142.026	142.182	25	16332300000	108882
27/12/2019 04:00	142.182	142.462	142.146	142.374	25	12468600000	83124
27/12/2019 08:00	142.374	143.273	142.35	143.176	25	22398900000	149326
27/12/2019 12:00	143.176	143.609	143.032	143.377	25	23648550000	157657
27/12/2019 16:00	143.377	143.629	143.285	143.366	25	20323050000	135487
27/12/2019 20:00	143.366	143.44	143.103	143.263	23	11715150000	78101
30/12/2019 00:00	143.166	143.374	142.988	143.306	25	21840450000	145603
30/12/2019 04:00	143.306	143.348	143.01	143.209	25	14471850000	96479
30/12/2019 08:00	143.207	143.251	142.851	143.16	25	19193400000	127956
30/12/2019 12:00	143.16	143.417	143.033	143.298	25	21022200000	140148
30/12/2019 16:00	143.296	143.396	142.749	142.849	25	26406300000	176042
30/12/2019 20:00	142.849	142.931	142.578	142.757	25	16692900000	111286
31/12/2019 00:00	142.757	144.35	142.417	142.636	25	14121450000	234050
31/12/2019 04:00	142.636	142.766	142.486	142.572	25	10165650000	67771
31/12/2019 08:00	142.572	142.966	142.417	142.91	25	16053900000	107026
31/12/2019 12:00	142.91	143.444	142.771	143.396	25	23222400000	154816
31/12/2019 16:00	143.396	144.35	143.215	144.009	25	25878150000	172521
31/12/2019 20:00	144.009	144.085	143.949	143.953	23	2818650000	18791
02/01/2020 00:00	144.043	144.204	142.259	142.61	150	0	150319
02/01/2020 04:00	143.585	143.695	143.532	143.678	25	8301600000	55344
02/01/2020 08:00	143.678	143.932	143.58	143.813	25	18468150000	123121
02/01/2020 12:00	143.813	143.827	143.157	143.211	25	21422550000	142817
02/01/2020 16:00	143.211	143.259	142.259	142.535	25	27413100000	182754
02/01/2020 20:00	142.535	142.651	142.408	142.61	25	15854550000	105697
03/01/2020 00:00	142.61	142.77	142.083	142.137	25	15843900000	105626
03/01/2020 04:00	142.138	142.216	141.758	141.86	25	20939850000	139599
03/01/2020 08:00	141.86	141.913	141.184	141.209	25	26298450000	175323
03/01/2020 12:00	141.209	141.747	140.989	141.373	25	25718700000	171458
03/01/2020 16:00	141.373	141.607	141.152	141.297	25	24845400000	165636
03/01/2020 20:00	141.297	141.428	141.001	141.422	23	17451750000	116345
06/01/2020 00:00	141.119	141.479	140.821	141.173	25	21968550000	146457
06/01/2020 04:00	141.173	141.437	141.166	141.34	25	17105700000	114038
06/01/2020 08:00	141.34	141.954	141.106	141.917	25	26871600000	179144
06/01/2020 12:00	141.917	142.376	141.91	142.064	25	22934100000	152894
06/01/2020 16:00	142.064	142.746	141.968	142.566	25	23237700000	154918
06/01/2020 20:00	142.564	142.775	142.547	142.686	25	14414550000	96097
07/01/2020 00:00	142.69	143.283	142.007	142.816	25	17949750000	348377
07/01/2020 04:00	142.816	142.932	142.618	142.625	25	14443200000	96288
07/01/2020 08:00	142.625	143.283	142.291	142.869	25	26059650000	173731
07/01/2020 12:00	142.869	142.874	142.053	142.238	25	25358850000	169059
07/01/2020 16:00	142.238	142.623	142.007	142.482	25	25362900000	169086
07/01/2020 20:00	142.482	142.562	142.106	142.261	25	17367750000	115785
08/01/2020 00:00	142.252	143.095	141.11	141.693	25	27403350000	562711
08/01/2020 04:00	141.693	142.494	141.676	142.06	25	24716250000	164775
08/01/2020 08:00	142.06	142.828	142.054	142.271	25	26962200000	179748
08/01/2020 12:00	142.268	142.661	141.962	142.585	25	29264850000	195099
08/01/2020 16:00	142.585	143.056	142.172	142.959	25	28106250000	187375
08/01/2020 20:00	142.962	143.095	142.768	142.865	25	22861950000	152413
09/01/2020 00:00	142.866	143.444	142.411	143.22	25	38561850000	460345
09/01/2020 04:00	143.22	143.34	143.076	143.32	25	23322900000	155486
09/01/2020 08:00	143.323	143.443	142.411	142.557	25	48756600000	325044
09/01/2020 12:00	142.552	143.021	142.42	142.825	25	52914300000	352762
09/01/2020 16:00	142.825	143.096	142.71	143.027	25	45800100000	305334
09/01/2020 20:00	143.027	143.113	142.877	143.095	25	31632900000	210886
10/01/2020 00:00	143.09	143.484	142.878	143.09	25	42570300000	429815
10/01/2020 04:00	143.09	143.388	143.026	143.327	25	41199750000	274665
10/01/2020 08:00	143.327	143.453	142.963	143.268	25	59176800000	394512
10/01/2020 12:00	143.268	143.483	143.085	143.297	25	76627800000	510852
10/01/2020 16:00	143.297	143.366	142.878	142.99	25	72690750000	484605
10/01/2020 20:00	142.989	143.062	142.902	142.974	23	44541900000	296946
13/01/2020 00:00	142.764	142.927	142.722	142.897	25	20331300000	135542
13/01/2020 04:00	142.897	142.957	142.791	142.877	25	13969050000	93127
13/01/2020 08:00	142.877	142.883	142.353	142.49	25	23494350000	156629
13/01/2020 12:00	142.49	142.76	142.352	142.617	25	24444150000	162961
13/01/2020 16:00	142.617	142.857	142.573	142.83	25	27193800000	181292
13/01/2020 20:00	142.831	142.898	142.757	142.792	25	14112150000	94081
14/01/2020 00:00	142.793	143.423	142.439	142.978	25	18267900000	377339
14/01/2020 04:00	142.978	143.098	142.892	142.939	25	15410850000	102739
14/01/2020 08:00	142.939	143.057	142.439	142.71	25	22443900000	149626
14/01/2020 12:00	142.71	143.103	142.641	142.889	25	25062600000	167084
14/01/2020 16:00	142.889	143.372	142.858	143.349	25	26140650000	174271
14/01/2020 20:00	143.349	143.423	143.077	143.185	25	19171800000	127812
15/01/2020 00:00	143.174	143.376	142.645	143.18	25	13465200000	313358
15/01/2020 04:00	143.18	143.259	143.064	143.244	25	12445500000	82970
15/01/2020 08:00	143.245	143.376	142.645	142.723	25	20754900000	138366
15/01/2020 12:00	142.72	143.116	142.673	142.864	25	24244050000	161627
15/01/2020 16:00	142.864	143.317	142.831	143.203	25	26394600000	175964
15/01/2020 20:00	143.203	143.299	143.053	143.266	25	16255800000	108372
16/01/2020 00:00	143.264	144.128	143.214	143.378	25	22414500000	364199
16/01/2020 04:00	143.378	143.479	143.338	143.445	25	12984000000	86560
16/01/2020 08:00	143.445	143.75	143.228	143.58	25	20918700000	139458
16/01/2020 12:00	143.581	143.782	143.499	143.549	25	22726050000	151507
16/01/2020 16:00	143.549	144.128	143.395	143.998	25	26815050000	178767
16/01/2020 20:00	143.998	144.079	143.855	144.052	25	13823100000	92154
17/01/2020 00:00	144.054	144.518	143.25	143.962	25	16630950000	331133
17/01/2020 04:00	143.963	144.117	143.963	144.066	25	11058450000	73723
17/01/2020 08:00	144.066	144.518	143.664	143.827	25	21858600000	145724
17/01/2020 12:00	143.826	143.972	143.476	143.731	25	25297950000	168653
17/01/2020 16:00	143.731	143.78	143.362	143.433	25	24047100000	160314
17/01/2020 20:00	143.433	143.451	143.25	143.282	23	15242550000	101617
20/01/2020 00:00	142.993	143.346	142.99	143.242	25	18371100000	122474
20/01/2020 04:00	143.242	143.291	143.151	143.158	25	9354900000	62366
20/01/2020 08:00	143.158	143.233	142.791	143.032	25	20456700000	136378
20/01/2020 12:00	143.032	143.318	142.948	143.239	25	19756950000	131713
20/01/2020 16:00	143.239	143.248	143.025	143.225	25	15086250000	100575
20/01/2020 20:00	143.225	143.352	143.178	143.311	25	15724050000	104827
21/01/2020 00:00	143.311	143.329	142.852	142.928	25	16386000000	109240
21/01/2020 04:00	142.928	143.212	142.855	143.043	25	15364500000	102430
21/01/2020 08:00	143.043	143.433	142.885	143.369	25	23745900000	158306
21/01/2020 12:00	143.369	143.961	143.348	143.881	25	25023000000	166820
21/01/2020 16:00	143.881	143.927	143.345	143.388	25	22853700000	152358
21/01/2020 20:00	143.388	143.488	143.176	143.322	25	23142900000	154286
22/01/2020 00:00	143.322	144.599	143.257	143.39	25	19223100000	371521
22/01/2020 04:00	143.39	143.728	143.38	143.674	25	17509500000	116730
22/01/2020 08:00	143.674	143.793	143.372	143.612	25	21969600000	146464
22/01/2020 12:00	143.615	144.443	143.559	144.366	25	27201900000	181346
22/01/2020 16:00	144.366	144.599	144.147	144.232	25	24809400000	165396
22/01/2020 20:00	144.232	144.35	144.155	144.316	25	19134900000	127566
23/01/2020 00:00	144.316	144.405	143.196	144.03	25	23243400000	404855
23/01/2020 04:00	144.029	144.063	143.746	143.788	25	18712200000	124748
23/01/2020 08:00	143.788	144.09	143.65	143.823	25	23925750000	159505
23/01/2020 12:00	143.823	143.991	143.723	143.779	25	20986200000	139908
23/01/2020 16:00	143.779	143.875	143.197	143.357	25	27764850000	185099
23/01/2020 20:00	143.357	143.725	143.293	143.682	25	17920650000	119471
24/01/2020 00:00	143.681	144.391	142.706	143.574	25	20647200000	386741
24/01/2020 04:00	143.574	143.758	143.54	143.748	25	12042150000	80281
24/01/2020 08:00	143.747	144.391	143.358	143.453	25	22526700000	150178
24/01/2020 12:00	143.454	143.618	143.327	143.477	25	24236700000	161578
24/01/2020 16:00	143.477	143.537	142.778	142.965	25	27482550000	183217
24/01/2020 20:00	142.965	143.003	142.706	142.862	23	19574100000	130494
27/01/2020 00:00	142.452	142.51	142.041	142.395	25	23195700000	154638
27/01/2020 04:00	142.395	142.517	142.129	142.388	25	14480700000	96538
27/01/2020 08:00	142.388	142.737	142.272	142.59	25	21762300000	145082
27/01/2020 12:00	142.59	142.657	142.264	142.394	25	24621150000	164141
27/01/2020 16:00	142.394	142.504	142.08	142.333	25	28470300000	189802
27/01/2020 20:00	142.333	142.399	142.077	142.174	25	19015500000	126770
28/01/2020 00:00	142.155	142.444	141.467	142.417	25	31549350000	454252
28/01/2020 04:00	142.417	142.426	142.215	142.342	25	24823500000	165490
28/01/2020 08:00	142.341	142.344	141.486	141.784	25	50240400000	334936
28/01/2020 12:00	141.784	142.022	141.492	141.778	25	50191800000	334612
28/01/2020 16:00	141.778	141.912	141.467	141.847	25	52792500000	351950
28/01/2020 20:00	141.847	142.203	141.808	142.175	25	36434400000	242896
29/01/2020 00:00	142.175	142.34	141.698	142.134	25	52469400000	558170
29/01/2020 04:00	142.134	142.198	142.057	142.131	25	38919150000	259461
29/01/2020 08:00	142.131	142.132	141.812	141.873	25	64976400000	433176
29/01/2020 12:00	141.873	142.025	141.763	141.771	25	59747850000	398319
29/01/2020 16:00	141.771	142.067	141.698	142.017	25	68302800000	455352
29/01/2020 20:00	142.017	142.222	141.87	141.9	25	60500250000	403335
30/01/2020 00:00	141.894	142.698	141.246	141.835	25	78231300000	848012
30/01/2020 04:00	141.835	141.848	141.619	141.743	25	75901200000	506008
30/01/2020 08:00	141.743	141.792	141.246	141.736	25	99589800000	663932
30/01/2020 12:00	141.739	142.698	141.625	142.627	25	1.18647E+11	790981
30/01/2020 16:00	142.628	142.646	142.161	142.204	25	1.15453E+11	769684
30/01/2020 20:00	142.204	142.698	142.08	142.653	25	98443800000	656292
31/01/2020 00:00	142.658	143.275	142.449	142.81	25	1.17838E+11	1089823
31/01/2020 04:00	142.811	142.951	142.759	142.836	25	96605100000	644034
31/01/2020 08:00	142.836	143.275	142.768	142.925	25	1.35003E+11	900018
31/01/2020 12:00	142.928	143.074	142.667	143.063	25	1.40305E+11	935368
31/01/2020 16:00	143.063	143.162	142.752	143.065	25	52608150000	350721
31/01/2020 20:00	143.065	143.134	142.847	143.074	23	24925350000	166169
03/02/2020 00:00	142.833	143.095	142.7	143.032	25	22816950000	152113
03/02/2020 04:00	143.032	143.046	142.757	142.848	25	18449250000	122995
03/02/2020 08:00	142.848	142.93	141.92	141.927	25	25426650000	169511
03/02/2020 12:00	141.927	141.933	141.557	141.734	25	24992400000	166616
03/02/2020 16:00	141.734	141.741	141.06	141.309	25	29763600000	198424
03/02/2020 20:00	141.309	141.359	141.067	141.196	25	18223800000	121492
04/02/2020 00:00	141.196	142.832	140.912	141.194	25	38057550000	545917
04/02/2020 04:00	141.194	141.687	141.058	141.593	25	39852600000	265684
04/02/2020 08:00	141.593	142.066	140.912	141.977	25	54983100000	366554
04/02/2020 12:00	141.978	142.347	141.703	142.249	25	48744900000	324966
04/02/2020 16:00	142.249	142.668	142.057	142.638	25	54527400000	363516
04/02/2020 20:00	142.638	142.832	142.627	142.69	25	34327200000	228848
05/02/2020 00:00	142.689	142.715	142.365	142.574	25	62257650000	415051
05/02/2020 04:00	142.574	142.584	142.381	142.445	25	41368050000	275787
05/02/2020 08:00	142.445	143.365	142.225	143.318	25	76240800000	508272
05/02/2020 12:00	143.317	143.317	142.604	142.798	25	79037550000	526917
05/02/2020 16:00	142.798	142.834	142.212	142.728	25	84750450000	565003
05/02/2020 20:00	142.728	142.785	142.58	142.764	25	46191150000	307941
06/02/2020 00:00	142.764	142.81	142.082	142.646	25	76636050000	746603
06/02/2020 04:00	142.646	142.794	142.625	142.701	25	66157200000	441048
06/02/2020 08:00	142.701	142.81	142.397	142.512	25	88276200000	588508
06/02/2020 12:00	142.512	142.589	142.266	142.461	25	90459000000	603060
06/02/2020 16:00	142.461	142.531	142.082	142.225	25	1.0108E+11	673864
06/02/2020 20:00	142.225	142.239	142.094	142.192	25	68056200000	453708
07/02/2020 00:00	142.192	142.364	141.386	142.184	25	92703300000	802595
07/02/2020 04:00	142.184	142.28	142.155	142.188	25	69744750000	464965
07/02/2020 08:00	142.187	142.364	141.927	141.934	25	1.15561E+11	770406
07/02/2020 12:00	141.934	142.301	141.83	141.968	25	1.11417E+11	742780
07/02/2020 16:00	141.968	142.098	141.603	141.65	25	1.28711E+11	858070
07/02/2020 20:00	141.647	141.647	141.386	141.393	23	82237650000	548251
10/02/2020 00:00	141.326	141.597	141.226	141.538	25	22804200000	152028
10/02/2020 04:00	141.538	141.731	141.485	141.682	25	15761400000	105076
10/02/2020 08:00	141.682	141.734	141.312	141.658	25	24934950000	166233
10/02/2020 12:00	141.657	142.08	141.603	141.875	25	23865750000	159105
10/02/2020 16:00	141.875	142.051	141.571	141.59	25	22942200000	152948
10/02/2020 20:00	141.59	141.764	141.588	141.762	25	15450000000	103000
11/02/2020 00:00	141.762	142.45	141.675	141.863	25	15075600000	317971
11/02/2020 04:00	141.863	141.963	141.801	141.909	25	13065300000	87102
11/02/2020 08:00	141.909	142.206	141.715	142.133	25	23900850000	159339
11/02/2020 12:00	142.132	142.14	141.88	142.016	25	23792400000	158616
11/02/2020 16:00	142.017	142.45	141.969	142.202	25	26908650000	179391
11/02/2020 20:00	142.201	142.332	142.15	142.181	25	17478750000	116525
12/02/2020 00:00	142.18	142.439	142.107	142.434	25	17088450000	113923
12/02/2020 04:00	142.434	142.482	142.305	142.382	25	14850900000	99006
12/02/2020 08:00	142.382	142.83	142.268	142.768	25	24228450000	161523
12/02/2020 12:00	142.768	142.878	142.577	142.589	25	21250050000	141667
12/02/2020 16:00	142.589	142.829	142.503	142.659	25	24168000000	161120
12/02/2020 20:00	142.659	142.729	142.594	142.642	25	17934000000	119560
13/02/2020 00:00	142.642	143.467	142.134	142.462	25	25539750000	463028
13/02/2020 04:00	142.462	142.494	142.189	142.221	25	16507500000	110050
13/02/2020 08:00	142.221	142.506	142.135	142.327	25	25788150000	171921
13/02/2020 12:00	142.335	143.101	142.188	142.926	25	29792400000	198616
13/02/2020 16:00	142.926	143.467	142.869	143.302	25	26560350000	177069
13/02/2020 20:00	143.301	143.39	143.184	143.205	25	15970200000	106468
14/02/2020 00:00	143.205	143.335	143.113	143.259	25	38536950000	256913
14/02/2020 04:00	143.259	143.392	143.16	143.22	25	26774400000	178496
14/02/2020 08:00	143.22	143.394	142.958	143.109	25	41528700000	276858
14/02/2020 12:00	143.11	143.192	142.765	142.864	25	44769000000	298460
14/02/2020 16:00	142.864	143.114	142.755	143.083	25	47768400000	318456
14/02/2020 20:00	143.083	143.253	142.998	143.214	23	27556500000	183710
17/02/2020 00:00	143.128	143.357	142.968	143.267	25	22431450000	149543
17/02/2020 04:00	143.267	143.34	143.226	143.312	25	15027600000	100184
17/02/2020 08:00	143.312	143.334	143.126	143.259	25	19263150000	128421
17/02/2020 12:00	143.259	143.298	142.947	142.992	25	18762900000	125086
17/02/2020 16:00	142.992	143.068	142.85	143.016	25	14813100000	98754
17/02/2020 20:00	143.016	143.065	142.832	142.872	25	23596800000	157312
18/02/2020 00:00	142.872	142.886	142.57	142.668	25	25172100000	167814
18/02/2020 04:00	142.669	142.675	142.515	142.623	25	15457500000	103050
18/02/2020 08:00	142.622	142.738	142.305	142.577	25	23541000000	156940
18/02/2020 12:00	142.577	143.157	142.525	142.987	25	25471950000	169813
18/02/2020 16:00	142.987	143.22	142.818	142.86	25	27392250000	182615
18/02/2020 20:00	142.86	142.895	142.743	142.783	25	16680600000	111204
19/02/2020 00:00	142.783	142.993	142.765	142.961	25	21640350000	144269
19/02/2020 04:00	142.961	143.152	142.961	143.048	25	15635100000	104234
19/02/2020 08:00	143.048	143.503	142.881	143.372	25	22698000000	151320
19/02/2020 12:00	143.37	143.752	143.11	143.596	25	26098350000	173989
19/02/2020 16:00	143.597	144	143.366	143.71	25	26798400000	178656
19/02/2020 20:00	143.71	144.157	143.664	143.843	25	18084450000	120563
20/02/2020 00:00	143.836	143.89	143.587	143.663	25	14027700000	93518
20/02/2020 04:00	143.663	143.849	143.607	143.811	25	14636250000	97575
20/02/2020 08:00	143.811	144.593	143.77	144.461	25	23278650000	155191
20/02/2020 12:00	144.462	144.544	143.884	144.007	25	26211450000	174743
20/02/2020 16:00	144.007	144.49	143.855	144.246	25	26055600000	173704
20/02/2020 20:00	144.246	144.439	144.203	144.383	25	15231000000	101540
21/02/2020 00:00	144.382	144.527	144.195	144.337	25	18780300000	125202
21/02/2020 04:00	144.337	144.449	144.262	144.353	25	13797000000	91980
21/02/2020 08:00	144.353	144.458	143.708	144.265	25	24297750000	161985
21/02/2020 12:00	144.265	144.872	144.259	144.663	25	24458250000	163055
21/02/2020 16:00	144.663	144.948	144.31	144.862	25	26540850000	176939
21/02/2020 20:00	144.862	144.923	144.515	144.575	23	17985900000	119906
24/02/2020 00:00	144.007	144.614	144	144.47	25	25992300000	173282
24/02/2020 04:00	144.47	144.478	144.16	144.33	25	16353300000	109022
24/02/2020 08:00	144.33	144.509	143.442	143.545	25	29769300000	198462
24/02/2020 12:00	143.546	143.853	143.361	143.571	25	29224950000	194833
24/02/2020 16:00	143.571	143.582	142.62	142.769	25	32913450000	219423
24/02/2020 20:00	142.767	143.211	142.685	143.075	25	25480800000	169872
25/02/2020 00:00	143.075	143.635	142.94	143.551	25	26532300000	176882
25/02/2020 04:00	143.551	143.573	143.213	143.284	25	24449250000	162995
25/02/2020 08:00	143.285	143.532	143.077	143.425	25	30789300000	205262
25/02/2020 12:00	143.425	143.52	143.163	143.432	25	30547950000	203653
25/02/2020 16:00	143.429	143.591	143.037	143.148	25	34057500000	227050
25/02/2020 20:00	143.148	143.321	142.952	143.29	25	28987800000	193252
26/02/2020 00:00	143.29	143.46	143.107	143.351	25	26568000000	177120
26/02/2020 04:00	143.351	143.712	143.259	143.436	25	26320350000	175469
26/02/2020 08:00	143.437	143.518	142.732	142.825	25	32733900000	218226
26/02/2020 12:00	142.825	143.111	142.668	142.876	25	32023950000	213493
26/02/2020 16:00	142.876	143.141	142.422	142.563	25	29036400000	193576
26/02/2020 20:00	142.563	142.609	142.223	142.36	25	25276650000	168511
27/02/2020 00:00	142.36	142.536	142.25	142.46	25	25685850000	171239
27/02/2020 04:00	142.457	142.539	142.2	142.28	25	22090350000	147269
27/02/2020 08:00	142.28	142.473	141.986	142.137	25	28863000000	192420
27/02/2020 12:00	142.137	142.177	141.427	141.676	25	29533650000	196891
27/02/2020 16:00	141.677	142.046	141.365	141.935	25	34436250000	229575
27/02/2020 20:00	141.936	142.021	141.161	141.185	25	26515800000	176772
28/02/2020 00:00	141.18	141.401	140.81	141.014	25	27128400000	180856
28/02/2020 04:00	141.014	141.031	140.202	140.31	25	27633450000	184223
28/02/2020 08:00	140.313	140.385	139.819	140.233	25	32576550000	217177
28/02/2020 12:00	140.234	140.305	139.409	139.502	25	31815150000	212101
28/02/2020 16:00	139.502	139.657	137.516	138.01	25	36861750000	245745
28/02/2020 20:00	138.01	138.632	137.616	138.497	23	31025700000	206838
02/03/2020 00:00	137.158	138.535	137.093	138.278	25	23729100000	158194
02/03/2020 04:00	138.278	139.059	138.137	138.85	25	24200400000	161336
02/03/2020 08:00	138.853	139.175	137.525	137.643	25	31943850000	212959
02/03/2020 12:00	137.643	137.868	137.142	137.539	25	32792550000	218617
02/03/2020 16:00	137.542	138.351	137.211	138.013	25	33947550000	226317
02/03/2020 20:00	138.012	138.442	137.695	138.114	25	23538000000	156920
03/03/2020 00:00	138.114	138.557	137.848	137.979	25	18747450000	124983
03/03/2020 04:00	137.979	138.097	137.599	137.73	25	16309050000	108727
03/03/2020 08:00	137.73	138.353	137.641	137.974	25	26818350000	178789
03/03/2020 12:00	137.972	138.277	137.455	137.845	25	29510700000	196738
03/03/2020 16:00	137.845	138.172	137.176	137.497	25	35457150000	236381
03/03/2020 20:00	137.496	137.535	136.926	137.154	25	28739550000	191597
04/03/2020 00:00	137.154	137.921	137.026	137.543	25	22451850000	149679
04/03/2020 04:00	137.543	137.739	137.412	137.592	25	15076200000	100508
04/03/2020 08:00	137.592	137.868	137.239	137.31	25	24552900000	163686
04/03/2020 12:00	137.31	137.992	137.256	137.874	25	30496800000	203312
04/03/2020 16:00	137.874	137.993	137.323	137.942	25	35644050000	237627
04/03/2020 20:00	137.942	138.425	137.934	138.375	25	23724450000	158163
05/03/2020 00:00	138.375	138.672	138.105	138.224	25	18491850000	123279
05/03/2020 04:00	138.224	138.319	138.007	138.262	25	16331400000	108876
05/03/2020 08:00	138.262	138.388	138.019	138.155	25	25175550000	167837
05/03/2020 12:00	138.155	138.294	137.873	138.009	25	31942650000	212951
05/03/2020 16:00	138.009	138.101	137.46	137.485	25	34008300000	226722
05/03/2020 20:00	137.484	137.805	137.363	137.394	25	28895250000	192635
06/03/2020 00:00	137.394	137.726	137.283	137.344	25	18320700000	122138
06/03/2020 04:00	137.343	137.402	137.015	137.054	25	24265050000	161767
06/03/2020 08:00	137.054	137.451	136.574	136.591	25	31907850000	212719
06/03/2020 12:00	136.591	137.096	136.427	136.819	25	40616700000	270778
06/03/2020 16:00	136.817	137.724	136.678	137.139	25	38570100000	257134
06/03/2020 20:00	137.139	137.613	136.868	137.476	23	31073250000	207155
09/03/2020 00:00	136.569	136.819	132.566	133.689	25	31969950000	1127029
09/03/2020 04:00	133.687	134.622	133.018	133.896	25	30889050000	205927
09/03/2020 08:00	133.898	134.99	133.853	134.623	25	35835450000	238903
09/03/2020 12:00	134.623	134.629	132.566	134.19	25	36834300000	245562
09/03/2020 16:00	134.189	134.74	133.803	134.043	25	39205500000	261370
09/03/2020 20:00	134.044	134.439	133.757	133.862	25	29152800000	194352
10/03/2020 00:00	133.849	135.318	133.684	135.051	25	30346650000	202311
10/03/2020 04:00	135.051	137.073	134.806	136.369	25	32280750000	215205
10/03/2020 08:00	136.371	136.816	135.517	136.622	25	37379700000	249198
10/03/2020 12:00	136.621	137.201	135.354	136.086	25	38284050000	255227
10/03/2020 16:00	136.087	136.212	134.037	134.914	25	40422750000	269485
10/03/2020 20:00	134.913	136.772	134.718	135.582	25	29414550000	196097
11/03/2020 00:00	135.582	135.813	135.12	135.201	25	25912350000	172749
11/03/2020 04:00	135.202	135.551	134.552	134.669	25	28473150000	189821
11/03/2020 08:00	134.671	136.545	133.986	136.126	25	36162000000	241080
11/03/2020 12:00	136.126	136.128	135	135.369	25	36661350000	244409
11/03/2020 16:00	135.369	135.684	134.47	134.581	25	38947800000	259652
11/03/2020 20:00	134.581	134.669	133.664	133.85	25	27281850000	181879
12/03/2020 00:00	133.85	134.304	132.63	132.826	25	29506650000	196711
12/03/2020 04:00	132.826	133.614	132.329	133.106	25	27127650000	180851
12/03/2020 08:00	133.106	133.168	132.114	132.373	25	34809750000	232065
12/03/2020 12:00	132.373	132.5	131.326	132.179	25	36592650000	243951
12/03/2020 16:00	132.179	133.734	131.592	132.996	25	40758000000	271720
12/03/2020 20:00	132.998	133.071	131.287	131.84	25	32473200000	216488
13/03/2020 00:00	131.837	131.991	131.212	131.727	25	30572100000	203814
13/03/2020 04:00	131.727	133.211	131.454	132.554	25	34724550000	231497
13/03/2020 08:00	132.554	133.921	132.194	133.783	25	35678850000	237859
13/03/2020 12:00	133.783	134.3	133.253	133.595	25	37299900000	248666
13/03/2020 16:00	133.595	134.118	132.487	132.919	25	40953450000	273023
13/03/2020 20:00	132.919	133.84	132.301	132.399	23	24861000000	165740
16/03/2020 00:00	132.749	132.782	130.919	132.131	25	37174650000	247831
16/03/2020 04:00	132.114	132.566	131.181	131.416	25	29996250000	199975
16/03/2020 08:00	131.416	131.813	129.862	129.997	25	35919600000	239464
16/03/2020 12:00	129.997	130.552	128.889	129.739	25	38008350000	253389
16/03/2020 16:00	129.738	131.194	129.048	129.611	25	40341900000	268946
16/03/2020 20:00	129.611	130.309	129.353	129.893	25	29208000000	194720
17/03/2020 00:00	129.893	131.212	129.873	130.602	25	36807150000	245381
17/03/2020 04:00	130.602	130.72	130.092	130.243	25	38767650000	258451
17/03/2020 08:00	130.243	131.011	129.413	129.688	25	38124450000	254163
17/03/2020 12:00	129.684	129.962	128.741	128.741	25	39298500000	261990
17/03/2020 16:00	128.741	130.017	128.58	129.804	25	41211000000	274740
17/03/2020 20:00	129.804	130.536	129.631	129.77	25	26844450000	178963
18/03/2020 00:00	129.771	130.315	129.429	130.091	25	36495600000	243304
18/03/2020 04:00	130.091	130.168	129.466	129.546	25	34846200000	232308
18/03/2020 08:00	129.544	129.609	128.768	128.999	25	36817650000	245451
18/03/2020 12:00	128.999	129.084	126.958	127.271	25	37800000000	252000
18/03/2020 16:00	127.271	127.818	124.019	126.162	25	40554600000	270364
18/03/2020 20:00	126.162	126.211	123.834	125.118	25	26143500000	174290
19/03/2020 00:00	125.118	126.14	124.728	124.992	25	33850800000	225672
19/03/2020 04:00	124.992	125.939	124.967	125.139	25	35917350000	239449
19/03/2020 08:00	125.139	126.3	125.061	125.824	25	38837400000	258916
19/03/2020 12:00	125.823	128.047	125.462	127.757	25	39408750000	262725
19/03/2020 16:00	127.757	129.55	127.085	127.521	25	39783150000	265221
19/03/2020 20:00	127.52	128.02	126.52	127.106	25	27331050000	182207
20/03/2020 00:00	127.106	128.587	126.398	128.33	25	31362600000	209084
20/03/2020 04:00	128.331	128.478	127.803	128.264	25	28419600000	189464
20/03/2020 08:00	128.264	130.508	128.088	129.624	25	36723150000	244821
20/03/2020 12:00	129.624	130.611	129.067	130.492	25	36016350000	240109
20/03/2020 16:00	130.492	132.017	128.832	128.967	25	40682700000	271218
20/03/2020 20:00	128.967	129.437	128.447	129.195	25	25981650000	173211
23/03/2020 00:00	129.313	129.363	127.891	128.222	25	32800500000	218670
23/03/2020 04:00	128.222	128.563	128.067	128.424	25	27516000000	183440
23/03/2020 08:00	128.422	128.912	127.75	128.171	25	34340700000	228938
23/03/2020 12:00	128.171	129.092	127.328	129.009	25	38026950000	253513
23/03/2020 16:00	129.009	129.099	127.407	128.52	25	39842100000	265614
23/03/2020 20:00	128.52	128.698	127.617	128.286	25	25347000000	168980
24/03/2020 00:00	128.289	128.606	127.635	128.22	25	31717350000	211449
24/03/2020 04:00	128.22	128.572	127.996	128.143	25	32281200000	215208
24/03/2020 08:00	128.147	129.736	128.082	129.345	25	33508500000	223390
24/03/2020 12:00	129.346	130.659	129.189	130.611	25	36839250000	245595
24/03/2020 16:00	130.614	131.417	130.132	130.651	25	38847300000	258982
24/03/2020 20:00	130.655	131.136	130.512	130.69	25	25540950000	170273
25/03/2020 00:00	130.69	131.257	130.396	130.576	25	29059200000	193728
25/03/2020 04:00	130.576	131.933	130.538	131.774	25	31801650000	212011
25/03/2020 08:00	131.778	133.381	131.425	133.375	25	34940550000	232937
25/03/2020 12:00	133.375	133.384	131.108	131.313	25	37800750000	252005
25/03/2020 16:00	131.312	132.009	129.846	131.243	25	36801000000	245340
25/03/2020 20:00	131.242	132.506	131.164	132.057	25	24177900000	161186
26/03/2020 00:00	132.062	132.067	130.564	131.055	25	35193750000	234625
26/03/2020 04:00	131.055	131.457	130.671	131.061	25	27894000000	185960
26/03/2020 08:00	131.059	132.022	130.611	131.141	25	32885550000	219237
26/03/2020 12:00	131.141	131.846	130.627	131.819	25	36503400000	243356
26/03/2020 16:00	131.818	133.459	131.551	132.989	25	36496950000	243313
26/03/2020 20:00	132.987	133.806	132.466	132.981	25	25576050000	170507
27/03/2020 00:00	132.982	133.324	132.287	132.358	25	32319600000	215464
27/03/2020 04:00	132.358	133.377	132.113	133.041	25	29243550000	194957
27/03/2020 08:00	133.04	133.227	132.143	132.896	25	34048950000	226993
27/03/2020 12:00	132.896	133.471	132.451	132.802	25	36618300000	244122
27/03/2020 16:00	132.802	134.374	132.54	134.041	25	35946150000	239641
27/03/2020 20:00	134.039	134.736	133.909	134.472	23	21614550000	144097
30/03/2020 00:00	133.712	134.184	133.44	133.673	25	23939400000	159596
30/03/2020 04:00	133.673	133.788	132.74	133.362	25	27735450000	184903
30/03/2020 08:00	133.362	133.883	133.141	133.306	25	30242850000	201619
30/03/2020 12:00	133.303	134.399	132.999	134.226	25	29552100000	197014
30/03/2020 16:00	134.223	134.272	133.392	133.664	25	33204900000	221366
30/03/2020 20:00	133.665	134.115	133.444	133.612	25	22971300000	153142
31/03/2020 00:00	133.611	134.101	133.039	133.741	25	16746600000	111644
31/03/2020 04:00	133.741	134.14	133.436	133.52	25	23786850000	158579
31/03/2020 08:00	133.52	133.747	133.213	133.57	25	29077050000	193847
31/03/2020 12:00	133.569	134.416	133.567	134.301	25	32404950000	216033
31/03/2020 16:00	134.304	134.61	133.579	133.596	25	36127950000	240853
31/03/2020 20:00	133.596	134.039	133.282	133.49	25	26752500000	178350
01/04/2020 00:00	133.471	133.765	133.188	133.44	25	16092450000	107283
01/04/2020 04:00	133.44	133.574	133.205	133.359	25	19600650000	130671
01/04/2020 08:00	133.359	133.428	132.566	132.941	25	27759000000	185060
01/04/2020 12:00	132.941	133.324	132.741	132.983	25	27282750000	181885
01/04/2020 16:00	132.984	133.461	132.574	132.713	30	29729550000	198197
01/04/2020 20:00	132.713	133.068	132.471	132.565	30	22814400000	152096
02/04/2020 00:00	132.565	133.255	132.394	133.062	30	15874500000	105830
02/04/2020 04:00	133.062	133.256	132.981	133.148	30	17001900000	113346
02/04/2020 08:00	133.148	133.307	132.967	133.303	30	24975750000	166505
02/04/2020 12:00	133.303	133.872	132.858	133.063	30	26824950000	178833
02/04/2020 16:00	133.063	133.775	132.531	133.488	30	35377350000	235849
02/04/2020 20:00	133.488	133.94	133.296	133.631	30	26265300000	175102
03/04/2020 00:00	133.63	134.075	133.596	133.821	30	15480150000	103201
03/04/2020 04:00	133.821	133.828	133.482	133.69	30	20265600000	135104
03/04/2020 08:00	133.69	133.797	132.962	133.157	30	25681200000	171208
03/04/2020 12:00	133.157	133.391	132.831	133.018	30	30510300000	203402
03/04/2020 16:00	133.017	133.392	132.539	132.626	30	33190050000	221267
03/04/2020 20:00	132.626	133.164	132.599	133.164	23	23340300000	155602
06/04/2020 00:00	132.382	133.505	132.382	133.371	30	21777600000	145184
06/04/2020 04:00	133.371	133.525	133.015	133.138	30	25815150000	172101
06/04/2020 08:00	133.138	134.519	133.078	134.408	30	31174500000	207830
06/04/2020 12:00	134.408	134.484	133.73	134.017	30	29811300000	198742
06/04/2020 16:00	134.017	134.369	133.654	134.137	30	31894650000	212631
06/04/2020 20:00	134.137	134.333	133.333	133.539	30	23617050000	157447
07/04/2020 00:00	133.545	133.65	132.923	133.297	30	19471500000	129810
07/04/2020 04:00	133.299	133.657	133.211	133.541	30	23602500000	157350
07/04/2020 08:00	133.54	134.436	133.427	134.206	30	30432600000	202884
07/04/2020 12:00	134.206	134.966	133.934	134.811	30	31842150000	212281
07/04/2020 16:00	134.81	134.852	133.822	134.258	30	34384350000	229229
07/04/2020 20:00	134.258	134.514	134.067	134.094	30	28367850000	189119
08/04/2020 00:00	134.098	134.273	133.69	133.827	30	22718100000	151454
08/04/2020 04:00	133.827	134.214	133.784	134.119	30	20227500000	134850
08/04/2020 08:00	134.119	134.347	133.725	133.96	30	26716650000	178111
08/04/2020 12:00	133.96	134.752	133.945	134.75	30	26846250000	178975
08/04/2020 16:00	134.749	135.012	134.353	134.755	30	29931900000	199546
08/04/2020 20:00	134.755	134.935	134.65	134.65	30	18082350000	120549
09/04/2020 00:00	134.65	135.365	134.574	135.275	30	18079500000	120530
09/04/2020 04:00	135.275	135.311	134.891	134.957	30	22784100000	151894
09/04/2020 08:00	134.956	135.207	134.629	135.052	30	24070350000	160469
09/04/2020 12:00	135.052	135.455	134.915	135.349	30	27627150000	184181
09/04/2020 16:00	135.349	135.737	134.811	134.91	30	33815100000	225434
09/04/2020 20:00	134.909	135.255	134.824	134.957	30	25339200000	168928
10/04/2020 00:00	134.957	135.315	134.864	135.141	30	19996650000	133311
10/04/2020 04:00	135.141	135.226	134.998	135.125	30	21871650000	145811
10/04/2020 08:00	135.125	135.241	135.02	135.153	30	16965750000	113105
10/04/2020 12:00	135.153	135.377	135.135	135.361	30	19236900000	128246
10/04/2020 16:00	135.361	135.389	135.156	135.186	30	18971250000	126475
10/04/2020 20:00	135.183	135.258	134.712	135.057	23	16137150000	107581
13/04/2020 00:00	134.94	135.208	134.755	134.822	30	13878450000	92523
13/04/2020 04:00	134.822	134.861	134.497	134.559	30	16119000000	107460
13/04/2020 08:00	134.559	135.134	134.525	135.067	30	18664050000	124427
13/04/2020 12:00	135.067	135.13	134.637	134.707	30	18317550000	122117
13/04/2020 16:00	134.707	134.863	134.504	134.655	30	23531850000	156879
13/04/2020 20:00	134.655	134.823	134.578	134.763	30	15938100000	106254
14/04/2020 00:00	134.726	134.846	134.574	134.789	30	10343250000	68955
14/04/2020 04:00	134.789	135.402	134.735	135.286	30	17867850000	119119
14/04/2020 08:00	135.286	135.395	135.027	135.092	30	20836800000	138912
14/04/2020 12:00	135.092	135.117	134.56	135.069	30	24282450000	161883
14/04/2020 16:00	135.07	135.302	134.756	134.993	30	26971950000	179813
14/04/2020 20:00	134.994	135.485	134.952	135.252	30	18148500000	120990
15/04/2020 00:00	135.223	135.313	134.968	135.21	30	10613550000	70757
15/04/2020 04:00	135.21	135.263	134.952	134.967	30	13077600000	87184
15/04/2020 08:00	134.967	135.012	134.174	134.465	30	23085600000	153904
15/04/2020 12:00	134.466	134.567	133.621	133.859	30	27038250000	180255
15/04/2020 16:00	133.859	134.719	133.792	134.616	30	30748800000	204992
15/04/2020 20:00	134.616	134.922	134.333	134.447	30	23601450000	157343
16/04/2020 00:00	134.497	134.874	134.227	134.549	30	15083550000	100557
16/04/2020 04:00	134.549	134.744	134.508	134.659	30	18406650000	122711
16/04/2020 08:00	134.662	134.832	134.458	134.462	30	23815350000	158769
16/04/2020 12:00	134.462	134.516	134.261	134.385	30	24323250000	162155
16/04/2020 16:00	134.385	134.478	133.704	133.978	30	32217600000	214784
16/04/2020 20:00	133.978	134.425	133.783	134.391	30	22817550000	152117
17/04/2020 00:00	134.391	134.954	134.315	134.697	30	25879800000	172532
17/04/2020 04:00	134.697	134.839	134.546	134.613	30	19477950000	129853
17/04/2020 08:00	134.613	134.664	133.962	134.069	30	25779900000	171866
17/04/2020 12:00	134.069	134.508	133.888	134.103	30	27124050000	180827
17/04/2020 16:00	134.103	134.656	134.03	134.465	30	28750200000	191668
17/04/2020 20:00	134.46	134.539	134.268	134.448	23	19479600000	129864
20/04/2020 00:00	134.184	134.711	133.769	134.649	30	11724900000	321256
20/04/2020 04:00	134.649	134.684	134.464	134.548	30	20658150000	137721
20/04/2020 08:00	134.548	134.559	134.001	134.17	30	22712850000	151419
20/04/2020 12:00	134.171	134.439	133.897	134.011	30	25616850000	170779
20/04/2020 16:00	134.011	134.389	133.867	134.2	30	26864250000	179095
20/04/2020 20:00	134.198	134.23	133.769	133.794	30	18885750000	125905
21/04/2020 00:00	133.794	134.051	133.697	133.944	30	15990150000	106601
21/04/2020 04:00	133.943	134.009	133.219	133.341	30	25578000000	170520
21/04/2020 08:00	133.341	133.452	132.962	133.054	30	23940000000	159600
21/04/2020 12:00	133.055	133.094	131.963	132.024	30	28112100000	187414
21/04/2020 16:00	132.024	132.832	131.895	132.234	30	32257050000	215047
21/04/2020 20:00	132.232	132.603	132.154	132.257	30	25168950000	167793
22/04/2020 00:00	132.263	132.636	132.263	132.485	30	14652150000	97681
22/04/2020 04:00	132.487	132.608	132.033	132.157	30	19498200000	129988
22/04/2020 08:00	132.157	132.833	132.13	132.733	30	25021800000	166812
22/04/2020 12:00	132.733	133.285	132.715	133.22	30	23278800000	155192
22/04/2020 16:00	133.22	133.278	132.618	132.704	30	26704050000	178027
22/04/2020 20:00	132.704	132.887	132.543	132.857	30	16854150000	112361
23/04/2020 00:00	132.857	133.043	132.752	132.776	30	18984000000	126560
23/04/2020 04:00	132.775	133.006	132.743	132.964	30	19739550000	131597
23/04/2020 08:00	132.964	133.424	132.533	132.93	30	25024500000	166830
23/04/2020 12:00	132.93	133.055	132.534	132.583	30	25425450000	169503
23/04/2020 16:00	132.583	133.67	132.386	132.89	30	29614800000	197432
23/04/2020 20:00	132.889	133.038	132.49	132.739	30	23033850000	153559
24/04/2020 00:00	132.739	133.088	132.728	133.04	30	17742600000	118284
24/04/2020 04:00	133.04	133.06	132.829	132.931	30	15810450000	105403
24/04/2020 08:00	132.93	132.937	132.383	132.62	30	23877900000	159186
24/04/2020 12:00	132.62	133.135	132.584	132.98	30	25597200000	170648
24/04/2020 16:00	132.98	133.017	132.381	132.495	30	28098150000	187321
24/04/2020 20:00	132.495	133.027	132.413	133.027	23	18776250000	125175
27/04/2020 00:00	132.887	133.126	132.81	133.109	30	16269450000	108463
27/04/2020 04:00	133.109	133.53	133.009	133.324	30	19617300000	130782
27/04/2020 08:00	133.325	133.56	133.122	133.264	30	20242050000	134947
27/04/2020 12:00	133.264	133.335	132.99	133.05	30	19427250000	129515
27/04/2020 16:00	133.051	133.222	132.972	133.057	30	25192950000	167953
27/04/2020 20:00	133.055	133.324	133.021	133.225	30	15286950000	101913
28/04/2020 00:00	133.207	133.37	133.048	133.356	30	13603800000	90692
28/04/2020 04:00	133.356	133.367	133.065	133.156	30	13216350000	88109
28/04/2020 08:00	133.156	133.543	132.986	133.447	30	23029050000	153527
28/04/2020 12:00	133.447	133.449	133.082	133.095	30	25105350000	167369
28/04/2020 16:00	133.095	133.172	132.735	132.815	30	26047200000	173648
28/04/2020 20:00	132.815	133.042	132.712	132.751	30	14245050000	94967
29/04/2020 00:00	132.726	132.886	132.679	132.796	30	17959200000	119728
29/04/2020 04:00	132.796	132.906	132.777	132.898	30	17239950000	114933
29/04/2020 08:00	132.898	132.996	132.366	132.499	30	23425950000	156173
29/04/2020 12:00	132.497	132.539	131.93	132.503	30	23431350000	156209
29/04/2020 16:00	132.503	132.685	132.314	132.645	30	26034450000	173563
29/04/2020 20:00	132.645	132.98	132.643	132.929	30	19525950000	130173
30/04/2020 00:00	132.903	133.061	132.601	132.854	30	17066700000	113778
30/04/2020 04:00	132.855	132.942	132.7	132.812	30	14600250000	97335
30/04/2020 08:00	132.812	133.117	132.654	133.032	30	21600000000	144000
30/04/2020 12:00	133.032	133.459	133.028	133.381	30	24537150000	163581
30/04/2020 16:00	133.381	135.15	133.071	134.519	30	32989350000	219929
30/04/2020 20:00	134.519	135.437	134.482	134.868	30	21613200000	144088
01/05/2020 00:00	134.866	135.067	134.58	134.712	30	13341750000	88945
01/05/2020 04:00	134.712	134.729	134.412	134.6	30	16430850000	109539
01/05/2020 08:00	134.6	134.612	133.957	134.226	30	20043150000	133621
01/05/2020 12:00	134.226	134.341	133.431	133.639	30	26746350000	178309
01/05/2020 16:00	133.639	134.259	133.468	133.599	30	28200000000	188000
01/05/2020 20:00	133.6	133.69	133.355	133.69	23	22063050000	147087
04/05/2020 00:00	133.312	133.436	132.75	132.813	30	12506400000	83376
04/05/2020 04:00	132.813	133.044	132.759	132.787	30	20749200000	138328
04/05/2020 08:00	132.787	133.231	132.598	132.706	30	22338600000	148924
04/05/2020 12:00	132.706	132.913	132.509	132.766	30	23050050000	153667
04/05/2020 16:00	132.764	133.049	132.643	132.805	30	25402350000	169349
04/05/2020 20:00	132.806	132.839	132.69	132.742	30	13833750000	92225
05/05/2020 00:00	132.74	132.82	132.652	132.757	30	8960850000	59739
05/05/2020 04:00	132.757	132.916	132.727	132.845	30	11568900000	77126
05/05/2020 08:00	132.845	133.166	132.611	132.732	30	19423500000	129490
05/05/2020 12:00	132.731	133.016	132.703	132.861	30	24800850000	165339
05/05/2020 16:00	132.861	132.994	132.479	132.491	30	24746550000	164977
05/05/2020 20:00	132.491	132.615	132.356	132.356	30	16122150000	107481
06/05/2020 00:00	132.355	132.636	132.117	132.14	30	15353550000	102357
06/05/2020 04:00	132.14	132.293	132.057	132.221	30	11813550000	78757
06/05/2020 08:00	132.22	132.308	131.484	131.596	30	20047650000	133651
06/05/2020 12:00	131.596	131.669	131.288	131.51	30	20994000000	139960
06/05/2020 16:00	131.51	131.546	130.822	130.985	30	24370650000	162471
06/05/2020 20:00	130.985	131.123	130.855	130.924	30	15150150000	101001
07/05/2020 00:00	130.933	131.007	130.641	130.801	30	11667300000	77782
07/05/2020 04:00	130.801	130.957	130.766	130.911	30	12222150000	81481
07/05/2020 08:00	130.911	132.01	130.873	131.483	30	21312300000	142082
07/05/2020 12:00	131.483	131.922	131.276	131.441	30	22125750000	147505
07/05/2020 16:00	131.441	131.482	130.767	131.345	30	27487650000	183251
07/05/2020 20:00	131.346	131.529	131.203	131.205	30	18378150000	122521
08/05/2020 00:00	131.204	131.851	131.2	131.756	30	16323900000	108826
08/05/2020 04:00	131.756	131.921	131.605	131.808	30	23915850000	159439
08/05/2020 08:00	131.808	131.943	131.615	131.808	30	18463200000	123088
08/05/2020 12:00	131.808	131.996	131.545	131.949	30	19531950000	130213
08/05/2020 16:00	131.949	132.672	131.717	132.422	30	26359350000	175729
08/05/2020 20:00	132.422	132.471	132.231	132.466	23	13716450000	91443
11/05/2020 00:00	132.197	132.91	131.995	132.886	30	14708250000	98055
11/05/2020 04:00	132.886	132.979	132.673	132.882	30	17787600000	118584
11/05/2020 08:00	132.882	133.177	132.36	132.642	30	22682400000	151216
11/05/2020 12:00	132.642	132.683	131.868	132.08	30	22961100000	153074
11/05/2020 16:00	132.08	132.95	132.08	132.898	30	28471650000	189811
11/05/2020 20:00	132.897	133.01	132.695	132.695	30	17925900000	119506
12/05/2020 00:00	132.695	132.854	132.182	132.24	30	20515800000	136772
12/05/2020 04:00	132.24	132.415	132.186	132.332	30	16552800000	110352
12/05/2020 08:00	132.332	132.848	132.292	132.495	30	21760350000	145069
12/05/2020 12:00	132.496	132.838	132.452	132.776	30	22745400000	151636
12/05/2020 16:00	132.776	132.814	131.847	131.951	30	29839050000	198927
12/05/2020 20:00	131.951	131.955	131.292	131.294	30	20031450000	133543
13/05/2020 00:00	131.294	131.611	131.191	131.401	30	22185000000	147900
13/05/2020 04:00	131.401	131.629	131.356	131.491	30	19688250000	131255
13/05/2020 08:00	131.491	131.792	131.236	131.393	30	23826600000	158844
13/05/2020 12:00	131.393	131.924	131.252	131.658	30	26476200000	176508
13/05/2020 16:00	131.659	131.695	130.638	130.819	30	33193800000	221292
13/05/2020 20:00	130.819	130.991	130.675	130.802	30	21602250000	144015
14/05/2020 00:00	130.802	130.996	130.689	130.751	30	17511900000	116746
14/05/2020 04:00	130.751	130.874	130.416	130.492	30	18160650000	121071
14/05/2020 08:00	130.492	130.521	130.129	130.344	30	22102050000	147347
14/05/2020 12:00	130.344	130.747	130.263	130.343	30	25976400000	173176
14/05/2020 16:00	130.344	130.839	130.229	130.727	30	29296650000	195311
14/05/2020 20:00	130.729	131.293	130.696	131.078	30	23079900000	153866
15/05/2020 00:00	131.078	131.407	130.882	131.23	30	14292900000	95286
15/05/2020 04:00	131.23	131.257	130.827	130.981	30	20541600000	136944
15/05/2020 08:00	130.981	131.012	130.588	130.66	30	23795550000	158637
15/05/2020 12:00	130.658	130.786	129.974	130.225	30	26879400000	179196
15/05/2020 16:00	130.225	130.476	129.974	130.016	30	30229200000	201528
15/05/2020 20:00	130.016	130.129	129.512	129.686	23	17804400000	118696
18/05/2020 00:00	129.373	129.768	129.288	129.624	30	15524250000	103495
18/05/2020 04:00	129.624	129.777	129.535	129.585	30	17157000000	114380
18/05/2020 08:00	129.585	129.983	129.57	129.859	30	21494700000	143298
18/05/2020 12:00	129.859	130.765	129.797	130.697	30	25380750000	169205
18/05/2020 16:00	130.699	131.27	130.605	130.637	30	30256950000	201713
18/05/2020 20:00	130.637	130.975	130.583	130.853	30	18608700000	124058
19/05/2020 00:00	130.841	131.284	130.771	131.097	30	16222950000	108153
19/05/2020 04:00	131.097	131.197	130.772	131.119	30	18537900000	123586
19/05/2020 08:00	131.119	131.771	130.946	131.655	30	26072250000	173815
19/05/2020 12:00	131.655	132.115	131.504	132.106	30	24864600000	165764
19/05/2020 16:00	132.106	132.377	131.915	132.069	30	27012600000	180084
19/05/2020 20:00	132.069	132.497	131.768	131.92	30	18534150000	123561
20/05/2020 00:00	131.912	132.412	131.795	132.339	30	16054200000	107028
20/05/2020 04:00	132.339	132.363	132.037	132.104	30	16025400000	106836
20/05/2020 08:00	132.104	132.199	131.549	131.791	30	22402350000	149349
20/05/2020 12:00	131.791	132.15	131.702	131.906	30	24666450000	164443
20/05/2020 16:00	131.907	132.15	131.471	131.49	30	27429150000	182861
20/05/2020 20:00	131.491	131.62	131.429	131.548	30	19388700000	129258
21/05/2020 00:00	131.542	131.768	131.441	131.517	30	17451150000	116341
21/05/2020 04:00	131.517	131.529	131.214	131.326	30	14663850000	97759
21/05/2020 08:00	131.326	131.731	131.207	131.731	30	19971300000	133142
21/05/2020 12:00	131.731	131.939	131.588	131.715	30	22360050000	149067
21/05/2020 16:00	131.715	131.925	131.463	131.638	30	27205500000	181370
21/05/2020 20:00	131.638	131.794	131.389	131.454	30	17185950000	114573
22/05/2020 00:00	131.453	131.767	131.385	131.698	30	9840000000	65600
22/05/2020 04:00	131.698	131.718	131.132	131.179	30	19546800000	130312
22/05/2020 08:00	131.179	131.324	130.665	130.938	30	23958150000	159721
22/05/2020 12:00	130.938	131.04	130.68	130.916	30	20702550000	138017
22/05/2020 16:00	130.916	131.341	130.822	130.886	30	22999950000	153333
22/05/2020 20:00	130.884	131.067	130.849	130.999	23	16108950000	107393
25/05/2020 00:00	130.909	131.339	130.834	131.202	30	12444900000	82966
25/05/2020 04:00	131.202	131.226	131.03	131.132	30	19114650000	127431
25/05/2020 08:00	131.132	131.291	130.981	131.233	30	21284250000	141895
25/05/2020 12:00	131.233	131.307	131.089	131.197	30	17903550000	119357
25/05/2020 16:00	131.197	131.398	131.179	131.232	30	16459950000	109733
25/05/2020 20:00	131.232	131.353	131.06	131.145	30	22376550000	149177
26/05/2020 00:00	131.138	131.649	131.121	131.626	30	18253350000	121689
26/05/2020 04:00	131.626	131.812	131.577	131.737	30	17002500000	113350
26/05/2020 08:00	131.738	132.553	131.723	132.526	30	21381600000	142544
26/05/2020 12:00	132.526	132.803	132.336	132.619	30	25730250000	171535
26/05/2020 16:00	132.619	133.027	132.584	132.671	30	27560700000	183738
26/05/2020 20:00	132.668	132.761	132.467	132.599	30	18047400000	120316
27/05/2020 00:00	132.599	132.723	132.275	132.492	30	15363600000	102424
27/05/2020 04:00	132.492	132.672	132.287	132.31	30	17739000000	118260
27/05/2020 08:00	132.31	132.627	132.11	132.367	30	23514150000	156761
27/05/2020 12:00	132.367	132.993	132.213	132.39	30	30500700000	203338
27/05/2020 16:00	132.392	132.51	131.615	131.853	30	32611200000	217408
27/05/2020 20:00	131.854	132.12	131.758	132.025	30	20475900000	136506
28/05/2020 00:00	132.025	132.351	132.006	132.307	30	14759850000	98399
28/05/2020 04:00	132.307	132.321	132	132.093	30	22699650000	151331
28/05/2020 08:00	132.093	132.446	132.021	132.115	30	24646800000	164312
28/05/2020 12:00	132.115	132.423	131.815	132.286	30	26471250000	176475
28/05/2020 16:00	132.288	132.867	132.288	132.767	30	30837000000	205580
28/05/2020 20:00	132.767	132.865	132.473	132.533	30	22368600000	149124
29/05/2020 00:00	132.536	132.711	132.344	132.423	30	14676750000	97845
29/05/2020 04:00	132.423	132.483	132.192	132.239	30	19504500000	130030
29/05/2020 08:00	132.241	132.394	131.801	131.815	30	26283900000	175226
29/05/2020 12:00	131.814	132.492	131.764	132.381	30	27824700000	185498
29/05/2020 16:00	132.381	133.448	132.345	132.769	30	33554100000	223694
29/05/2020 20:00	132.769	133.296	132.622	133.091	23	25215600000	168104
01/06/2020 00:00	132.567	133.616	132.567	133.353	30	16867350000	112449
01/06/2020 04:00	133.353	133.657	133.121	133.138	30	19628250000	130855
01/06/2020 08:00	133.138	133.594	133.074	133.218	30	25709550000	171397
01/06/2020 12:00	133.219	133.544	133.197	133.52	30	24080850000	160539
01/06/2020 16:00	133.52	134.291	133.474	134.08	30	26884800000	179232
01/06/2020 20:00	134.08	134.521	134.053	134.329	30	19392450000	129283
02/06/2020 00:00	134.329	134.743	134.205	134.607	30	9211500000	61410
02/06/2020 04:00	134.608	134.657	134.363	134.399	30	8926950000	59513
02/06/2020 08:00	134.398	135.272	134.398	135.262	30	24556650000	163711
02/06/2020 12:00	135.262	136.066	135.072	135.894	30	27526950000	183513
02/06/2020 16:00	135.895	136.509	135.895	136.271	30	29046300000	193642
02/06/2020 20:00	136.27	136.485	136.215	136.358	30	17457600000	116384
03/06/2020 00:00	136.356	137.071	136.246	136.889	30	19267200000	128448
03/06/2020 04:00	136.889	136.997	136.265	136.542	30	24283050000	161887
03/06/2020 08:00	136.542	136.993	136.493	136.759	30	25829550000	172197
03/06/2020 12:00	136.759	137.034	136.241	136.552	30	27630000000	184200
03/06/2020 16:00	136.552	137.378	136.416	137.12	30	31671450000	211143
03/06/2020 20:00	137.12	137.168	136.884	136.904	30	18714750000	124765
04/06/2020 00:00	136.895	137.13	136.373	136.56	30	12902700000	86018
04/06/2020 04:00	136.56	136.763	136.467	136.713	30	15980850000	106539
04/06/2020 08:00	136.713	136.863	136.339	136.495	30	21809400000	145396
04/06/2020 12:00	136.495	136.994	135.942	136.31	30	27409650000	182731
04/06/2020 16:00	136.311	137.643	136.24	137.299	30	32049450000	213663
04/06/2020 20:00	137.299	137.798	137.266	137.449	30	21009450000	140063
05/06/2020 00:00	137.449	137.711	137.256	137.318	30	16130100000	107534
05/06/2020 04:00	137.318	137.741	137.263	137.669	30	19602000000	130680
05/06/2020 08:00	137.667	138.765	137.598	138.042	30	24168450000	161123
05/06/2020 12:00	138.042	138.767	137.853	138.686	30	27766350000	185109
05/06/2020 16:00	138.686	139.727	138.627	139.158	30	32133300000	214222
05/06/2020 20:00	139.158	139.165	138.769	138.814	23	20151600000	134344
08/06/2020 00:00	138.905	139.569	138.821	139.05	30	18453000000	123020
08/06/2020 04:00	139.049	139.221	138.896	139.099	30	20140500000	134270
08/06/2020 08:00	139.099	139.18	138.749	139.054	30	23161050000	154407
08/06/2020 12:00	139.054	139.067	138.109	138.375	30	23145000000	154300
08/06/2020 16:00	138.376	138.52	137.409	137.468	30	27635850000	184239
08/06/2020 20:00	137.467	138.042	137.467	137.923	30	17766600000	118444
09/06/2020 00:00	137.923	138.228	137.532	137.57	30	19783500000	131890
09/06/2020 04:00	137.571	137.659	137.07	137.119	30	18499650000	123331
09/06/2020 08:00	137.119	137.441	136.268	136.372	30	24474600000	163164
09/06/2020 12:00	136.371	137.205	136.22	136.617	30	24448200000	162988
09/06/2020 16:00	136.617	137.286	136.559	137.259	30	26951100000	179674
09/06/2020 20:00	137.258	137.304	137.078	137.082	30	14316150000	95441
10/06/2020 00:00	137.099	137.225	136.946	137.109	30	14442900000	96286
10/06/2020 04:00	137.109	137.222	137.005	137.028	30	17823150000	118821
10/06/2020 08:00	137.028	137.358	136.836	136.964	30	24372000000	162480
10/06/2020 12:00	136.964	137.408	136.642	137.248	30	23534250000	156895
10/06/2020 16:00	137.249	137.35	136.636	136.753	30	27391200000	182608
10/06/2020 20:00	136.751	137.194	136.452	136.505	30	25459050000	169727
11/06/2020 00:00	136.504	136.581	135.934	136.299	30	16905150000	112701
11/06/2020 04:00	136.299	136.41	135.459	135.793	30	19706100000	131374
11/06/2020 08:00	135.793	135.87	135.305	135.634	30	25577250000	170515
11/06/2020 12:00	135.634	135.893	135.061	135.146	30	25994850000	173299
11/06/2020 16:00	135.146	135.393	134.557	134.675	30	31670850000	211139
11/06/2020 20:00	134.674	134.856	134.451	134.633	30	24855900000	165706
12/06/2020 00:00	134.633	134.633	133.87	133.921	30	18775500000	125170
12/06/2020 04:00	133.925	134.902	133.785	134.701	30	22429500000	149530
12/06/2020 08:00	134.701	135.699	134.618	135.525	30	25802400000	172016
12/06/2020 12:00	135.527	136.034	135.131	135.217	30	26757450000	178383
12/06/2020 16:00	135.217	135.304	134.313	134.4	30	33246900000	221646
12/06/2020 20:00	134.397	134.709	134.013	134.651	23	25833150000	172221
15/06/2020 00:00	134.246	134.572	133.966	134.01	30	18712350000	124749
15/06/2020 04:00	134.01	134.356	133.926	134.009	30	19788150000	131921
15/06/2020 08:00	134.009	134.692	133.489	134.565	30	28737750000	191585
15/06/2020 12:00	134.565	134.938	134.152	134.626	30	24654900000	164366
15/06/2020 16:00	134.626	135.055	134.564	134.72	30	28856100000	192374
15/06/2020 20:00	134.72	135.306	134.666	135.28	30	21065700000	140438
16/06/2020 00:00	135.283	135.887	135.157	135.54	30	18378450000	122523
16/06/2020 04:00	135.54	136.338	135.37	136.082	30	21759000000	145060
16/06/2020 08:00	136.082	136.321	135.302	135.85	28	25782750000	171885
16/06/2020 12:00	135.844	136.147	135.567	136.035	28	24216150000	161441
16/06/2020 16:00	136.036	136.078	134.752	135.153	28	33917250000	226115
16/06/2020 20:00	135.154	135.158	134.713	134.893	28	20080650000	133871
17/06/2020 00:00	134.893	135.211	134.539	134.847	28	14517600000	96784
17/06/2020 04:00	134.847	134.948	134.426	134.649	28	18217800000	121452
17/06/2020 08:00	134.649	135.128	134.56	134.896	28	22482900000	149886
17/06/2020 12:00	134.895	135.097	134.425	134.73	28	24734550000	164897
17/06/2020 16:00	134.73	134.809	134.045	134.536	28	29060250000	193735
17/06/2020 20:00	134.535	134.603	134.141	134.323	28	18127950000	120853
18/06/2020 00:00	134.323	134.516	133.962	133.998	28	14793750000	98625
18/06/2020 04:00	133.998	134.199	133.657	134.089	28	21641700000	144278
18/06/2020 08:00	134.086	134.335	133.79	133.947	28	23450400000	156336
18/06/2020 12:00	133.947	134.265	132.882	132.917	28	30139050000	200927
18/06/2020 16:00	132.915	133.031	132.379	132.643	28	30013500000	200090
18/06/2020 20:00	132.642	132.946	132.566	132.865	28	17971200000	119808
19/06/2020 00:00	132.865	133.079	132.598	132.717	28	20250300000	135002
19/06/2020 04:00	132.717	132.953	132.645	132.775	28	16810950000	112073
19/06/2020 08:00	132.775	133.239	132.659	132.71	28	20840850000	138939
19/06/2020 12:00	132.709	132.837	132.089	132.553	28	24667800000	164452
19/06/2020 16:00	132.553	132.634	131.957	132.13	28	30062100000	200414
19/06/2020 20:00	132.129	132.155	131.926	131.951	23	19837650000	132251
22/06/2020 00:00	131.81	132	131.692	131.882	28	18072450000	120483
22/06/2020 04:00	131.882	132.466	131.882	132.446	28	18412500000	122750
22/06/2020 08:00	132.446	132.942	132.124	132.835	28	23417550000	156117
22/06/2020 12:00	132.835	132.945	132.297	132.571	28	22328550000	148857
22/06/2020 16:00	132.571	133.264	132.41	133.188	28	27054150000	180361
22/06/2020 20:00	133.188	133.408	133.188	133.265	28	18114000000	120760
23/06/2020 00:00	133.265	133.696	133.05	133.482	28	16068600000	107124
23/06/2020 04:00	133.482	133.844	132.734	133.545	28	25739550000	171597
23/06/2020 08:00	133.545	133.975	133.278	133.617	28	24302700000	162018
23/06/2020 12:00	133.617	133.646	133.085	133.233	28	24071850000	160479
23/06/2020 16:00	133.233	133.399	132.59	133.233	28	27471300000	183142
23/06/2020 20:00	133.233	133.415	133.205	133.335	28	13851900000	92784
24/06/2020 00:00	133.335	133.605	133.119	133.484	28	8145450000	54303
24/06/2020 04:00	133.484	133.56	133.176	133.348	28	9734850000	64899
24/06/2020 08:00	133.348	133.573	132.752	133.145	28	21162600000	141084
24/06/2020 12:00	133.143	133.515	132.854	133.374	28	24538650000	163591
24/06/2020 16:00	133.374	133.506	132.667	132.964	28	31150500000	207670
24/06/2020 20:00	132.966	132.992	132.793	132.905	28	17571000000	117140
25/06/2020 00:00	132.903	133.067	132.635	133.025	28	15154500000	101030
25/06/2020 04:00	133.025	133.134	132.88	132.986	28	17823600000	118824
25/06/2020 08:00	132.986	133.551	132.814	133.401	28	22311900000	148746
25/06/2020 12:00	133.401	133.602	133.221	133.27	28	24559800000	163732
25/06/2020 16:00	133.27	133.379	132.89	133.116	28	25675650000	171171
25/06/2020 20:00	133.117	133.141	132.947	133.096	28	14686200000	97908
26/06/2020 00:00	133.097	133.248	132.938	133.098	28	18160800000	121072
26/06/2020 04:00	133.098	133.251	133.021	133.088	28	14909550000	99397
26/06/2020 08:00	133.088	133.15	132.573	132.575	28	18148950000	120993
26/06/2020 12:00	132.571	132.717	132.315	132.435	28	20932650000	139551
26/06/2020 16:00	132.436	132.492	132.028	132.281	28	27615450000	184103
26/06/2020 20:00	132.281	132.377	132.181	132.258	23	14346300000	95642
29/06/2020 00:00	132.036	132.524	132.036	132.521	28	9924300000	66162
29/06/2020 04:00	132.52	132.674	132.332	132.424	28	16173000000	107820
29/06/2020 08:00	132.42	132.661	132.169	132.174	28	19328400000	128856
29/06/2020 12:00	132.174	132.259	131.939	132.234	28	21561000000	143740
29/06/2020 16:00	132.235	132.58	131.967	132.356	28	26235450000	174903
29/06/2020 20:00	132.356	132.431	132.204	132.274	28	14218500000	94790
30/06/2020 00:00	132.271	132.531	132.152	132.453	28	15671700000	104478
30/06/2020 04:00	132.453	132.627	132.443	132.496	28	14232300000	94882
30/06/2020 08:00	132.496	132.531	132.008	132.148	28	20317800000	135452
30/06/2020 12:00	132.148	132.372	132.037	132.361	28	20662350000	137749
30/06/2020 16:00	132.36	133.56	132.291	133.464	28	29817300000	198782
30/06/2020 20:00	133.464	133.868	133.417	133.791	28	19632600000	130884
01/07/2020 00:00	133.793	133.941	133.674	133.844	28	10615350000	70769
01/07/2020 04:00	133.844	133.861	133.044	133.049	28	21453150000	143021
01/07/2020 08:00	133.049	133.46	132.978	133.181	28	21831450000	145543
01/07/2020 12:00	133.181	133.513	132.934	133.364	28	24915750000	166105
01/07/2020 16:00	133.366	134.209	133.342	134.062	28	27650100000	184334
01/07/2020 20:00	134.062	134.207	133.971	134.037	28	14372850000	95819
02/07/2020 00:00	134.037	134.184	133.772	134	28	13168350000	87789
02/07/2020 04:00	134	134.269	133.946	134.198	28	17730600000	118204
02/07/2020 08:00	134.197	134.469	134.131	134.45	28	18787800000	125252
02/07/2020 12:00	134.447	134.694	134.308	134.404	28	20280600000	135204
02/07/2020 16:00	134.4	134.534	133.977	134.049	28	27903150000	186021
02/07/2020 20:00	134.049	134.1	133.95	134.006	28	12194550000	81297
03/07/2020 00:00	134.006	134.101	133.872	133.974	28	14821650000	98811
03/07/2020 04:00	133.974	134.097	133.93	133.95	28	14087700000	93918
03/07/2020 08:00	133.95	134.192	133.693	133.919	28	19029300000	126862
03/07/2020 12:00	133.919	133.964	133.687	133.904	28	17714850000	118099
03/07/2020 16:00	133.904	134.083	133.793	134.037	28	17152950000	114353
03/07/2020 20:00	134.037	134.257	133.954	134.175	23	21985500000	146570
06/07/2020 00:00	133.851	134.399	133.828	134.346	28	11918850000	79459
06/07/2020 04:00	134.346	134.562	134.32	134.515	28	15705600000	104704
06/07/2020 08:00	134.515	134.66	134.227	134.349	28	22785450000	151903
06/07/2020 12:00	134.349	134.593	134.287	134.466	28	20938050000	139587
06/07/2020 16:00	134.464	134.58	134.104	134.117	28	23291850000	155279
06/07/2020 20:00	134.117	134.226	134.011	134.024	28	14739900000	98266
07/07/2020 00:00	134.044	134.311	133.943	134.237	28	11758350000	78389
07/07/2020 04:00	134.237	134.292	134.102	134.255	28	17308350000	115389
07/07/2020 08:00	134.255	134.439	134.104	134.276	28	20936100000	139574
07/07/2020 12:00	134.275	134.945	134.209	134.903	28	20880600000	139204
07/07/2020 16:00	134.903	135.4	134.821	135.023	28	22874700000	152498
07/07/2020 20:00	135.021	135.196	134.794	134.805	28	15134400000	100896
08/07/2020 00:00	134.794	135.205	134.756	135.144	28	17634750000	117565
08/07/2020 04:00	135.144	135.282	134.948	134.996	28	13138050000	87587
08/07/2020 08:00	134.995	135.093	134.687	134.758	28	18734400000	124896
08/07/2020 12:00	134.76	135.088	134.565	134.904	28	20144850000	134299
08/07/2020 16:00	134.904	135.411	134.846	135.21	28	25414050000	169427
08/07/2020 20:00	135.214	135.35	135.189	135.219	28	15020850000	100139
09/07/2020 00:00	135.181	135.394	135.071	135.296	28	11149200000	74328
09/07/2020 04:00	135.296	135.523	135.244	135.493	28	14739450000	98263
09/07/2020 08:00	135.491	135.694	135.407	135.596	28	17940600000	119604
09/07/2020 12:00	135.597	135.91	135.559	135.714	28	19054350000	127029
09/07/2020 16:00	135.714	135.843	135.146	135.298	28	27759900000	185066
09/07/2020 20:00	135.298	135.382	135.037	135.114	28	15580050000	103867
10/07/2020 00:00	135.111	135.185	134.738	134.81	28	18190200000	121268
10/07/2020 04:00	134.81	134.875	134.578	134.579	28	15907650000	106051
10/07/2020 08:00	134.579	134.611	134.273	134.472	28	20505900000	136706
10/07/2020 12:00	134.472	134.82	134.395	134.707	28	20444100000	136294
10/07/2020 16:00	134.707	135.19	134.693	134.974	28	25924050000	172827
10/07/2020 20:00	134.974	135.081	134.919	134.976	23	14989950000	99933
13/07/2020 00:00	134.938	135.119	134.84	135.047	28	10459200000	69728
13/07/2020 04:00	135.047	135.224	135.047	135.205	28	13127100000	87514
13/07/2020 08:00	135.205	135.41	134.867	134.969	28	20934600000	139564
13/07/2020 12:00	134.969	135.148	134.778	135.1	28	21880350000	145869
13/07/2020 16:00	135.101	135.471	135.088	135.178	28	24316650000	162111
13/07/2020 20:00	135.18	135.25	134.576	134.683	28	20488650000	136591
14/07/2020 00:00	134.683	134.765	134.524	134.555	28	16712850000	111419
14/07/2020 04:00	134.555	134.626	134.37	134.626	28	15991800000	106612
14/07/2020 08:00	134.626	134.686	134.17	134.423	28	20090700000	133938
14/07/2020 12:00	134.423	134.621	134.228	134.325	28	23694900000	157966
14/07/2020 16:00	134.325	134.585	133.968	134.493	28	31244100000	208294
14/07/2020 20:00	134.494	134.667	134.468	134.594	28	18425700000	122838
15/07/2020 00:00	134.593	134.92	134.422	134.897	28	13263750000	88425
15/07/2020 04:00	134.897	135.004	134.75	134.847	28	15621000000	104140
15/07/2020 08:00	134.847	135.065	134.697	134.744	28	21814200000	145428
15/07/2020 12:00	134.744	135.071	134.63	134.955	28	24695100000	164634
15/07/2020 16:00	134.955	134.977	134.456	134.576	28	29656650000	197711
15/07/2020 20:00	134.576	134.674	134.524	134.588	28	14430450000	96203
16/07/2020 00:00	134.589	134.636	134.373	134.468	28	10491450000	69943
16/07/2020 04:00	134.468	134.557	134.193	134.209	28	15779400000	105196
16/07/2020 08:00	134.209	134.363	134.043	134.235	28	20899200000	139328
16/07/2020 12:00	134.234	134.705	134.133	134.581	28	23780700000	158538
16/07/2020 16:00	134.581	135.161	134.522	134.916	28	26527200000	176848
16/07/2020 20:00	134.916	134.961	134.603	134.609	28	18123600000	120824
17/07/2020 00:00	134.555	134.895	134.465	134.755	28	7493850000	49959
17/07/2020 04:00	134.755	134.815	134.631	134.681	28	10122600000	67484
17/07/2020 08:00	134.681	134.689	134.285	134.59	28	13254750000	88365
17/07/2020 12:00	134.59	134.629	134.171	134.208	28	14805150000	98701
17/07/2020 16:00	134.208	134.47	134.112	134.382	28	17052150000	113681
17/07/2020 20:00	134.384	134.541	134.323	134.498	23	9223200000	61488
20/07/2020 00:00	134.378	134.869	134.263	134.726	28	7961250000	53075
20/07/2020 04:00	134.726	134.767	134.333	134.39	28	11719350000	78129
20/07/2020 08:00	134.396	134.933	134.358	134.924	28	16476750000	109845
20/07/2020 12:00	134.922	135.392	134.891	135.295	28	16667550000	111117
20/07/2020 16:00	135.295	135.705	135.234	135.69	28	19121850000	127479
20/07/2020 20:00	135.69	135.897	135.64	135.777	28	9667500000	64450
21/07/2020 00:00	135.777	135.941	135.508	135.828	28	7558500000	50390
21/07/2020 04:00	135.828	135.969	135.707	135.807	28	8496300000	56642
21/07/2020 08:00	135.808	136.429	135.798	136.2	28	13610700000	90738
21/07/2020 12:00	136.2	136.317	135.995	136.162	28	13736250000	91575
21/07/2020 16:00	136.162	136.361	135.778	136.015	28	21298050000	141987
21/07/2020 20:00	136.015	136.27	135.869	135.947	28	12562350000	83749
22/07/2020 00:00	135.947	136.129	135.733	136.015	28	6038700000	40258
22/07/2020 04:00	136.014	136.05	135.748	135.913	28	7768050000	51787
22/07/2020 08:00	135.913	135.98	135.271	135.442	28	15108600000	100724
22/07/2020 12:00	135.442	136.218	135.33	136.113	28	16910850000	112739
22/07/2020 16:00	136.113	136.513	135.937	136.513	28	18740700000	124938
22/07/2020 20:00	136.513	136.611	136.432	136.435	28	8796450000	58643
23/07/2020 00:00	136.43	136.521	136.203	136.384	28	6147450000	40983
23/07/2020 04:00	136.384	136.552	136.312	136.518	28	6538050000	43587
23/07/2020 08:00	136.517	136.611	136.07	136.25	28	11998800000	79992
23/07/2020 12:00	136.25	136.428	135.841	135.855	28	15228300000	101522
23/07/2020 16:00	135.855	136.426	135.833	136.136	28	21686100000	144574
23/07/2020 20:00	136.136	136.197	135.95	136.13	28	15851850000	105679
24/07/2020 00:00	136.13	136.137	135.743	135.904	28	10341450000	68943
24/07/2020 04:00	135.904	136.033	135.432	135.485	28	13944600000	92964
24/07/2020 08:00	135.485	135.707	135.098	135.439	28	19509900000	130066
24/07/2020 12:00	135.439	135.647	135.298	135.417	28	17428650000	116191
24/07/2020 16:00	135.417	135.476	134.986	135.124	28	23912700000	159418
24/07/2020 20:00	135.124	135.824	135.073	135.788	23	11745450000	78303
27/07/2020 00:00	135.542	135.814	135.408	135.595	28	11986500000	79910
27/07/2020 04:00	135.595	135.73	135.457	135.551	28	17571150000	117141
27/07/2020 08:00	135.551	135.576	135.132	135.472	28	18703650000	124691
27/07/2020 12:00	135.472	135.629	135.203	135.489	28	20186700000	134578
27/07/2020 16:00	135.489	135.701	135.298	135.544	28	21123750000	140825
27/07/2020 20:00	135.545	135.756	135.49	135.71	28	10458150000	69721
28/07/2020 00:00	135.71	135.97	135.541	135.693	28	10467900000	69786
28/07/2020 04:00	135.693	135.848	135.631	135.723	28	17565900000	117106
28/07/2020 08:00	135.723	135.838	135.557	135.742	28	18313500000	122090
28/07/2020 12:00	135.742	135.758	135.33	135.407	28	19537800000	130252
28/07/2020 16:00	135.407	136.078	135.309	136.019	28	23822250000	158815
28/07/2020 20:00	136.019	136.117	135.814	135.882	28	11680650000	77871
29/07/2020 00:00	135.88	135.949	135.72	135.902	28	7837800000	52252
29/07/2020 04:00	135.902	135.96	135.675	135.739	28	12452400000	83016
29/07/2020 08:00	135.739	136.03	135.666	136.022	28	16513650000	110091
29/07/2020 12:00	136.022	136.432	136.01	136.312	28	17578800000	117192
29/07/2020 16:00	136.311	136.442	136.102	136.208	28	20447250000	136315
29/07/2020 20:00	136.208	136.452	136.116	136.338	28	19842150000	132281
30/07/2020 00:00	136.335	136.446	136.195	136.368	28	9291150000	61941
30/07/2020 04:00	136.368	136.425	136.287	136.376	28	11813850000	78759
30/07/2020 08:00	136.376	136.526	136.054	136.454	28	20037600000	133584
30/07/2020 12:00	136.452	136.991	136.385	136.883	28	20203500000	134690
30/07/2020 16:00	136.883	137.375	136.8	137.056	28	27241350000	181609
30/07/2020 20:00	137.057	137.263	137.022	137.122	28	15803100000	105354
31/07/2020 00:00	137.108	137.348	136.949	137.088	28	14125200000	94168
31/07/2020 04:00	137.09	137.147	136.777	136.954	28	19184250000	127895
31/07/2020 08:00	136.954	137.432	136.876	137.419	28	20167050000	134447
31/07/2020 12:00	137.418	138.299	137.227	138.275	28	21124800000	140832
31/07/2020 16:00	138.275	139.19	138.239	138.624	28	30633900000	204226
31/07/2020 20:00	138.623	138.76	138.372	138.525	23	16107300000	107382
03/08/2020 00:00	138.194	139.012	138.194	138.785	28	15027150000	100181
03/08/2020 04:00	138.785	138.841	138.422	138.519	28	16455450000	109703
03/08/2020 08:00	138.519	138.604	138.305	138.333	28	20490150000	136601
03/08/2020 12:00	138.333	138.543	137.737	138.387	28	24023700000	160158
03/08/2020 16:00	138.388	138.684	138.158	138.527	28	24525000000	163500
03/08/2020 20:00	138.527	138.653	138.454	138.502	28	13398600000	89324
04/08/2020 00:00	138.499	138.71	138.349	138.676	28	7676100000	51174
04/08/2020 04:00	138.676	138.87	138.64	138.705	28	10792950000	71953
04/08/2020 08:00	138.705	138.806	138.279	138.452	28	17921100000	119474
04/08/2020 12:00	138.452	138.519	137.828	137.855	28	20653950000	137693
04/08/2020 16:00	137.855	138.313	137.794	138.153	28	23184600000	154564
04/08/2020 20:00	138.153	138.248	137.942	138.174	28	13138200000	87588
05/08/2020 00:00	138.171	138.295	137.965	138.114	28	9070350000	60469
05/08/2020 04:00	138.114	138.264	138.029	138.244	28	11303550000	75357
05/08/2020 08:00	138.244	138.603	138.052	138.445	28	17426400000	116176
05/08/2020 12:00	138.447	138.992	138.308	138.626	28	20882250000	139215
05/08/2020 16:00	138.626	138.77	138.409	138.531	28	23231250000	154875
05/08/2020 20:00	138.531	138.596	138.428	138.466	28	11169300000	74462
06/08/2020 00:00	138.465	138.727	138.339	138.614	28	7817400000	52116
06/08/2020 04:00	138.614	138.674	138.463	138.593	28	11592600000	77284
06/08/2020 08:00	138.593	139.222	138.424	139.064	28	21465600000	143104
06/08/2020 12:00	139.064	139.211	138.624	138.843	28	20344950000	135633
06/08/2020 16:00	138.843	138.865	138.456	138.788	28	23749950000	158333
06/08/2020 20:00	138.788	138.858	138.628	138.704	28	13298100000	88654
07/08/2020 00:00	138.704	138.754	138.506	138.692	28	8096100000	53974
07/08/2020 04:00	138.692	138.696	138.288	138.444	28	15389700000	102598
07/08/2020 08:00	138.444	138.608	138.237	138.368	28	16855950000	112373
07/08/2020 12:00	138.368	138.416	138.09	138.302	28	19572450000	130483
07/08/2020 16:00	138.302	138.302	137.83	138.258	28	25266150000	168441
07/08/2020 20:00	138.257	138.394	138.144	138.247	23	12067200000	80448
10/08/2020 00:00	138.122	138.328	137.927	138.15	28	6005250000	40035
10/08/2020 04:00	138.147	138.318	138.098	138.206	28	7426350000	49509
10/08/2020 08:00	138.206	138.55	138.089	138.542	28	14425500000	96170
10/08/2020 12:00	138.542	138.607	138.199	138.493	28	15421500000	102810
10/08/2020 16:00	138.492	138.634	138.359	138.495	28	19516050000	130107
10/08/2020 20:00	138.495	138.55	138.353	138.493	28	9102750000	60685
11/08/2020 00:00	138.49	138.725	138.322	138.698	28	6804000000	45360
11/08/2020 04:00	138.698	138.851	138.695	138.801	28	9751050000	65007
11/08/2020 08:00	138.801	138.9	138.631	138.853	28	17050500000	113670
11/08/2020 12:00	138.85	139.178	138.835	139.011	28	19559850000	130399
11/08/2020 16:00	139.011	139.488	139.006	139.456	28	23600250000	157335
11/08/2020 20:00	139.454	139.472	138.841	138.928	28	15739050000	104927
12/08/2020 00:00	138.942	139.164	138.927	138.992	28	8367900000	55786
12/08/2020 04:00	138.992	139.096	138.862	139.015	28	15255000000	101700
12/08/2020 08:00	139.015	139.512	138.946	139.405	28	18158850000	121059
12/08/2020 12:00	139.405	139.472	139.114	139.199	28	19500600000	130004
12/08/2020 16:00	139.202	139.607	139.015	139.33	28	22762050000	151747
12/08/2020 20:00	139.33	139.338	139.108	139.293	28	12305250000	82035
13/08/2020 00:00	139.293	139.427	139.087	139.297	28	7313400000	48756
13/08/2020 04:00	139.297	139.44	139.271	139.349	28	10226400000	68176
13/08/2020 08:00	139.349	139.749	139.324	139.677	28	16237800000	108252
13/08/2020 12:00	139.677	140.194	139.609	140.031	28	19420950000	129473
13/08/2020 16:00	140.031	140.194	139.705	139.778	28	20717100000	138114
13/08/2020 20:00	139.777	139.86	139.483	139.7	28	14920650000	99471
14/08/2020 00:00	139.696	139.881	139.369	139.673	28	7486050000	49907
14/08/2020 04:00	139.673	139.713	139.542	139.556	28	8882100000	59214
14/08/2020 08:00	139.557	139.67	139.33	139.551	28	15030750000	100205
14/08/2020 12:00	139.55	140.004	139.351	139.872	28	17328450000	115523
14/08/2020 16:00	139.872	139.996	139.404	139.473	28	19244550000	128297
14/08/2020 20:00	139.473	139.588	139.417	139.582	23	9388650000	62591
17/08/2020 00:00	139.485	139.673	139.41	139.552	28	6931200000	46208
17/08/2020 04:00	139.552	139.657	139.435	139.517	28	8818200000	58788
17/08/2020 08:00	139.517	139.641	139.24	139.388	28	14769900000	98466
17/08/2020 12:00	139.388	139.557	138.962	139.126	28	18189000000	121260
17/08/2020 16:00	139.126	139.17	138.725	138.86	28	18992400000	126616
17/08/2020 20:00	138.86	138.984	138.834	138.878	28	9573150000	63821
18/08/2020 00:00	138.881	138.985	138.741	138.875	28	9149100000	60994
18/08/2020 04:00	138.876	138.959	138.583	138.754	28	11840850000	78939
18/08/2020 08:00	138.753	139.07	138.644	139.001	28	17979300000	119862
18/08/2020 12:00	139.001	139.179	138.821	139.158	28	18371400000	122476
18/08/2020 16:00	139.158	139.509	139.085	139.396	28	22641600000	150944
18/08/2020 20:00	139.396	139.63	139.396	139.529	28	9740850000	64939
19/08/2020 00:00	139.528	139.661	139.328	139.388	28	8880300000	59202
19/08/2020 04:00	139.388	139.761	139.382	139.729	28	12241650000	81611
19/08/2020 08:00	139.728	139.943	139.543	139.549	28	16809750000	112065
19/08/2020 12:00	139.546	139.682	138.863	139.205	28	18078900000	120526
19/08/2020 16:00	139.205	139.496	139.099	139.18	28	22097550000	147317
19/08/2020 20:00	139.18	139.189	138.782	138.901	28	18718500000	124790
20/08/2020 00:00	138.902	139.113	138.811	139.031	28	9299250000	61995
20/08/2020 04:00	139.032	139.094	138.839	138.844	28	12957300000	86382
20/08/2020 08:00	138.844	138.913	138.553	138.843	28	20281500000	135210
20/08/2020 12:00	138.84	139.212	138.753	138.766	28	21677850000	144519
20/08/2020 16:00	138.766	139.648	138.589	139.579	28	25105200000	167368
20/08/2020 20:00	139.579	139.861	139.573	139.776	28	13295550000	88637
21/08/2020 00:00	139.776	139.869	139.663	139.822	28	7664400000	51096
21/08/2020 04:00	139.822	139.898	139.724	139.853	28	10509600000	70064
21/08/2020 08:00	139.853	139.933	139.133	139.271	28	21865050000	145767
21/08/2020 12:00	139.271	139.302	138.57	138.573	28	25653000000	171020
21/08/2020 16:00	138.572	138.921	138.239	138.451	28	24141450000	160943
21/08/2020 20:00	138.451	138.617	138.393	138.479	23	10248300000	68322
24/08/2020 00:00	138.347	138.699	138.341	138.417	28	7559550000	50397
24/08/2020 04:00	138.416	138.571	138.305	138.523	28	9582750000	63885
24/08/2020 08:00	138.524	138.81	138.382	138.656	28	15086400000	100576
24/08/2020 12:00	138.656	138.993	138.551	138.789	28	16306650000	108711
24/08/2020 16:00	138.789	138.83	138.278	138.374	28	20249850000	134999
24/08/2020 20:00	138.374	138.488	138.282	138.42	28	10197000000	67980
25/08/2020 00:00	138.421	138.62	138.342	138.616	28	9983550000	66557
25/08/2020 04:00	138.616	138.972	138.546	138.872	28	10800900000	72006
25/08/2020 08:00	138.872	139.377	138.736	139.362	28	15737550000	104917
25/08/2020 12:00	139.362	139.901	139.243	139.762	28	19719900000	131466
25/08/2020 16:00	139.762	140.019	139.639	139.663	28	22475400000	149836
25/08/2020 20:00	139.663	139.906	139.609	139.895	28	10226700000	68178
26/08/2020 00:00	139.895	140.127	139.748	139.924	28	7845150000	52301
26/08/2020 04:00	139.923	140.036	139.725	139.751	28	10145700000	67638
26/08/2020 08:00	139.751	139.872	139.625	139.741	28	16162200000	107748
26/08/2020 12:00	139.741	139.843	139.623	139.722	28	17645550000	117637
26/08/2020 16:00	139.722	140.289	139.706	140.063	28	20885250000	139235
26/08/2020 20:00	140.064	140.128	139.826	139.981	28	11450400000	76336
27/08/2020 00:00	139.981	139.993	139.815	139.961	28	10004100000	66694
27/08/2020 04:00	139.96	140.1	139.864	139.941	28	11107350000	74049
27/08/2020 08:00	139.94	140.257	139.921	140.114	28	15073950000	100493
27/08/2020 12:00	140.114	140.241	139.681	140.199	28	17017200000	113448
27/08/2020 16:00	140.201	140.826	140.004	140.625	28	30934800000	206232
27/08/2020 20:00	140.625	140.846	140.544	140.637	28	13805700000	92038
28/08/2020 00:00	140.637	140.849	140.479	140.749	28	8988450000	59923
28/08/2020 04:00	140.749	141.604	140.706	141.439	28	15229200000	101528
28/08/2020 08:00	141.439	141.474	140.538	140.58	28	29097000000	193980
28/08/2020 12:00	140.582	140.664	140.004	140.053	28	27628950000	184193
28/08/2020 16:00	140.053	140.589	140.015	140.456	28	27528450000	183523
28/08/2020 20:00	140.455	140.711	140.445	140.651	23	14596950000	97313
31/08/2020 00:00	140.562	141.139	140.33	140.656	28	15186450000	101243
31/08/2020 04:00	140.656	140.992	140.489	140.929	28	17942100000	119614
31/08/2020 08:00	140.928	141.013	140.719	140.963	28	21691350000	144609
31/08/2020 12:00	140.963	141.299	140.796	141.192	28	22518000000	150120
31/08/2020 16:00	141.192	142.029	141.131	141.548	28	28022550000	186817
31/08/2020 20:00	141.547	141.627	141.456	141.561	28	16537500000	110250
01/09/2020 00:00	141.555	141.734	141.35	141.361	28	12044400000	80296
01/09/2020 04:00	141.361	141.779	141.319	141.766	28	21078450000	140523
01/09/2020 08:00	141.766	142.007	141.578	141.896	28	25985100000	173234
01/09/2020 12:00	141.896	142.702	141.87	142.559	28	26215200000	174768
01/09/2020 16:00	142.559	142.587	141.868	141.97	28	30427500000	202850
01/09/2020 20:00	141.97	141.978	141.709	141.784	28	19066950000	127113
02/09/2020 00:00	141.789	141.958	141.648	141.885	28	13208400000	88056
02/09/2020 04:00	141.885	141.914	141.699	141.854	28	17184600000	114564
02/09/2020 08:00	141.856	141.901	141.321	141.666	28	23604900000	157366
02/09/2020 12:00	141.666	141.946	141.591	141.732	28	25360350000	169069
02/09/2020 16:00	141.733	141.745	141.005	141.492	28	30135300000	200902
02/09/2020 20:00	141.492	141.782	141.445	141.751	28	18290250000	121935
03/09/2020 00:00	141.75	141.86	141.553	141.567	28	12219750000	81465
03/09/2020 04:00	141.567	141.707	141.47	141.51	28	17535450000	116903
03/09/2020 08:00	141.51	141.524	141.071	141.49	28	25200900000	168006
03/09/2020 12:00	141.49	141.502	141.014	141.154	28	27218250000	181455
03/09/2020 16:00	141.154	141.395	140.461	140.71	28	32610000000	217400
03/09/2020 20:00	140.71	141.015	140.586	140.998	28	21254700000	141698
04/09/2020 00:00	141	141	140.649	140.91	28	12677550000	84517
04/09/2020 04:00	140.91	141.13	140.89	140.943	28	15560400000	103736
04/09/2020 08:00	140.943	141.386	140.689	141.358	28	21153300000	141022
04/09/2020 12:00	141.358	141.423	140.644	140.711	28	23847150000	158981
04/09/2020 16:00	140.711	140.745	140.103	140.726	28	32565900000	217106
04/09/2020 20:00	140.726	141.173	140.682	141.08	23	17898900000	119326
07/09/2020 00:00	140.656	140.985	140.628	140.953	28	12102600000	80684
07/09/2020 04:00	140.953	140.975	140.533	140.548	28	15590850000	103939
07/09/2020 08:00	140.548	140.594	140	140.083	28	21937800000	146252
07/09/2020 12:00	140.076	140.182	139.634	139.739	28	21079500000	140530
07/09/2020 16:00	139.739	140.063	139.582	140.022	28	19349700000	128998
07/09/2020 20:00	140.022	140.025	139.747	139.76	28	16233000000	108220
08/09/2020 00:00	139.76	139.97	139.731	139.772	28	13447350000	89649
08/09/2020 04:00	139.772	139.829	139.548	139.597	28	13867200000	92448
08/09/2020 08:00	139.597	139.771	139.254	139.278	28	22035600000	146904
08/09/2020 12:00	139.278	139.361	138.03	138.174	28	29188050000	194587
08/09/2020 16:00	138.174	138.372	137.86	138.179	28	30486000000	203240
08/09/2020 20:00	138.179	138.201	137.602	137.607	28	18908250000	126055
09/09/2020 00:00	137.613	137.681	137.044	137.418	28	15338100000	102254
09/09/2020 04:00	137.418	137.421	137.187	137.308	28	15640800000	104272
09/09/2020 08:00	137.308	137.409	136.724	137.125	28	24611550000	164077
09/09/2020 12:00	137.125	137.839	136.796	137.425	28	27063150000	180421
09/09/2020 16:00	137.425	138.299	137.33	138.254	28	30306600000	202044
09/09/2020 20:00	138.254	138.347	137.914	138.026	28	17332050000	115547
10/09/2020 00:00	138.026	138.153	137.851	137.956	28	13117800000	87452
10/09/2020 04:00	137.956	137.985	137.76	137.827	28	16049250000	106995
10/09/2020 08:00	137.827	138.345	137.74	138.034	28	21889200000	145928
10/09/2020 12:00	138.034	138.276	137.117	137.504	28	26158200000	174388
10/09/2020 16:00	137.504	137.707	135.72	136.212	28	30777000000	205180
10/09/2020 20:00	136.209	136.423	135.559	135.875	28	21972450000	146483
11/09/2020 00:00	135.87	136.096	135.762	135.865	28	16525650000	110171
11/09/2020 04:00	135.865	136.224	135.854	136.087	28	15884250000	105895
11/09/2020 08:00	136.087	136.582	135.728	135.797	28	23501100000	156674
11/09/2020 12:00	135.797	136.578	135.561	135.978	28	25755450000	171703
11/09/2020 16:00	135.978	136.088	135.591	135.753	28	27545700000	183638
11/09/2020 20:00	135.753	135.845	135.636	135.825	23	18370800000	122472
14/09/2020 00:00	135.521	135.948	135.41	135.801	28	9341850000	62279
14/09/2020 04:00	135.801	136.133	135.799	135.928	28	14456850000	96379
14/09/2020 08:00	135.928	136.302	135.83	136.161	28	21429300000	142862
14/09/2020 12:00	136.162	136.531	136.113	136.371	28	22405500000	149370
14/09/2020 16:00	136.371	136.575	135.858	135.94	28	25622550000	170817
14/09/2020 20:00	135.941	135.978	135.766	135.799	28	16116150000	107441
15/09/2020 00:00	135.789	135.876	135.621	135.677	28	11090100000	73934
15/09/2020 04:00	135.677	135.949	135.409	135.913	28	16629900000	110866
15/09/2020 08:00	135.913	136.41	135.782	136.256	28	24749850000	164999
15/09/2020 12:00	136.258	136.424	135.777	135.827	28	25792350000	171949
15/09/2020 16:00	135.827	135.959	135.457	135.949	28	25917900000	172786
15/09/2020 20:00	135.949	136.091	135.797	135.886	28	16070250000	107135
16/09/2020 00:00	135.887	135.892	135.546	135.714	28	9905100000	66034
16/09/2020 04:00	135.714	135.952	135.601	135.791	28	16815000000	112100
16/09/2020 08:00	135.791	135.916	135.57	135.799	28	19017150000	126781
16/09/2020 12:00	135.799	136.456	135.741	136.129	28	23703150000	158021
16/09/2020 16:00	136.131	136.357	135.92	136.134	28	25181100000	167874
16/09/2020 20:00	136.134	136.285	135.889	136.063	28	25074450000	167163
17/09/2020 00:00	136.063	136.2	135.724	135.872	28	12505050000	83367
17/09/2020 04:00	135.872	135.981	135.517	135.789	28	22706250000	151375
17/09/2020 08:00	135.789	135.921	135.556	135.731	28	26020050000	173467
17/09/2020 12:00	135.731	135.949	134.56	134.639	28	27726000000	184840
17/09/2020 16:00	134.639	135.983	134.599	135.616	28	30012750000	200085
17/09/2020 20:00	135.616	136.004	135.562	135.865	28	18609300000	124062
18/09/2020 00:00	135.857	136.147	135.737	135.947	28	9602250000	64015
18/09/2020 04:00	135.947	136.021	135.667	135.807	28	16088100000	107254
18/09/2020 08:00	135.807	135.986	135.561	135.662	28	19667100000	131114
18/09/2020 12:00	135.662	135.714	135.151	135.364	28	21752550000	145017
18/09/2020 16:00	135.364	135.416	134.995	135.171	28	24529800000	163532
18/09/2020 20:00	135.171	135.262	134.94	135.066	23	16648950000	110993
21/09/2020 00:00	135.066	135.322	134.993	135.282	28	9248250000	61655
21/09/2020 04:00	135.282	135.315	135.084	135.12	28	14632050000	97547
21/09/2020 08:00	135.12	135.222	133.525	133.718	28	24585900000	163906
21/09/2020 12:00	133.718	134.077	133.585	133.792	28	26420100000	176134
21/09/2020 16:00	133.792	134.55	133.651	133.95	28	30042150000	200281
21/09/2020 20:00	133.95	134.215	133.812	134.092	28	18511050000	123407
22/09/2020 00:00	134.092	134.265	133.978	134.128	28	10393350000	69289
22/09/2020 04:00	134.128	134.132	133.765	134.019	28	15994800000	106632
22/09/2020 08:00	134.019	134.302	133.026	134.062	28	23755800000	158372
22/09/2020 12:00	134.062	134.374	133.597	133.804	28	24359850000	162399
22/09/2020 16:00	133.804	134.046	133.422	133.594	28	28177800000	187852
22/09/2020 20:00	133.594	133.737	133.541	133.565	28	15418650000	102791
23/09/2020 00:00	133.565	133.908	133.43	133.7	28	14332650000	95551
23/09/2020 04:00	133.7	133.915	133.589	133.608	28	17314350000	115429
23/09/2020 08:00	133.608	133.779	133.126	133.485	28	23682600000	157884
23/09/2020 12:00	133.485	134.094	133.421	134.008	28	24663600000	164424
23/09/2020 16:00	134.008	134.605	133.838	134.471	28	28005300000	186702
23/09/2020 20:00	134.471	134.482	133.966	134.032	28	20759250000	138395
24/09/2020 00:00	134.026	134.217	133.836	134.177	28	14457750000	96385
24/09/2020 04:00	134.177	134.292	133.889	133.908	28	16781850000	111879
24/09/2020 08:00	133.908	134.288	133.596	134.161	28	23489100000	156594
24/09/2020 12:00	134.162	134.655	134.051	134.468	28	24754350000	165029
24/09/2020 16:00	134.468	134.581	134.027	134.473	28	29346750000	195645
24/09/2020 20:00	134.472	134.61	134.214	134.314	28	20496450000	136643
25/09/2020 00:00	134.31	134.602	134.158	134.55	28	12261150000	81741
25/09/2020 04:00	134.55	134.586	134.323	134.454	28	17371050000	115807
25/09/2020 08:00	134.454	134.814	134.307	134.578	28	23693250000	157955
25/09/2020 12:00	134.578	134.594	133.821	134.376	28	25615650000	170771
25/09/2020 16:00	134.376	134.377	134.037	134.147	28	27404250000	182695
25/09/2020 20:00	134.147	134.626	134.091	134.595	23	18000600000	120004
28/09/2020 00:00	134.427	134.884	134.352	134.387	28	10748250000	71655
28/09/2020 04:00	134.387	134.688	134.387	134.444	28	15537600000	103584
28/09/2020 08:00	134.444	135.284	134.375	135.079	28	21254550000	141697
28/09/2020 12:00	135.079	136.218	135.036	135.736	28	25561800000	170412
28/09/2020 16:00	135.736	135.951	135.479	135.653	28	26418450000	176123
28/09/2020 20:00	135.653	135.66	135.311	135.329	28	18215400000	121436
29/09/2020 00:00	135.321	135.812	135.321	135.599	28	14521950000	96813
29/09/2020 04:00	135.599	135.735	135.439	135.733	28	16124550000	107497
29/09/2020 08:00	135.732	136.124	135.619	136.101	28	25716300000	171442
29/09/2020 12:00	136.101	136.132	135.651	135.811	28	27231600000	181544
29/09/2020 16:00	135.811	136.241	135.497	135.798	28	29989200000	199928
29/09/2020 20:00	135.798	135.988	135.659	135.817	28	18967350000	126449
30/09/2020 00:00	135.817	136.033	135.721	135.928	28	11058750000	73725
30/09/2020 04:00	135.928	136.052	135.43	135.459	28	23845500000	158970
30/09/2020 08:00	135.459	135.674	135.168	135.439	28	25410000000	169400
30/09/2020 12:00	135.439	135.868	135.391	135.743	28	25618650000	170791
30/09/2020 16:00	135.744	136.528	135.636	136.234	28	31650900000	211006
30/09/2020 20:00	136.234	136.283	136.038	136.235	28	23703000000	158020
01/10/2020 00:00	136.23	136.998	135.348	136.244	28	15421050000	349316
01/10/2020 04:00	136.244	136.524	136.242	136.407	28	19699350000	131329
01/10/2020 08:00	136.407	136.625	135.349	135.41	28	26911500000	179410
01/10/2020 12:00	135.41	136.998	135.363	136.709	28	31306950000	208713
01/10/2020 16:00	136.709	136.828	135.817	136.088	28	32694000000	217960
01/10/2020 20:00	136.088	136.142	135.904	135.92	28	20652450000	137683
02/10/2020 00:00	135.92	136.058	135.812	135.89	28	19873350000	132489
02/10/2020 04:00	135.891	135.985	135.501	135.552	28	19085850000	127239
02/10/2020 08:00	135.552	136.254	135.043	136.174	28	31220850000	208139
02/10/2020 12:00	136.174	136.26	135.679	136.004	28	26545650000	176971
02/10/2020 16:00	136.003	136.38	135.634	136.251	28	29654700000	197698
02/10/2020 20:00	136.251	136.389	136.135	136.195	23	17102250000	114015
05/10/2020 00:00	136.016	136.72	135.98	136.604	28	19390350000	129269
05/10/2020 04:00	136.604	136.663	136.502	136.561	28	24999750000	166665
05/10/2020 08:00	136.561	136.983	136.212	136.811	28	21931050000	146207
05/10/2020 12:00	136.811	136.941	136.589	136.881	28	24685800000	164572
05/10/2020 16:00	136.885	137.333	136.88	137.247	28	25241400000	168276
05/10/2020 20:00	137.248	137.334	137.11	137.15	28	15522150000	103481
06/10/2020 00:00	137.131	137.415	137.065	137.291	28	14549850000	96999
06/10/2020 04:00	137.291	137.349	137.159	137.178	28	19587900000	130586
06/10/2020 08:00	137.178	137.433	136.787	137.097	28	26199300000	174662
06/10/2020 12:00	137.097	137.158	136.411	136.629	28	26304300000	175362
06/10/2020 16:00	136.629	137.16	136.573	136.816	28	26244300000	174962
06/10/2020 20:00	136.817	136.82	135.916	136.002	28	23302350000	155349
07/10/2020 00:00	136.002	136.192	135.87	136.088	28	15518850000	103459
07/10/2020 04:00	136.088	136.269	135.948	136.244	28	19439400000	129596
07/10/2020 08:00	136.244	136.889	136.201	136.753	28	25536300000	170242
07/10/2020 12:00	136.759	136.82	136.26	136.569	28	26578200000	177188
07/10/2020 16:00	136.569	136.965	135.992	136.875	28	26593950000	177293
07/10/2020 20:00	136.875	136.982	136.795	136.798	28	17240850000	114939
08/10/2020 00:00	136.798	137.102	136.772	136.997	28	17330250000	115535
08/10/2020 04:00	136.997	137.094	136.9	137.037	28	16504950000	110033
08/10/2020 08:00	137.037	137.395	137.007	137.272	28	22469100000	149794
08/10/2020 12:00	137.269	137.344	136.669	136.811	28	22633650000	150891
08/10/2020 16:00	136.811	137.212	136.737	137.154	28	24490200000	163268
08/10/2020 20:00	137.155	137.205	137.049	137.115	28	14610750000	97405
09/10/2020 00:00	137.115	137.188	136.885	137.071	28	13858200000	92388
09/10/2020 04:00	137.071	137.177	137.045	137.115	28	14855850000	99039
09/10/2020 08:00	137.115	137.388	136.927	137.045	28	21708150000	144721
09/10/2020 12:00	137.045	137.26	136.775	137.251	28	24708450000	164723
09/10/2020 16:00	137.251	137.678	137.06	137.598	28	26418450000	176123
09/10/2020 20:00	137.598	137.824	137.579	137.652	23	15027600000	100184
12/10/2020 00:00	137.611	137.823	137.513	137.596	28	12521550000	83477
12/10/2020 04:00	137.596	137.632	137.43	137.551	28	19540800000	130272
12/10/2020 08:00	137.551	137.706	137.409	137.418	28	20969400000	139796
12/10/2020 12:00	137.418	137.445	137.207	137.418	28	25241700000	168278
12/10/2020 16:00	137.418	137.704	137.28	137.562	28	22396350000	149309
12/10/2020 20:00	137.562	137.697	137.487	137.573	28	15742200000	104948
13/10/2020 00:00	137.573	137.636	137.37	137.447	28	9982800000	66552
13/10/2020 04:00	137.447	137.571	137.302	137.569	28	20129850000	134199
13/10/2020 08:00	137.568	137.736	137.261	137.712	28	25099200000	167328
13/10/2020 12:00	137.712	137.763	137.25	137.309	28	25486350000	169909
13/10/2020 16:00	137.308	137.309	136.699	136.745	28	26968650000	179791
13/10/2020 20:00	136.745	136.747	136.36	136.399	28	18547800000	123652
14/10/2020 00:00	136.399	136.481	136.364	136.394	28	14651400000	97676
14/10/2020 04:00	136.394	136.411	136.123	136.24	28	17205600000	114704
14/10/2020 08:00	136.24	136.268	135.652	135.966	28	23213250000	154755
14/10/2020 12:00	135.966	137.167	135.892	137.089	28	29204850000	194699
14/10/2020 16:00	137.09	137.32	136.715	136.85	28	25622100000	170814
14/10/2020 20:00	136.85	136.99	136.787	136.818	28	14094000000	93960
15/10/2020 00:00	136.815	137.055	136.682	137.025	28	15307650000	102051
15/10/2020 04:00	137.025	137.161	136.909	137.056	28	21380700000	142538
15/10/2020 08:00	137.056	137.109	136.199	136.325	28	23858400000	159056
15/10/2020 12:00	136.325	136.638	135.809	135.988	28	26877300000	179182
15/10/2020 16:00	135.988	136.362	135.752	136.164	28	29070150000	193801
15/10/2020 20:00	136.164	136.243	135.94	136.117	28	16686300000	111242
16/10/2020 00:00	136.114	136.165	135.816	135.902	28	12327300000	82182
16/10/2020 04:00	135.902	135.955	135.605	135.639	28	17485050000	116567
16/10/2020 08:00	135.639	136.263	135.626	136.071	28	22257150000	148381
16/10/2020 12:00	136.071	136.404	135.376	136.001	28	27795750000	185305
16/10/2020 16:00	136.001	136.398	135.631	136.204	28	26389650000	175931
16/10/2020 20:00	136.204	136.297	136.003	136.084	23	14161200000	94408
19/10/2020 00:00	135.823	136.425	135.823	136.371	28	13478850000	89859
19/10/2020 04:00	136.371	136.418	136.225	136.271	28	16948650000	112991
19/10/2020 08:00	136.271	137.013	136.231	136.889	28	23111100000	154074
19/10/2020 12:00	136.889	137.104	136.684	136.849	28	24919650000	166131
19/10/2020 16:00	136.85	137.236	136.673	136.84	28	26250450000	175003
19/10/2020 20:00	136.84	136.885	136.38	136.478	28	19172850000	127819
20/10/2020 00:00	136.474	136.76	136.29	136.686	28	18966750000	126445
20/10/2020 04:00	136.686	136.757	136.547	136.585	28	17055750000	113705
20/10/2020 08:00	136.585	136.857	136.318	136.805	28	21731400000	144876
20/10/2020 12:00	136.805	136.981	136.483	136.626	28	25278600000	168524
20/10/2020 16:00	136.625	137.022	136.549	136.584	28	25614300000	170762
20/10/2020 20:00	136.584	136.627	136.354	136.55	28	22094550000	147297
21/10/2020 00:00	136.55	136.687	136.322	136.557	28	17775750000	118505
21/10/2020 04:00	136.557	136.718	136.547	136.661	28	19848300000	132322
21/10/2020 08:00	136.661	137.179	136.59	136.831	28	25659600000	171064
21/10/2020 12:00	136.831	137.097	136.725	136.941	28	25964100000	173094
21/10/2020 16:00	136.941	137.654	136.81	137.494	28	27201300000	181342
21/10/2020 20:00	137.494	137.639	137.325	137.447	28	16685400000	111236
22/10/2020 00:00	137.444	137.516	137.294	137.449	28	12120300000	80802
22/10/2020 04:00	137.449	137.552	137.411	137.481	28	12778200000	85188
22/10/2020 08:00	137.481	137.578	137.129	137.188	28	19872900000	132486
22/10/2020 12:00	137.187	137.325	136.957	137.052	28	24344550000	162297
22/10/2020 16:00	137.052	137.311	137.002	137.248	28	26460000000	176400
22/10/2020 20:00	137.248	137.258	136.98	137.072	28	14487150000	96581
23/10/2020 00:00	137.072	137.368	136.773	136.894	28	15095400000	100636
23/10/2020 04:00	136.894	136.936	136.689	136.743	28	13814250000	92095
23/10/2020 08:00	136.743	137.15	136.655	136.923	28	20500350000	136669
23/10/2020 12:00	136.923	137.313	136.713	137.046	28	22427850000	149519
23/10/2020 16:00	137.046	137.086	136.422	136.485	28	25487250000	169915
23/10/2020 20:00	136.485	136.667	136.355	136.54	23	14026500000	93510
26/10/2020 00:00	136.549	136.729	136.532	136.684	28	19263000000	128420
26/10/2020 04:00	136.684	136.703	136.553	136.596	28	14321550000	95477
26/10/2020 08:00	136.594	136.877	136.286	136.841	28	22003500000	146690
26/10/2020 12:00	136.841	137.055	136.612	136.633	28	25011900000	166746
26/10/2020 16:00	136.633	136.633	136.398	136.553	28	22331400000	148876
26/10/2020 20:00	136.553	136.588	136.288	136.479	28	11247900000	74986
27/10/2020 00:00	136.487	136.535	136.346	136.497	28	13916550000	92777
27/10/2020 04:00	136.497	136.576	136.432	136.557	28	12728550000	84857
27/10/2020 08:00	136.557	136.579	136.142	136.224	28	22510500000	150070
27/10/2020 12:00	136.224	136.569	136.195	136.342	28	23376150000	155841
27/10/2020 16:00	136.342	136.549	136.191	136.409	28	23888550000	159257
27/10/2020 20:00	136.409	136.434	136.077	136.254	28	12246300000	81642
28/10/2020 00:00	136.254	136.271	136.059	136.105	28	18605850000	124039
28/10/2020 04:00	136.105	136.138	135.887	135.986	28	17323050000	115487
28/10/2020 08:00	135.987	136.151	135.124	135.173	28	25691250000	171275
28/10/2020 12:00	135.174	135.294	134.873	135.169	28	28563000000	190420
28/10/2020 16:00	135.169	135.686	135.133	135.497	28	27676350000	184509
28/10/2020 20:00	135.497	135.603	135.355	135.429	28	18273450000	121823
29/10/2020 00:00	135.428	135.796	135.404	135.77	28	17996550000	119977
29/10/2020 04:00	135.77	135.927	135.637	135.923	28	16816800000	112112
29/10/2020 08:00	135.923	135.939	135.321	135.452	28	25551750000	170345
29/10/2020 12:00	135.454	135.515	134.633	134.961	28	29913750000	199425
29/10/2020 16:00	134.961	135.256	134.812	135.114	28	27624450000	184163
29/10/2020 20:00	135.114	135.368	135.029	135.183	28	16582950000	110553
30/10/2020 00:00	135.183	135.314	135.037	135.127	28	18341550000	122277
30/10/2020 04:00	135.127	135.154	134.393	134.528	28	17745900000	118306
30/10/2020 08:00	134.528	135.332	134.412	135.301	28	27912450000	186083
30/10/2020 12:00	135.3	135.79	135.146	135.502	28	29814150000	198761
30/10/2020 16:00	135.504	135.544	135.068	135.433	28	28421700000	189478
30/10/2020 20:00	135.433	135.68	135.209	135.358	23	13390050000	89267
02/11/2020 00:00	135.051	135.422	135.009	135.355	28	16008000000	106720
02/11/2020 04:00	135.355	135.403	135.074	135.082	28	13934550000	92897
02/11/2020 08:00	135.082	135.354	134.862	135.292	28	24564900000	163766
02/11/2020 12:00	135.292	135.421	135.145	135.37	28	24905700000	166038
02/11/2020 16:00	135.37	135.381	135.122	135.298	28	23338800000	155592
02/11/2020 20:00	135.298	135.386	135.126	135.159	28	14933550000	99557
03/11/2020 00:00	135.159	135.424	135.116	135.393	28	10406850000	69379
03/11/2020 04:00	135.391	135.435	135.256	135.315	28	14284050000	95227
03/11/2020 08:00	135.315	136.059	135.145	136.013	28	24723300000	164822
03/11/2020 12:00	136.013	136.228	135.89	136.075	28	29294550000	195297
03/11/2020 16:00	136.075	136.682	136.003	136.259	28	30283650000	201891
03/11/2020 20:00	136.259	136.572	136.074	136.342	28	22399650000	149331
04/11/2020 00:00	136.343	137.372	136.088	136.271	28	28583850000	190559
04/11/2020 04:00	136.271	136.744	135.992	136.314	28	34290000000	228600
04/11/2020 08:00	136.314	136.365	135.526	136.049	28	30044850000	200299
04/11/2020 12:00	136.049	136.152	135.497	135.572	28	28946700000	192978
04/11/2020 16:00	135.571	135.96	135.357	135.9	28	28226400000	188176
04/11/2020 20:00	135.9	135.946	135.581	135.67	28	19263600000	128424
05/11/2020 00:00	135.67	135.76	135.068	135.127	28	18272400000	121816
05/11/2020 04:00	135.128	135.327	135.07	135.228	28	20548650000	136991
05/11/2020 08:00	135.228	136.029	135.07	136.005	28	27925200000	186168
05/11/2020 12:00	136.005	136.298	135.52	135.66	28	28973400000	193156
05/11/2020 16:00	135.66	136.053	135.561	135.862	28	28559250000	190395
05/11/2020 20:00	135.862	136.162	135.765	135.982	28	22732050000	151547
06/11/2020 00:00	135.986	136.226	135.912	136.02	28	17463000000	116420
06/11/2020 04:00	136.02	136.069	135.677	135.859	28	19727550000	131517
06/11/2020 08:00	135.859	136.109	135.651	135.84	28	24025200000	160168
06/11/2020 12:00	135.84	135.849	135.453	135.764	28	29592150000	197281
06/11/2020 16:00	135.764	136.117	135.647	135.855	28	29467200000	196448
06/11/2020 20:00	135.855	136.049	135.719	136.049	23	14184600000	94564
09/11/2020 00:00	135.936	136.268	135.723	136.195	28	20758500000	138390
09/11/2020 04:00	136.196	136.507	136.166	136.44	28	18207450000	121383
09/11/2020 08:00	136.44	136.601	136.016	136.16	28	25626600000	170844
09/11/2020 12:00	136.16	138.406	136.123	138.212	28	31528950000	210193
09/11/2020 16:00	138.212	138.785	138.138	138.569	28	33190200000	221268
09/11/2020 20:00	138.569	138.902	138.425	138.679	28	21101100000	140674
10/11/2020 00:00	138.679	138.704	138.273	138.318	28	19721850000	131479
10/11/2020 04:00	138.318	138.49	138.151	138.376	28	21918000000	146120
10/11/2020 08:00	138.376	139.546	138.279	139.521	28	27483900000	183226
10/11/2020 12:00	139.521	139.73	139.219	139.325	28	29650650000	197671
10/11/2020 16:00	139.326	139.761	139.137	139.364	28	30936300000	206242
10/11/2020 20:00	139.364	139.721	139.361	139.652	28	18664800000	124432
11/11/2020 00:00	139.646	139.719	139.292	139.397	28	11020800000	73472
11/11/2020 04:00	139.397	139.59	139.364	139.527	28	9696150000	64641
11/11/2020 08:00	139.527	140.302	139.496	139.821	28	18657750000	124385
11/11/2020 12:00	139.821	140.023	139.365	139.697	28	20445000000	136300
11/11/2020 16:00	139.7	139.764	139.295	139.355	28	19724100000	131494
11/11/2020 20:00	139.355	139.472	139.193	139.359	28	11597550000	77317
12/11/2020 00:00	139.364	139.423	139.093	139.106	28	17983050000	119887
12/11/2020 04:00	139.106	139.22	138.929	138.954	28	15407250000	102715
12/11/2020 08:00	138.954	139.054	138.633	138.913	28	25338300000	168922
12/11/2020 12:00	138.913	139.014	138.321	138.627	28	28349550000	188997
12/11/2020 16:00	138.627	138.659	137.961	137.969	28	29007750000	193385
12/11/2020 20:00	137.969	137.99	137.733	137.81	28	20310450000	135403
13/11/2020 00:00	137.81	138.152	137.568	137.617	28	19551300000	130342
13/11/2020 04:00	137.617	137.7	137.532	137.656	28	16405800000	109372
13/11/2020 08:00	137.656	138.366	137.649	138.319	28	22878300000	152522
13/11/2020 12:00	138.32	138.502	137.839	137.895	28	24818400000	165456
13/11/2020 16:00	137.894	137.973	137.588	137.947	28	27884700000	185898
13/11/2020 20:00	137.947	138.086	137.826	138.034	23	15792450000	105283
16/11/2020 00:00	137.823	138.413	137.736	138.192	28	13154250000	87695
16/11/2020 04:00	138.192	138.33	138.134	138.213	28	14679600000	97864
16/11/2020 08:00	138.213	138.274	137.654	137.697	28	22869450000	152463
16/11/2020 12:00	137.697	138.854	137.667	138.168	28	28615950000	190773
16/11/2020 16:00	138.168	138.236	137.703	137.948	28	24952200000	166348
16/11/2020 20:00	137.948	138.058	137.826	137.915	28	14320800000	95472
17/11/2020 00:00	137.915	138.311	137.87	138.108	28	18880200000	125868
17/11/2020 04:00	138.107	138.215	138.048	138.097	28	17198550000	114657
17/11/2020 08:00	138.097	138.249	137.804	137.923	28	22269300000	148462
17/11/2020 12:00	137.923	138.345	137.87	138.128	28	26184750000	174565
17/11/2020 16:00	138.128	138.187	137.909	137.997	28	24816150000	165441
17/11/2020 20:00	137.997	138.166	137.948	137.97	28	16438650000	109591
18/11/2020 00:00	137.965	138.203	137.838	137.896	28	17188350000	114589
18/11/2020 04:00	137.894	138.086	137.889	137.959	28	19604700000	130698
18/11/2020 08:00	137.959	138.166	137.803	138.027	28	21744450000	144963
18/11/2020 12:00	138.027	138.098	137.823	137.996	28	23712000000	158080
18/11/2020 16:00	137.996	138.147	137.808	137.962	28	23150700000	154338
18/11/2020 20:00	137.962	137.974	137.673	137.693	28	14438250000	96255
19/11/2020 00:00	137.693	137.784	137.342	137.463	28	16597950000	110653
19/11/2020 04:00	137.463	137.483	137.181	137.338	28	19146000000	127640
19/11/2020 08:00	137.338	137.696	137.238	137.44	28	26097300000	173982
19/11/2020 12:00	137.44	137.99	137.378	137.582	28	25259700000	168398
19/11/2020 16:00	137.582	137.596	137.227	137.407	28	25236300000	168242
19/11/2020 20:00	137.407	137.8	137.389	137.547	28	16413150000	109421
20/11/2020 00:00	137.548	137.732	137.407	137.708	28	21046800000	140312
20/11/2020 04:00	137.707	137.932	137.612	137.8	28	20698800000	137992
20/11/2020 08:00	137.799	137.936	137.595	137.793	28	23728650000	158191
20/11/2020 12:00	137.792	137.904	137.655	137.724	28	23299800000	155332
20/11/2020 16:00	137.724	138.045	137.724	137.859	28	21317850000	142119
20/11/2020 20:00	137.859	138.038	137.714	137.876	23	12361800000	82412
23/11/2020 00:00	137.929	138.253	137.743	138.243	28	13189050000	87927
23/11/2020 04:00	138.243	138.253	138.115	138.249	28	14419800000	96132
23/11/2020 08:00	138.25	138.869	138.159	138.704	28	22838400000	152256
23/11/2020 12:00	138.704	138.955	138.476	138.868	28	22859700000	152398
23/11/2020 16:00	138.868	139.041	138.72	138.885	28	28535400000	190236
23/11/2020 20:00	138.885	139.33	138.845	139.083	28	20190600000	134604
24/11/2020 00:00	139.151	139.46	138.951	139.355	28	19233900000	128226
24/11/2020 04:00	139.355	139.417	139.128	139.168	28	22391700000	149278
24/11/2020 08:00	139.168	139.524	139.167	139.245	28	24185100000	161234
24/11/2020 12:00	139.245	139.432	139.107	139.315	28	26150700000	174338
24/11/2020 16:00	139.315	139.825	139.177	139.589	28	25104900000	167366
24/11/2020 20:00	139.589	139.673	139.461	139.461	28	15355500000	102370
25/11/2020 00:00	139.461	139.679	139.335	139.609	28	13085100000	87234
25/11/2020 04:00	139.61	139.7	139.396	139.416	28	18968550000	126457
25/11/2020 08:00	139.416	139.751	139.145	139.223	28	25268700000	168458
25/11/2020 12:00	139.223	139.45	138.989	139.251	28	24358200000	162388
25/11/2020 16:00	139.251	139.744	139.157	139.603	28	25135800000	167572
25/11/2020 20:00	139.603	139.848	139.569	139.569	28	15155250000	101035
26/11/2020 00:00	139.562	139.789	139.552	139.737	28	11976150000	79841
26/11/2020 04:00	139.737	139.75	139.592	139.7	28	12872400000	85816
26/11/2020 08:00	139.7	139.778	139.219	139.298	28	20288700000	135258
26/11/2020 12:00	139.298	139.323	139.007	139.021	28	22132200000	147548
26/11/2020 16:00	139.021	139.262	138.916	139.219	28	22474500000	149830
26/11/2020 20:00	139.219	139.271	139.118	139.197	28	21177300000	141182
27/11/2020 00:00	139.197	139.271	138.91	138.963	28	12468300000	83122
27/11/2020 04:00	138.963	139.093	138.923	139.003	28	11907900000	79386
27/11/2020 08:00	139.003	139.193	138.918	138.962	28	19959750000	133065
27/11/2020 12:00	138.962	139.067	138.603	139.01	28	23364450000	155763
27/11/2020 16:00	139.01	139.106	138.32	138.524	28	23226000000	154840
27/11/2020 20:00	138.525	138.627	138.224	138.627	23	17621400000	117476
30/11/2020 00:00	138.683	138.867	138.321	138.547	28	17342700000	115618
30/11/2020 04:00	138.547	138.623	138.504	138.544	28	15634650000	104231
30/11/2020 08:00	138.544	139.062	138.525	138.629	28	24947850000	166319
30/11/2020 12:00	138.629	139.216	138.482	139.194	28	28188150000	187921
30/11/2020 16:00	139.193	139.454	138.793	139.241	28	29894400000	199296
30/11/2020 20:00	139.241	139.307	138.866	138.905	28	18305700000	122038
01/12/2020 00:00	138.905	139.257	138.818	139.254	28	14404950000	96033
01/12/2020 04:00	139.254	139.577	139.247	139.503	28	17528100000	116854
01/12/2020 08:00	139.503	139.785	139.165	139.251	28	25576350000	170509
01/12/2020 12:00	139.251	139.479	138.945	139.289	28	25303050000	168687
01/12/2020 16:00	139.289	140.294	139.271	139.98	28	28687050000	191247
01/12/2020 20:00	139.98	140.19	139.845	139.867	28	17389050000	115927
02/12/2020 00:00	139.9	140.099	139.841	140.028	28	19982850000	133219
02/12/2020 04:00	140.028	140.163	140.014	140.066	28	17564550000	117097
02/12/2020 08:00	140.066	140.437	139.507	139.703	28	24751800000	165012
02/12/2020 12:00	139.697	139.886	139.037	139.174	28	26922000000	179480
02/12/2020 16:00	139.174	139.651	138.881	139.531	28	28131600000	187544
02/12/2020 20:00	139.531	139.777	139.464	139.464	28	19847850000	132319
03/12/2020 00:00	139.464	139.783	139.356	139.687	28	20613000000	137420
03/12/2020 04:00	139.687	139.859	139.629	139.842	28	16844550000	112297
03/12/2020 08:00	139.842	139.936	139.645	139.73	28	24835800000	165572
03/12/2020 12:00	139.73	140.275	139.715	140.078	28	27783300000	185222
03/12/2020 16:00	140.078	140.155	139.669	140.079	28	27278250000	181855
03/12/2020 20:00	140.078	140.098	139.531	139.532	28	16885050000	112567
04/12/2020 00:00	139.532	139.747	139.509	139.665	28	15360900000	102406
04/12/2020 04:00	139.665	139.857	139.625	139.826	28	22722000000	151480
04/12/2020 08:00	139.826	140.26	139.431	140.146	28	25065300000	167102
04/12/2020 12:00	140.146	140.474	139.745	140.442	28	25743750000	171625
04/12/2020 16:00	140.442	140.695	140.198	140.266	28	25673100000	171154
04/12/2020 20:00	140.266	140.42	139.77	139.919	23	15190200000	101268
07/12/2020 00:00	139.61	139.865	139.532	139.713	28	16862250000	112415
07/12/2020 04:00	139.713	139.762	139.527	139.636	28	20256300000	135042
07/12/2020 08:00	139.636	139.68	137.892	138.348	28	24664500000	164430
07/12/2020 12:00	138.348	138.592	138.053	138.58	28	27044100000	180294
07/12/2020 16:00	138.58	139.049	138.279	138.955	28	26339400000	175596
07/12/2020 20:00	138.955	139.372	138.271	139.146	28	21114150000	140761
08/12/2020 00:00	139.146	139.182	138.798	138.962	28	19333500000	128890
08/12/2020 04:00	138.961	139.004	138.809	138.962	28	16676250000	111175
08/12/2020 08:00	138.962	139.089	138.656	138.825	28	22924950000	152833
08/12/2020 12:00	138.825	139.357	138.396	138.956	28	27922650000	186151
08/12/2020 16:00	138.955	139.27	138.474	139.109	28	27333450000	182223
08/12/2020 20:00	139.109	139.272	138.961	139.054	28	17850450000	119003
09/12/2020 00:00	139.055	139.359	139.01	139.207	28	16837200000	112248
09/12/2020 04:00	139.207	139.333	139.162	139.303	28	15718200000	106114
09/12/2020 08:00	139.303	140.094	139.243	139.952	28	23635950000	157573
09/12/2020 12:00	139.952	140.321	139.887	140.171	28	25284300000	168562
09/12/2020 16:00	140.171	140.175	139.368	139.504	28	28861350000	192409
09/12/2020 20:00	139.504	139.734	139.339	139.574	28	18588900000	123926
10/12/2020 00:00	139.574	139.777	138.839	139.391	28	20908200000	139388
10/12/2020 04:00	139.391	139.65	139.357	139.513	28	17916300000	119442
10/12/2020 08:00	139.513	139.578	138.938	139.1	28	23516850000	156779
10/12/2020 12:00	139.099	139.219	138.486	138.635	28	26503350000	176689
10/12/2020 16:00	138.635	138.858	138.452	138.817	28	29950350000	199669
10/12/2020 20:00	138.817	138.819	138.375	138.525	28	22156500000	147710
11/12/2020 00:00	138.524	138.725	138.268	138.358	28	20063550000	133757
11/12/2020 04:00	138.358	138.616	138.345	138.456	28	15789750000	105265
11/12/2020 08:00	138.455	138.603	137.291	137.514	28	24233250000	161555
11/12/2020 12:00	137.514	137.609	136.778	137.128	28	26800800000	178672
11/12/2020 16:00	137.125	137.679	136.999	137.43	28	27453300000	183022
11/12/2020 20:00	137.43	137.65	137.392	137.65	23	16431900000	109546
14/12/2020 00:00	138.901	138.943	138.255	138.509	28	22074900000	147166
14/12/2020 04:00	138.509	138.65	138.445	138.593	28	16907100000	112714
14/12/2020 08:00	138.593	139.306	138.553	139.117	28	24612600000	164084
14/12/2020 12:00	139.117	139.425	138.728	138.787	28	27729150000	184861
14/12/2020 16:00	138.787	138.9	138.394	138.678	28	25170300000	167802
14/12/2020 20:00	138.678	138.753	138.518	138.545	28	13794900000	91966
15/12/2020 00:00	138.555	138.902	138.49	138.826	28	16055400000	107036
15/12/2020 04:00	138.826	138.912	138.719	138.862	28	15808500000	105390
15/12/2020 08:00	138.857	138.879	138.27	138.555	28	22934850000	152899
15/12/2020 12:00	138.556	139.172	138.42	138.909	28	27059850000	180399
15/12/2020 16:00	138.909	139.489	138.606	139.301	28	25062000000	167080
15/12/2020 20:00	139.296	139.593	139.025	139.44	28	16910250000	112735
16/12/2020 00:00	139.435	139.555	139.235	139.283	28	16209150000	108061
16/12/2020 04:00	139.283	139.352	139.137	139.316	28	17606550000	117377
16/12/2020 08:00	139.315	139.76	139.153	139.597	28	25033350000	166889
16/12/2020 12:00	139.597	140.051	139.503	139.977	28	24107550000	160717
16/12/2020 16:00	139.977	140.049	139.517	139.587	28	23908650000	159391
16/12/2020 20:00	139.587	139.83	139.525	139.717	28	19841700000	132278
17/12/2020 00:00	139.727	139.824	139.584	139.791	28	14381400000	95876
17/12/2020 04:00	139.791	140.087	139.707	140.08	28	13917150000	92781
17/12/2020 08:00	140.08	140.182	139.913	140.007	28	23509200000	156728
17/12/2020 12:00	140.007	140.385	139.93	140.058	38	26955600000	179704
17/12/2020 16:00	140.058	140.417	139.567	140.263	28	26258100000	175054
17/12/2020 20:00	140.263	140.436	139.723	139.986	28	17732850000	118219
18/12/2020 00:00	139.986	140.089	139.905	140.033	28	17528850000	116859
18/12/2020 04:00	140.033	140.053	139.782	139.888	28	18186900000	121246
18/12/2020 08:00	139.887	140.314	139.679	139.712	28	24812250000	165415
18/12/2020 12:00	139.712	139.958	139.414	139.542	28	25843200000	172288
18/12/2020 16:00	139.542	139.658	139.327	139.55	28	24672450000	164483
18/12/2020 20:00	139.551	139.923	139.31	139.923	23	13990950000	93273
21/12/2020 00:00	138.745	139.182	138.025	138.156	28	22225050000	148167
21/12/2020 04:00	138.156	138.281	137.858	138.281	28	24028200000	160188
21/12/2020 08:00	138.281	138.281	137.021	137.127	28	27497850000	183319
21/12/2020 12:00	137.128	137.894	136.952	137.848	28	32437050000	216247
21/12/2020 16:00	137.847	138.205	137.596	138.071	28	27135900000	180906
21/12/2020 20:00	138.073	139.512	138.072	139.009	28	22575600000	150504
22/12/2020 00:00	139.009	139.176	138.587	138.668	28	13754250000	91695
22/12/2020 04:00	138.668	138.743	138.402	138.505	28	18839400000	125596
22/12/2020 08:00	138.505	139.117	138.441	138.65	28	24664200000	164428
22/12/2020 12:00	138.652	139.011	138.176	138.695	28	26389500000	175930
22/12/2020 16:00	138.695	138.755	137.983	138.43	28	27678150000	184521
22/12/2020 20:00	138.431	138.6	138.319	138.394	28	17500800000	116672
23/12/2020 00:00	138.382	138.722	138.296	138.635	28	20095200000	133968
23/12/2020 04:00	138.635	138.773	138.554	138.614	28	21597450000	143983
23/12/2020 08:00	138.611	138.989	138.611	138.79	28	25111350000	167409
23/12/2020 12:00	138.79	139.457	138.756	139.358	28	22785450000	151903
23/12/2020 16:00	139.358	140.298	139.315	139.666	28	30255000000	201700
23/12/2020 20:00	139.666	140.006	139.573	139.637	28	18087750000	120585
24/12/2020 00:00	139.644	140.321	139.601	140.168	28	13996500000	93310
24/12/2020 04:00	140.168	140.411	140.153	140.371	28	18211050000	121407
24/12/2020 08:00	140.372	141.044	140.254	140.926	28	19075800000	127172
24/12/2020 12:00	140.926	141.207	140.474	140.886	28	19671000000	131140
24/12/2020 16:00	140.883	141.104	140.154	140.328	28	20011200000	133408
24/12/2020 20:00	140.328	140.377	140.193	140.297	23	2807400000	18716
28/12/2020 00:00	140.155	140.55	140.062	140.276	28	13635900000	90906
28/12/2020 04:00	140.276	140.562	140.251	140.406	28	17839500000	118930
28/12/2020 08:00	140.406	140.483	140.118	140.215	28	18070500000	120470
28/12/2020 12:00	140.215	140.215	139.637	139.974	28	26086500000	173910
28/12/2020 16:00	139.974	140.256	139.469	139.688	28	22891050000	152607
28/12/2020 20:00	139.688	139.764	139.479	139.504	28	14469900000	96466
29/12/2020 00:00	139.501	139.925	139.43	139.878	28	14127750000	94185
29/12/2020 04:00	139.878	139.935	139.769	139.869	28	21532650000	143551
29/12/2020 08:00	139.869	140.161	139.678	139.693	28	20386650000	135911
29/12/2020 12:00	139.693	140.087	139.693	140.015	28	23470200000	156468
29/12/2020 16:00	140.014	140.103	139.604	139.683	28	30303450000	202023
29/12/2020 20:00	139.683	139.902	139.619	139.825	28	15770250000	105135
30/12/2020 00:00	139.825	139.979	139.663	139.916	28	14286450000	95243
30/12/2020 04:00	139.916	140.02	139.818	139.946	28	21778650000	145191
30/12/2020 08:00	139.946	140.188	139.786	140.156	28	24805050000	165367
30/12/2020 12:00	140.156	140.409	139.984	140.131	28	27706650000	184711
30/12/2020 16:00	140.13	140.595	139.968	140.383	28	30138600000	200924
30/12/2020 20:00	140.383	140.659	140.383	140.542	28	17127300000	114182
31/12/2020 00:00	140.542	140.777	140.255	140.692	28	7188150000	47921
31/12/2020 04:00	140.692	140.726	140.351	140.507	28	15959550000	106397
31/12/2020 08:00	140.507	140.971	140.489	140.693	28	18087150000	120581
31/12/2020 12:00	140.695	140.967	140.474	140.679	28	16932750000	112885
31/12/2020 16:00	140.679	141.215	140.571	140.992	28	18633300000	124222
31/12/2020 20:00	140.989	141.059	140.977	141.021	23	1826250000	12175
04/01/2021 00:00	140.658	141.297	140.657	140.992	28	13456950000	89713
04/01/2021 04:00	140.991	141.075	140.839	140.934	28	11615550000	77437
04/01/2021 08:00	140.932	141.057	140.404	140.471	28	17337750000	115585
04/01/2021 12:00	140.47	140.853	140.191	140.371	28	18387000000	122580
04/01/2021 16:00	140.371	140.432	139.679	139.96	28	21763050000	145087
04/01/2021 20:00	139.96	140.066	139.758	139.913	28	12188400000	81256
05/01/2021 00:00	139.901	140.025	139.761	139.926	28	7671750000	51145
05/01/2021 04:00	139.926	140.144	139.881	139.977	28	10956450000	73043
05/01/2021 08:00	139.978	140.054	139.5	139.567	28	14956200000	99708
05/01/2021 12:00	139.567	139.9	139.526	139.618	28	15069300000	100462
05/01/2021 16:00	139.618	139.998	139.591	139.933	28	19896450000	132643
05/01/2021 20:00	139.933	139.98	139.755	139.903	27	9592800000	63952
06/01/2021 00:00	139.903	140.017	139.751	139.821	28	12201900000	81346
06/01/2021 04:00	139.823	139.986	139.776	139.941	28	18796650000	125311
06/01/2021 08:00	139.941	140.369	139.859	140.338	28	18148350000	120989
06/01/2021 12:00	140.337	140.562	139.943	139.945	28	20659950000	137733
06/01/2021 16:00	139.941	140.467	139.766	140.402	28	23018550000	153457
06/01/2021 20:00	140.402	140.513	140.149	140.176	28	15845250000	105635
07/01/2021 00:00	140.176	140.54	140.058	140.47	28	10869450000	72463
07/01/2021 04:00	140.47	140.48	140.094	140.197	28	15266700000	101778
07/01/2021 08:00	140.197	140.839	140.163	140.782	28	18588300000	123922
07/01/2021 12:00	140.782	140.984	140.601	140.793	28	19100250000	127335
07/01/2021 16:00	140.793	140.988	140.585	140.732	28	20327100000	135514
07/01/2021 20:00	140.731	140.978	140.731	140.763	28	10264350000	68429
08/01/2021 00:00	140.719	140.901	140.656	140.788	28	9437400000	62916
08/01/2021 04:00	140.787	140.949	140.737	140.886	28	11639250000	77595
08/01/2021 08:00	140.886	141.227	140.877	141.175	28	18947550000	126317
08/01/2021 12:00	141.177	141.247	141.027	141.131	28	17170500000	114470
08/01/2021 16:00	141.136	141.367	140.842	141.197	28	25219500000	168130
08/01/2021 20:00	141.197	141.197	140.856	141.015	23	13554000000	90360
11/01/2021 00:00	140.873	140.948	140.609	140.715	28	8666850000	57779
11/01/2021 04:00	140.715	140.739	140.576	140.649	28	16753650000	111691
11/01/2021 08:00	140.648	140.703	140.436	140.45	28	19396800000	129312
11/01/2021 12:00	140.45	140.566	140.33	140.394	28	23910150000	159401
11/01/2021 16:00	140.394	140.9	140.357	140.894	28	28320150000	188801
11/01/2021 20:00	140.894	140.917	140.75	140.811	28	11712750000	78085
12/01/2021 00:00	140.811	141.019	140.609	140.948	28	14380500000	95870
12/01/2021 04:00	140.948	141.167	140.908	141.159	28	18971400000	126476
12/01/2021 08:00	141.159	141.686	141.088	141.675	28	24742650000	164951
12/01/2021 12:00	141.675	141.784	141.512	141.622	28	22482150000	149881
12/01/2021 16:00	141.622	142.013	141.615	141.782	28	25489050000	169927
12/01/2021 20:00	141.782	141.865	141.647	141.745	28	20263800000	135092
13/01/2021 00:00	141.745	141.837	141.601	141.655	28	14293350000	95289
13/01/2021 04:00	141.655	141.819	141.629	141.803	28	18409650000	122731
13/01/2021 08:00	141.803	142.249	141.693	142.145	28	22393950000	149293
13/01/2021 12:00	142.142	142.203	141.952	142.1	28	23505900000	156706
13/01/2021 16:00	142.1	142.102	141.512	141.672	28	25943700000	172958
13/01/2021 20:00	141.67	141.714	141.545	141.615	28	14902350000	99349
14/01/2021 00:00	141.615	141.851	141.598	141.736	28	15150300000	101002
14/01/2021 04:00	141.736	141.954	141.692	141.815	28	22802400000	152016
14/01/2021 08:00	141.815	142.226	141.795	141.936	28	22863150000	152421
14/01/2021 12:00	141.936	142.053	141.772	141.796	28	22405050000	149367
14/01/2021 16:00	141.796	142.16	141.759	141.875	28	26509800000	176732
14/01/2021 20:00	141.875	142.088	141.821	142.039	28	18069750000	120465
15/01/2021 00:00	142.038	142.132	141.906	141.94	28	14826450000	98843
15/01/2021 04:00	141.939	142.082	141.867	141.934	28	15089100000	100594
15/01/2021 08:00	141.934	141.962	141.364	141.381	28	23829150000	158861
15/01/2021 12:00	141.381	141.574	141.143	141.158	28	27327150000	182181
15/01/2021 16:00	141.158	141.335	140.944	141.224	28	26531850000	176879
15/01/2021 20:00	141.224	141.224	141.004	141.114	23	13159800000	87732
18/01/2021 00:00	141.067	141.188	140.794	140.907	28	15127200000	100848
18/01/2021 04:00	140.907	140.935	140.642	140.769	28	17579700000	117198
18/01/2021 08:00	140.768	140.796	140.347	140.434	28	20788500000	138590
18/01/2021 12:00	140.435	140.637	140.38	140.588	28	19451400000	129676
18/01/2021 16:00	140.588	140.868	140.521	140.835	28	17289900000	115266
18/01/2021 20:00	140.835	140.878	140.78	140.829	28	26088300000	173922
19/01/2021 00:00	140.827	141.253	140.735	141.235	28	17702400000	118016
19/01/2021 04:00	141.235	141.563	141.212	141.505	28	25116750000	167445
19/01/2021 08:00	141.506	141.59	141.335	141.523	28	21443400000	142956
19/01/2021 12:00	141.523	141.726	141.401	141.478	28	22192050000	147947
19/01/2021 16:00	141.478	141.65	141.388	141.528	28	23216550000	154777
19/01/2021 20:00	141.528	141.684	141.473	141.546	28	14348850000	95659
20/01/2021 00:00	141.546	141.77	141.452	141.619	28	17245500000	114970
20/01/2021 04:00	141.618	141.716	141.568	141.645	28	15609000000	104060
20/01/2021 08:00	141.645	142.127	141.636	142.089	28	24084150000	160561
20/01/2021 12:00	142.089	142.322	141.799	141.832	28	25890900000	172606
20/01/2021 16:00	141.833	141.902	141.067	141.326	28	27183450000	181223
20/01/2021 20:00	141.326	141.437	141.231	141.314	28	19559700000	130398
21/01/2021 00:00	141.314	141.641	141.272	141.58	28	19392450000	129283
21/01/2021 04:00	141.58	141.716	141.416	141.541	28	17871750000	119145
21/01/2021 08:00	141.542	142.183	141.536	142.024	28	24837300000	165582
21/01/2021 12:00	142.024	142.096	141.805	142.011	28	22682850000	151219
21/01/2021 16:00	142.011	142.209	141.94	141.958	23	11415900000	76106
21/01/2021 20:00	141.958	142.188	141.891	142.08	28	13931700000	92878
22/01/2021 00:00	142.078	142.195	142.022	142.07	28	15606450000	104043
22/01/2021 04:00	142.07	142.07	141.904	141.971	28	17069100000	113794
22/01/2021 08:00	141.971	141.971	141.503	141.662	28	25615050000	170767
22/01/2021 12:00	141.662	141.805	141.55	141.689	28	23885400000	159236
22/01/2021 16:00	141.689	142.008	141.648	141.998	28	22717950000	151453
22/01/2021 20:00	141.998	142.126	141.929	141.971	23	12353400000	82356
25/01/2021 00:00	141.819	142.126	141.819	142.061	28	12766650000	85111
25/01/2021 04:00	142.061	142.235	142.059	142.234	28	20843700000	138958
25/01/2021 08:00	142.233	142.312	141.827	141.918	28	21726600000	144844
25/01/2021 12:00	141.918	142.181	141.874	141.976	28	24340650000	162271
25/01/2021 16:00	141.976	142.022	141.643	141.86	28	26917950000	179453
25/01/2021 20:00	141.86	141.911	141.752	141.832	28	17533650000	116891
26/01/2021 00:00	141.832	141.921	141.6	141.802	28	16318350000	108789
26/01/2021 04:00	141.802	141.822	141.562	141.618	28	22629000000	150860
26/01/2021 08:00	141.618	141.803	141.272	141.749	28	25003800000	166692
26/01/2021 12:00	141.749	142.127	141.626	142.079	28	26075400000	173836
26/01/2021 16:00	142.079	142.443	142.068	142.354	28	24651150000	164341
26/01/2021 20:00	142.354	142.412	142.271	142.288	28	20914200000	139428
27/01/2021 00:00	142.288	142.486	142.238	142.387	28	13299900000	88666
27/01/2021 04:00	142.387	142.484	142.327	142.476	28	13988700000	93258
27/01/2021 08:00	142.476	142.65	142.35	142.536	28	21484050000	143227
27/01/2021 12:00	142.536	142.579	142.188	142.384	28	26533800000	176892
27/01/2021 16:00	142.384	142.713	142.25	142.691	28	27667950000	184453
27/01/2021 20:00	142.691	142.846	142.38	142.38	28	23813850000	158759
28/01/2021 00:00	142.38	142.654	142.32	142.632	28	19482000000	129880
28/01/2021 04:00	142.632	142.653	142.505	142.58	28	20953650000	139691
28/01/2021 08:00	142.579	142.604	142.178	142.352	28	24364800000	162432
28/01/2021 12:00	142.352	142.702	142.227	142.677	28	27009300000	180062
28/01/2021 16:00	142.677	143.225	142.657	143.112	28	27379200000	182528
28/01/2021 20:00	143.113	143.256	142.918	142.918	28	23667450000	157783
29/01/2021 00:00	142.921	143.452	142.902	143.285	28	19687500000	131250
29/01/2021 04:00	143.285	143.348	143.099	143.162	28	20126550000	134177
29/01/2021 08:00	143.161	143.423	142.982	143.308	28	25291650000	168611
29/01/2021 12:00	143.308	143.896	143.174	143.805	28	28348050000	188987
29/01/2021 16:00	143.805	143.942	143.414	143.488	28	29007900000	193386
29/01/2021 20:00	143.488	143.666	143.37	143.443	23	21767250000	145115
01/02/2021 00:00	143.552	143.661	143.368	143.635	28	19461600000	129744
01/02/2021 04:00	143.635	143.909	143.632	143.858	28	22934100000	152894
01/02/2021 08:00	143.858	144.087	143.657	143.977	28	23609700000	157398
01/02/2021 12:00	143.977	143.977	143.486	143.528	28	23981250000	159875
01/02/2021 16:00	143.528	143.674	143.359	143.578	28	27031800000	180212
01/02/2021 20:00	143.578	143.619	143.292	143.292	28	19594500000	130630
02/02/2021 00:00	143.299	143.601	143.249	143.592	28	16507500000	110050
02/02/2021 04:00	143.592	143.712	143.524	143.657	28	18354150000	122361
02/02/2021 08:00	143.657	143.761	143.537	143.595	28	21525600000	143504
02/02/2021 12:00	143.598	143.675	143.368	143.409	28	23135850000	154239
02/02/2021 16:00	143.409	143.452	143.12	143.413	28	25823400000	172156
02/02/2021 20:00	143.413	143.496	143.379	143.431	28	18909450000	126063
03/02/2021 00:00	143.431	143.57	143.329	143.553	28	18916950000	126113
03/02/2021 04:00	143.553	143.59	143.42	143.444	28	15685500000	104570
03/02/2021 08:00	143.445	143.676	143.278	143.28	28	20976900000	139846
03/02/2021 12:00	143.28	143.362	143.101	143.344	28	21859950000	145733
03/02/2021 16:00	143.344	143.527	143.244	143.401	28	22704450000	151363
03/02/2021 20:00	143.401	143.411	143.174	143.285	28	19606200000	130708
04/02/2021 00:00	143.285	143.373	143.16	143.271	28	16480050000	109867
04/02/2021 04:00	143.271	143.338	142.973	143.039	28	17915700000	119438
04/02/2021 08:00	143.039	143.155	142.827	142.941	28	22180200000	147868
04/02/2021 12:00	142.94	144.204	142.857	144.057	28	25743150000	171621
04/02/2021 16:00	144.057	144.155	143.919	144.033	28	25902900000	172686
04/02/2021 20:00	144.033	144.35	143.946	144.24	28	15910950000	106073
05/02/2021 00:00	144.24	144.503	144.099	144.354	28	15330750000	102205
05/02/2021 04:00	144.354	144.38	144.244	144.337	28	15919500000	106130
05/02/2021 08:00	144.337	144.482	144.267	144.379	28	19915650000	132771
05/02/2021 12:00	144.379	144.879	144.378	144.823	28	23742900000	158286
05/02/2021 16:00	144.822	144.877	144.555	144.664	28	25922850000	172819
05/02/2021 20:00	144.664	144.78	144.592	144.762	23	16967850000	113119
08/02/2021 00:00	144.431	144.917	144.385	144.838	28	13746600000	91644
08/02/2021 04:00	144.838	144.872	144.753	144.833	28	6448200000	42988
08/02/2021 08:00	144.833	144.921	144.681	144.738	28	12076500000	80510
08/02/2021 12:00	144.738	144.791	144.397	144.444	28	15358650000	102391
08/02/2021 16:00	144.444	144.752	144.411	144.532	28	18074550000	120497
08/02/2021 20:00	144.532	144.605	144.453	144.502	28	8643150000	57621
09/02/2021 00:00	144.502	144.651	144.456	144.617	28	10450200000	69668
09/02/2021 04:00	144.617	144.656	144.438	144.571	28	12420900000	82806
09/02/2021 08:00	144.571	144.587	144.072	144.091	28	16634250000	110895
09/02/2021 12:00	144.091	144.256	144.022	144.191	28	16185600000	107904
09/02/2021 16:00	144.191	144.329	144.098	144.261	28	16211400000	108076
09/02/2021 20:00	144.261	144.505	144.24	144.451	28	11108850000	74059
10/02/2021 00:00	144.451	144.573	144.34	144.563	28	8975250000	59835
10/02/2021 04:00	144.566	144.636	144.473	144.499	28	7271400000	48476
10/02/2021 08:00	144.499	145.055	144.395	144.961	28	13356900000	89046
10/02/2021 12:00	144.961	145.023	144.777	144.895	28	15872100000	105814
10/02/2021 16:00	144.895	144.994	144.826	144.924	28	19145700000	127638
10/02/2021 20:00	144.924	144.949	144.611	144.614	28	9256200000	61708
11/02/2021 00:00	144.614	144.742	144.503	144.593	28	8868150000	59121
11/02/2021 04:00	144.593	144.875	144.592	144.814	28	8515500000	56770
11/02/2021 08:00	144.814	144.892	144.59	144.786	28	12147000000	80980
11/02/2021 12:00	144.786	144.889	144.675	144.835	28	11293650000	75291
11/02/2021 16:00	144.835	144.865	144.591	144.655	28	17076900000	113846
11/02/2021 20:00	144.655	144.726	144.578	144.684	28	11150550000	74337
12/02/2021 00:00	144.684	144.72	144.567	144.649	28	6864150000	45761
12/02/2021 04:00	144.649	144.733	144.484	144.715	28	8151000000	54340
12/02/2021 08:00	144.715	144.933	144.549	144.82	28	12147900000	80986
12/02/2021 12:00	144.82	144.999	144.703	144.981	28	14282850000	95219
12/02/2021 16:00	144.981	145.434	144.951	145.401	28	16761450000	111743
12/02/2021 20:00	145.403	145.555	145.318	145.555	23	7397850000	49319
15/02/2021 00:00	145.263	145.899	145.249	145.856	28	16230750000	108205
15/02/2021 04:00	145.856	146.087	145.807	146.004	28	8461050000	56407
15/02/2021 08:00	146.004	146.491	145.938	146.443	28	13577850000	90519
15/02/2021 12:00	146.443	146.62	146.338	146.45	28	12619050000	84127
15/02/2021 16:00	146.45	146.623	146.424	146.476	27	9987000000	66580
15/02/2021 20:00	146.474	146.542	146.395	146.422	28	5124750000	34165
16/02/2021 00:00	146.422	147.138	146.276	147.057	28	10530150000	70201
16/02/2021 04:00	147.057	147.295	146.843	146.927	28	9748650000	64991
16/02/2021 08:00	146.927	147.07	146.624	146.693	28	12944400000	86296
16/02/2021 12:00	146.693	146.935	146.51	146.786	28	16276200000	108508
16/02/2021 16:00	146.785	147.341	146.65	147.311	28	21796200000	145308
16/02/2021 20:00	147.31	147.449	147.239	147.386	28	9669600000	64464
17/02/2021 00:00	147.388	147.554	147.09	147.104	28	13397550000	89317
17/02/2021 04:00	147.104	147.2	147.016	147.055	28	10758300000	71722
17/02/2021 08:00	147.055	147.207	147.011	147.104	28	14732700000	98218
17/02/2021 12:00	147.104	147.307	146.855	146.971	28	15675150000	104501
17/02/2021 16:00	146.97	147.005	146.404	146.577	28	20949150000	139661
17/02/2021 20:00	146.577	146.814	146.519	146.522	28	8342700000	55618
18/02/2021 00:00	146.521	146.871	146.521	146.615	28	9165000000	61100
18/02/2021 04:00	146.615	146.74	146.538	146.647	28	9203850000	61359
18/02/2021 08:00	146.646	147.242	146.567	147.173	28	13715250000	91435
18/02/2021 12:00	147.173	147.779	147.16	147.621	28	15820350000	105469
18/02/2021 16:00	147.622	147.716	147.351	147.51	28	17345700000	115638
18/02/2021 20:00	147.51	147.707	147.51	147.63	28	7800750000	52005
19/02/2021 00:00	147.63	147.693	147.447	147.567	28	8109600000	54064
19/02/2021 04:00	147.568	147.581	147.37	147.509	28	9707850000	64719
19/02/2021 08:00	147.509	147.69	147.274	147.412	28	13863600000	92424
19/02/2021 12:00	147.412	147.959	147.362	147.899	28	13865700000	92438
19/02/2021 16:00	147.899	148.146	147.781	147.839	28	16452450000	109683
19/02/2021 20:00	147.839	147.998	147.611	147.672	23	9067050000	60447
22/02/2021 00:00	147.648	148.242	147.638	148.161	28	13268250000	88455
22/02/2021 04:00	148.161	148.256	147.961	148.088	28	11618700000	77458
22/02/2021 08:00	148.088	148.281	147.792	148.042	28	14954550000	99697
22/02/2021 12:00	148.042	148.242	147.808	147.968	28	13881750000	92545
22/02/2021 16:00	147.967	147.97	147.533	147.916	28	18361350000	122409
22/02/2021 20:00	147.916	147.933	147.697	147.697	28	7371300000	49142
23/02/2021 00:00	147.697	147.872	147.642	147.773	28	8506350000	56709
23/02/2021 04:00	147.773	147.93	147.736	147.921	27	6599100000	43994
23/02/2021 08:00	147.921	148.331	147.733	148.31	28	13396500000	89310
23/02/2021 12:00	148.31	148.348	148.155	148.303	28	14314500000	95430
23/02/2021 16:00	148.303	148.395	147.874	148.288	28	19695600000	131304
23/02/2021 20:00	148.288	148.599	148.275	148.483	28	9658500000	64390
24/02/2021 00:00	148.483	150.105	148.299	149.447	28	12561300000	83742
24/02/2021 04:00	149.447	149.478	149.224	149.46	28	12314850000	82099
24/02/2021 08:00	149.46	149.948	149.362	149.789	28	14523000000	96820
24/02/2021 12:00	149.789	149.816	149.359	149.421	28	15797250000	105315
24/02/2021 16:00	149.421	149.762	149.204	149.299	28	19839600000	132264
24/02/2021 20:00	149.299	149.727	149.295	149.659	28	9377250000	62515
25/02/2021 00:00	149.659	150.003	149.485	149.906	28	13102500000	87350
25/02/2021 04:00	149.906	149.995	149.83	149.947	28	12418650000	82791
25/02/2021 08:00	149.947	150.407	149.738	150.308	28	15985350000	106569
25/02/2021 12:00	150.308	150.349	149.951	150.117	28	19106400000	127376
25/02/2021 16:00	150.117	150.433	149.357	149.524	28	25340100000	168934
25/02/2021 20:00	149.524	149.563	148.471	148.819	28	21748950000	144993
26/02/2021 00:00	148.819	149.158	148.211	148.554	28	15931500000	106210
26/02/2021 04:00	148.554	148.618	148.025	148.128	28	18522150000	123481
26/02/2021 08:00	148.128	148.489	147.393	148.462	28	21903450000	146023
26/02/2021 12:00	148.462	148.462	147.773	148.364	28	22563600000	150424
26/02/2021 16:00	148.364	149.066	148.029	148.708	28	26327850000	175519
26/02/2021 20:00	148.707	148.731	148.292	148.504	23	12888600000	85924
01/03/2021 00:00	148.326	149.164	148.268	149.114	28	14088150000	93921
01/03/2021 04:00	149.115	149.286	148.716	148.948	28	13166250000	87775
01/03/2021 08:00	148.947	149.196	148.515	148.83	28	15353400000	102356
01/03/2021 12:00	148.83	149.12	148.387	148.63	28	14760450000	98403
01/03/2021 16:00	148.63	148.835	148.326	148.62	28	19379850000	129199
01/03/2021 20:00	148.62	148.784	148.549	148.658	28	9906750000	66045
02/03/2021 00:00	148.658	148.87	148.467	148.633	28	10097550000	67317
02/03/2021 04:00	148.633	148.664	148.102	148.279	28	13710300000	91402
02/03/2021 08:00	148.279	148.55	148.131	148.2	28	15933300000	106222
02/03/2021 12:00	148.199	148.922	148.14	148.726	28	16459200000	109728
02/03/2021 16:00	148.726	149.089	148.514	149.078	28	20422500000	136150
02/03/2021 20:00	149.078	149.184	148.775	148.83	28	10581750000	70545
03/03/2021 00:00	148.83	149.165	148.778	149.124	28	8925000000	59500
03/03/2021 04:00	149.124	149.214	149.053	149.088	28	11228850000	74859
03/03/2021 08:00	149.088	149.686	148.934	149.44	28	15337500000	102250
03/03/2021 12:00	149.44	149.561	149.017	149.314	28	16919100000	112794
03/03/2021 16:00	149.314	149.527	149.074	149.414	28	23846100000	158974
03/03/2021 20:00	149.414	149.519	149.205	149.257	28	13584900000	90566
04/03/2021 00:00	149.259	149.335	149.032	149.187	28	10188450000	67923
04/03/2021 04:00	149.187	149.426	149.1	149.393	28	12225000000	81500
04/03/2021 08:00	149.393	149.742	149.302	149.496	28	16175400000	107836
04/03/2021 12:00	149.497	150.128	149.403	150.054	28	15612300000	104082
04/03/2021 16:00	150.052	150.719	149.975	150.065	28	25791150000	171941
04/03/2021 20:00	150.064	150.211	149.753	149.973	28	19860900000	132406
05/03/2021 00:00	149.973	150.057	149.524	149.727	28	13532100000	90214
05/03/2021 04:00	149.727	150.222	149.656	150.107	28	13350450000	89003
05/03/2021 08:00	150.107	150.357	149.785	149.864	28	17767050000	118447
05/03/2021 12:00	149.864	149.957	149.479	149.946	28	20912400000	139416
05/03/2021 16:00	149.946	150.106	149.346	149.687	28	33786450000	225243
05/03/2021 20:00	149.686	150.03	149.663	149.87	23	23464050000	156427
08/03/2021 00:00	149.49	150.342	149.455	150.133	28	19064850000	127099
08/03/2021 04:00	150.134	150.176	149.671	149.884	28	23413650000	156091
08/03/2021 08:00	149.882	150.184	149.674	150.145	28	24813150000	165421
08/03/2021 12:00	150.145	150.574	150.004	150.519	28	26849700000	178998
08/03/2021 16:00	150.519	150.673	150.252	150.663	28	30518700000	203458
08/03/2021 20:00	150.663	150.688	150.419	150.483	28	21286650000	141911
09/03/2021 00:00	150.493	150.83	150.339	150.758	28	9605250000	64035
09/03/2021 04:00	150.757	151.218	150.75	151.089	28	16756200000	111708
09/03/2021 08:00	151.089	151.182	150.797	150.995	28	26403450000	176023
09/03/2021 12:00	150.997	151.25	150.768	151.184	28	25839750000	172265
09/03/2021 16:00	151.185	151.266	150.688	150.727	28	28412250000	189415
09/03/2021 20:00	150.729	150.807	150.617	150.672	28	22522500000	150150
10/03/2021 00:00	150.675	150.928	150.507	150.754	28	13560000000	90400
10/03/2021 04:00	150.754	150.968	150.73	150.881	28	18779700000	125198
10/03/2021 08:00	150.879	151.178	150.715	151.142	28	23546550000	156977
10/03/2021 12:00	151.142	151.169	150.629	150.829	28	24543000000	163620
10/03/2021 16:00	150.829	151.037	150.717	150.868	28	27895800000	185972
10/03/2021 20:00	150.869	151.062	150.848	150.912	28	21357000000	142380
11/03/2021 00:00	150.91	151.158	150.773	151.094	28	9648600000	64324
11/03/2021 04:00	151.094	151.557	151.094	151.506	28	12792450000	85283
11/03/2021 08:00	151.506	151.674	151.134	151.306	28	25534500000	170230
11/03/2021 12:00	151.306	151.657	151.261	151.607	28	24293850000	161959
11/03/2021 16:00	151.607	151.66	151.46	151.602	28	27626700000	184178
11/03/2021 20:00	151.602	151.822	151.499	151.767	28	21130200000	140868
12/03/2021 00:00	151.767	152.141	151.67	152.044	28	13073550000	87157
12/03/2021 04:00	152.044	152.073	151.894	151.964	28	20157000000	134380
12/03/2021 08:00	151.965	152.223	151.744	151.79	28	27462150000	183081
12/03/2021 12:00	151.79	151.918	151.239	151.453	28	25744950000	171633
12/03/2021 16:00	151.453	151.815	151.215	151.793	28	28375050000	189167
12/03/2021 20:00	151.793	151.898	151.703	151.72	23	19953600000	133024
15/03/2021 00:00	151.679	152.019	151.679	151.98	28	18239250000	121595
15/03/2021 04:00	151.98	152.04	151.871	151.973	28	19193100000	127954
15/03/2021 08:00	151.973	152.104	151.906	152.017	28	22286700000	148578
15/03/2021 12:00	152.017	152.061	151.797	151.885	28	22581600000	150544
15/03/2021 16:00	151.885	151.898	151.187	151.627	28	24231300000	161542
15/03/2021 20:00	151.627	151.737	151.493	151.702	28	10049850000	66999
16/03/2021 00:00	151.702	151.74	151.573	151.606	28	7579500000	50530
16/03/2021 04:00	151.606	151.611	151.347	151.436	28	9165900000	61106
16/03/2021 08:00	151.435	151.441	150.772	150.981	28	13990500000	93270
16/03/2021 12:00	150.981	151.278	150.965	151.043	28	17406750000	116045
16/03/2021 16:00	151.044	151.491	151.044	151.431	28	23425650000	156171
16/03/2021 20:00	151.431	151.495	151.306	151.397	28	13569900000	90466
17/03/2021 00:00	151.397	151.694	151.386	151.538	28	14207550000	94717
17/03/2021 04:00	151.538	151.627	151.446	151.538	28	15127950000	100853
17/03/2021 08:00	151.538	151.993	151.503	151.628	28	20867550000	139117
17/03/2021 12:00	151.628	151.851	151.523	151.752	28	23037300000	153582
17/03/2021 16:00	151.752	151.832	151.324	151.365	28	23700450000	158003
17/03/2021 20:00	151.365	152.06	151.355	151.923	28	24283950000	161893
18/03/2021 00:00	151.923	152.249	151.87	152.162	28	16474950000	109833
18/03/2021 04:00	152.162	152.175	151.607	151.934	28	22330950000	148873
18/03/2021 08:00	151.934	152.54	151.9	152.208	28	25957800000	173052
18/03/2021 12:00	152.208	152.531	151.738	151.767	28	27433200000	182888
18/03/2021 16:00	151.767	152.09	151.712	152.03	28	25633500000	170890
18/03/2021 20:00	152.03	152.034	151.447	151.658	28	17660100000	117734
19/03/2021 00:00	151.659	151.798	151.533	151.699	28	16077150000	107181
19/03/2021 04:00	151.699	151.787	151.404	151.519	28	19488750000	129925
19/03/2021 08:00	151.519	151.776	151.32	151.541	28	21880350000	145869
19/03/2021 12:00	151.541	151.664	150.772	150.857	28	26496600000	176644
19/03/2021 16:00	150.856	151.126	150.555	151.114	28	24700350000	164669
19/03/2021 20:00	151.114	151.178	150.899	151.021	23	11301600000	75344
22/03/2021 00:00	150.251	150.805	150.249	150.539	28	15879150000	105861
22/03/2021 04:00	150.539	150.763	150.432	150.739	28	14886900000	99246
22/03/2021 08:00	150.738	150.74	150.42	150.521	28	22008150000	146721
22/03/2021 12:00	150.521	150.885	150.322	150.389	28	23367600000	155784
22/03/2021 16:00	150.389	150.84	150.368	150.782	28	20493300000	136622
22/03/2021 20:00	150.781	150.92	150.758	150.832	28	14821350000	98809
23/03/2021 00:00	150.832	150.863	150.537	150.585	28	15194850000	101299
23/03/2021 04:00	150.585	150.586	150.362	150.392	28	19488750000	129925
23/03/2021 08:00	150.392	150.601	149.655	149.679	28	23145900000	154306
23/03/2021 12:00	149.679	149.827	149.07	149.648	28	25624050000	170827
23/03/2021 16:00	149.648	149.947	149.548	149.575	28	22993650000	153291
23/03/2021 20:00	149.575	149.68	149.205	149.341	28	16118100000	107454
24/03/2021 00:00	149.341	149.403	148.903	148.968	28	9671400000	64476
24/03/2021 04:00	148.968	149.077	148.639	148.776	28	14323650000	95491
24/03/2021 08:00	148.776	149.172	148.515	149.146	28	21617100000	144114
24/03/2021 12:00	149.146	149.364	148.915	149.246	28	20968350000	139789
24/03/2021 16:00	149.246	149.434	149.101	149.164	28	20706450000	138043
24/03/2021 20:00	149.163	149.167	148.702	148.796	28	15600750000	104005
25/03/2021 00:00	148.796	149.157	148.751	149.022	28	9274350000	61829
25/03/2021 04:00	149.022	149.346	149.022	149.191	28	15288300000	101922
25/03/2021 08:00	149.19	149.52	148.96	149.409	28	18923250000	126155
25/03/2021 12:00	149.409	149.798	149.349	149.649	28	23614650000	157431
25/03/2021 16:00	149.649	150.044	149.51	149.902	28	26093550000	173957
25/03/2021 20:00	149.902	149.989	149.787	149.924	28	15301350000	102009
26/03/2021 00:00	149.922	150.317	149.894	150.281	28	16173600000	107824
26/03/2021 04:00	150.281	150.398	150.207	150.387	28	11603250000	77355
26/03/2021 08:00	150.386	150.97	150.122	150.962	28	21447750000	142985
26/03/2021 12:00	150.962	151.534	150.855	151.454	28	21607650000	144051
26/03/2021 16:00	151.454	151.496	150.98	151.271	28	21046200000	140308
26/03/2021 20:00	151.271	151.305	151.048	151.146	23	12499950000	83333
29/03/2021 00:00	151.261	151.421	150.984	151.051	28	12987150000	86581
29/03/2021 04:00	151.05	151.133	150.749	150.864	28	16967250000	113115
29/03/2021 08:00	150.864	151.691	150.569	151.392	28	21652200000	144348
29/03/2021 12:00	151.392	151.794	151.373	151.615	28	19485600000	129904
29/03/2021 16:00	151.616	151.742	151.074	151.189	28	23092500000	153950
29/03/2021 20:00	151.189	151.245	151.016	151.016	28	19096500000	127310
30/03/2021 00:00	151.016	151.327	150.947	151.234	28	7067100000	47114
30/03/2021 04:00	151.234	151.547	151.141	151.5	28	8785200000	58568
30/03/2021 08:00	151.5	151.934	151.323	151.831	28	12722700000	84818
30/03/2021 12:00	151.831	151.896	151.49	151.589	28	12746100000	84974
30/03/2021 16:00	151.589	151.67	151.171	151.283	28	15763200000	105088
30/03/2021 20:00	151.283	151.619	151.206	151.568	28	7311000000	48740
31/03/2021 00:00	151.568	152.159	151.395	152.104	28	10048500000	66990
31/03/2021 04:00	152.102	152.225	151.849	152.154	28	20851500000	139010
31/03/2021 08:00	152.154	152.396	152.049	152.291	28	20975700000	139838
31/03/2021 12:00	152.29	152.522	152.243	152.401	28	20941350000	139609
31/03/2021 16:00	152.401	152.773	152.191	152.623	28	24091950000	160613
31/03/2021 20:00	152.623	152.73	152.471	152.48	28	16713300000	111422
01/04/2021 00:00	152.48	152.784	152.396	152.748	28	8709150000	58061
01/04/2021 04:00	152.748	152.762	152.341	152.389	28	17490150000	116601
01/04/2021 08:00	152.389	152.739	152.277	152.576	28	22863600000	152424
01/04/2021 12:00	152.576	152.721	152.442	152.648	28	19829550000	132197
01/04/2021 16:00	152.648	153.057	152.628	152.792	28	23484450000	156563
01/04/2021 20:00	152.792	153.022	152.762	152.893	28	12183000000	81220
02/04/2021 00:00	152.893	153.15	152.815	153.103	28	5143500000	34290
02/04/2021 04:00	153.103	153.188	153.019	153.12	28	10412700000	69418
02/04/2021 08:00	153.12	153.137	152.694	152.708	28	14020650000	93471
02/04/2021 12:00	152.708	153.037	152.699	153.001	28	14154600000	94364
02/04/2021 16:00	153.001	153.108	152.881	152.943	28	18557400000	123716
02/04/2021 20:00	152.944	153.204	152.697	153.204	23	17548650000	116991
05/04/2021 00:00	152.903	153.087	152.821	152.97	28	10214850000	68099
05/04/2021 04:00	152.97	153.059	152.895	152.985	28	15211800000	101412
05/04/2021 08:00	152.985	153.354	152.873	153.302	28	20735250000	138235
05/04/2021 12:00	153.303	153.327	153.124	153.299	28	15484500000	103230
05/04/2021 16:00	153.299	153.322	152.874	153.042	28	19242300000	128282
05/04/2021 20:00	153.042	153.265	153.031	153.09	28	11998050000	79987
06/04/2021 00:00	153.09	153.352	152.955	153.286	28	7206450000	48043
06/04/2021 04:00	153.286	153.402	153.19	153.3	28	14164200000	94428
06/04/2021 08:00	153.3	153.375	152.831	152.937	28	21142050000	140947
06/04/2021 12:00	152.937	153.04	152.067	152.094	28	21778050000	145187
06/04/2021 16:00	152.094	152.224	151.824	151.863	28	22140300000	147602
06/04/2021 20:00	151.863	151.897	151.611	151.636	28	14080950000	93873
07/04/2021 00:00	151.636	151.958	151.505	151.845	28	10760700000	71738
07/04/2021 04:00	151.845	151.856	151.615	151.731	28	15966750000	106445
07/04/2021 08:00	151.731	151.931	151.144	151.93	28	21836400000	145576
07/04/2021 12:00	151.93	152.061	151.135	151.189	28	20658000000	137720
07/04/2021 16:00	151.189	151.274	150.648	150.755	28	23444250000	156295
07/04/2021 20:00	150.755	150.899	150.711	150.847	28	14664150000	97761
08/04/2021 00:00	150.847	150.991	150.725	150.816	28	7177050000	47847
08/04/2021 04:00	150.816	151.005	150.697	150.886	28	12516750000	83445
08/04/2021 08:00	150.886	151.076	150.154	150.227	28	19970850000	133139
08/04/2021 12:00	150.227	150.625	150.016	150.155	28	22599300000	150662
08/04/2021 16:00	150.161	150.205	149.872	150.091	28	21903450000	146023
08/04/2021 20:00	150.091	150.154	149.965	149.987	28	13523400000	90156
09/04/2021 00:00	149.987	150.316	149.903	150.202	28	9259350000	61729
09/04/2021 04:00	150.202	150.217	150.005	150.185	28	13935000000	92900
09/04/2021 08:00	150.185	150.429	149.58	150.354	28	20418750000	136125
09/04/2021 12:00	150.354	150.714	150.209	150.705	28	21109050000	140727
09/04/2021 16:00	150.705	150.922	150.306	150.479	28	22367550000	149117
09/04/2021 20:00	150.479	150.493	150.203	150.32	23	10090500000	67270
12/04/2021 00:00	150.339	150.468	150.089	150.462	28	8178450000	54523
12/04/2021 04:00	150.462	150.462	149.775	149.849	28	16107750000	107385
12/04/2021 08:00	149.849	150.472	149.745	150.409	28	18007800000	120052
12/04/2021 12:00	150.409	150.575	150.12	150.502	28	16648200000	110988
12/04/2021 16:00	150.502	150.525	150.245	150.338	28	16879800000	112532
12/04/2021 20:00	150.337	150.4	150.183	150.22	28	10028550000	66857
13/04/2021 00:00	150.22	150.54	150.15	150.532	28	4988550000	33257
13/04/2021 04:00	150.532	150.712	150.4	150.578	28	12998550000	86657
13/04/2021 08:00	150.578	150.817	150.262	150.363	28	20666250000	137775
13/04/2021 12:00	150.363	150.513	149.774	150.038	28	23055300000	153702
13/04/2021 16:00	150.036	150.205	149.656	149.978	28	21207750000	141385
13/04/2021 20:00	149.978	150.031	149.896	149.929	28	13435650000	89571
14/04/2021 00:00	149.929	149.979	149.62	149.629	28	8027100000	53514
14/04/2021 04:00	149.627	150.053	149.573	150.009	28	11003700000	73358
14/04/2021 08:00	150.009	150.448	149.936	150.328	28	20150850000	134339
14/04/2021 12:00	150.328	150.328	149.79	149.837	28	19938600000	132924
14/04/2021 16:00	149.837	150.376	149.834	150.301	28	23872500000	159150
14/04/2021 20:00	150.301	150.306	149.987	149.988	28	14688900000	97926
15/04/2021 00:00	149.987	150.158	149.956	150.137	28	6955500000	46370
15/04/2021 04:00	150.137	150.147	149.829	149.859	28	12479700000	83198
15/04/2021 08:00	149.859	150.189	149.846	149.856	28	18036300000	120242
15/04/2021 12:00	149.856	150.132	149.744	149.971	28	18816150000	125441
15/04/2021 16:00	149.971	149.982	149.674	149.839	28	22592850000	150619
15/04/2021 20:00	149.839	149.905	149.772	149.894	28	12533100000	83554
16/04/2021 00:00	149.894	149.904	149.64	149.736	28	8566350000	57109
16/04/2021 04:00	149.736	149.918	149.68	149.773	28	17064000000	113760
16/04/2021 08:00	149.773	149.818	149.369	149.731	28	18811050000	125407
16/04/2021 12:00	149.731	150.251	149.725	150.239	28	20090250000	133935
16/04/2021 16:00	150.239	150.443	150.082	150.384	28	20026500000	133510
16/04/2021 20:00	150.384	150.653	150.362	150.554	23	12715650000	84771
19/04/2021 00:00	150.395	150.511	150.113	150.161	28	11658300000	77722
19/04/2021 04:00	150.161	150.56	150.042	150.5	28	17359200000	115728
19/04/2021 08:00	150.5	150.572	149.876	149.971	28	22452600000	149684
19/04/2021 12:00	149.971	150.968	149.897	150.911	28	22199250000	147995
19/04/2021 16:00	150.91	151.203	150.805	151.127	28	23088150000	153921
19/04/2021 20:00	151.127	151.309	151.119	151.189	28	11958750000	79725
20/04/2021 00:00	151.189	151.314	151.075	151.28	28	10246800000	68312
20/04/2021 04:00	151.28	151.565	151.193	151.444	28	19348200000	128988
20/04/2021 08:00	151.444	151.964	151.373	151.658	28	21717000000	144780
20/04/2021 12:00	151.658	151.757	151.28	151.361	28	20575950000	137173
20/04/2021 16:00	151.36	151.445	150.577	150.721	28	23595600000	157304
20/04/2021 20:00	150.721	150.74	150.551	150.617	28	12268200000	81788
21/04/2021 00:00	150.617	150.706	150.426	150.617	28	11637750000	77585
21/04/2021 04:00	150.617	150.659	150.308	150.41	28	18336600000	122244
21/04/2021 08:00	150.41	150.958	150.322	150.715	28	20886900000	139246
21/04/2021 12:00	150.715	150.802	150.23	150.306	28	18834300000	125562
21/04/2021 16:00	150.306	150.75	150.034	150.564	28	22335150000	148901
21/04/2021 20:00	150.564	150.664	150.421	150.514	28	11899800000	79332
22/04/2021 00:00	150.483	150.612	150.405	150.544	28	9803100000	65354
22/04/2021 04:00	150.544	150.637	150.31	150.367	28	15104250000	100695
22/04/2021 08:00	150.367	150.547	150.118	150.147	28	20003550000	133357
22/04/2021 12:00	150.147	150.369	149.796	149.944	28	19481850000	129879
22/04/2021 16:00	149.944	149.999	149.405	149.774	28	25174800000	167832
22/04/2021 20:00	149.774	149.821	149.407	149.418	28	18113700000	120758
23/04/2021 00:00	149.418	149.481	149.271	149.36	28	11693250000	77955
23/04/2021 04:00	149.36	149.645	149.282	149.575	28	15778950000	105193
23/04/2021 08:00	149.575	149.941	149.437	149.718	28	18969900000	126466
23/04/2021 12:00	149.718	149.808	149.226	149.266	28	19028250000	126855
23/04/2021 16:00	149.266	149.723	149.047	149.6	28	23661000000	157740
23/04/2021 20:00	149.6	149.878	149.543	149.852	23	14326350000	95509
26/04/2021 00:00	149.609	149.829	149.526	149.804	28	7616100000	50774
26/04/2021 04:00	149.803	149.838	149.692	149.742	28	15531900000	103546
26/04/2021 08:00	149.742	150.084	149.628	149.752	28	19710300000	131402
26/04/2021 12:00	149.752	150.185	149.675	149.869	28	19726350000	131509
26/04/2021 16:00	149.869	150.277	149.854	150.143	28	23040450000	153603
26/04/2021 20:00	150.143	150.369	150.089	150.187	28	16049250000	106995
27/04/2021 00:00	150.196	150.365	150.095	150.204	28	7068300000	47122
27/04/2021 04:00	150.204	150.46	150.199	150.298	28	15028950000	100193
27/04/2021 08:00	150.298	150.477	150.136	150.16	28	16425150000	109501
27/04/2021 12:00	150.16	150.722	150.158	150.545	28	19556550000	130377
27/04/2021 16:00	150.549	151.144	150.418	151.103	28	23541150000	156941
27/04/2021 20:00	151.103	151.234	151.091	151.119	28	18200850000	121339
28/04/2021 00:00	151.119	151.307	150.964	151.247	28	11403900000	76026
28/04/2021 04:00	151.247	151.272	150.998	151.02	28	19839900000	132266
28/04/2021 08:00	151.018	151.312	151.015	151.18	28	21585750000	143905
28/04/2021 12:00	151.18	151.349	151.002	151.094	28	21310200000	142068
28/04/2021 16:00	151.094	151.48	151.021	151.449	28	23388150000	155921
28/04/2021 20:00	151.448	151.553	151.23	151.238	28	21140700000	140938
29/04/2021 00:00	151.246	151.479	151.191	151.434	28	5804400000	38696
29/04/2021 04:00	151.434	151.572	151.41	151.464	28	12404550000	82697
29/04/2021 08:00	151.464	152.092	151.464	151.919	28	18200100000	121334
29/04/2021 12:00	151.92	152.189	151.752	152.046	28	21084750000	140565
29/04/2021 16:00	152.046	152.395	151.706	151.814	28	24473100000	163154
29/04/2021 20:00	151.814	151.902	151.755	151.802	28	16506750000	110045
30/04/2021 00:00	151.802	152.102	151.648	151.981	28	8250900000	55006
30/04/2021 04:00	151.981	151.997	151.662	151.719	28	13917450000	92783
30/04/2021 08:00	151.719	151.806	151.364	151.446	28	18172200000	121148
30/04/2021 12:00	151.446	151.589	151.193	151.233	28	19383300000	129222
30/04/2021 16:00	151.233	151.432	150.897	151.152	28	28021650000	186811
30/04/2021 20:00	151.152	151.17	150.86	151.097	23	19047300000	126982
03/05/2021 00:00	150.859	151.282	150.782	151.246	28	3679950000	24533
03/05/2021 04:00	151.246	151.468	151.21	151.436	28	10265250000	68435
03/05/2021 08:00	151.436	151.905	151.249	151.9	28	17929650000	119531
03/05/2021 12:00	151.9	151.92	151.566	151.781	28	18053400000	120356
03/05/2021 16:00	151.781	151.823	151.596	151.76	28	20486850000	136579
03/05/2021 20:00	151.76	151.798	151.603	151.632	28	11671350000	77809
04/05/2021 00:00	151.632	151.784	151.587	151.649	28	7791900000	51946
04/05/2021 04:00	151.649	151.685	151.563	151.612	28	13722600000	91484
04/05/2021 08:00	151.612	151.934	151.588	151.752	28	19454550000	129697
04/05/2021 12:00	151.752	152.046	150.988	151.084	28	23655300000	157702
04/05/2021 16:00	151.084	151.889	151.003	151.748	28	29057850000	193719
04/05/2021 20:00	151.748	151.854	151.722	151.807	28	18396150000	122641
05/05/2021 00:00	151.807	151.989	151.707	151.942	28	4011600000	26744
05/05/2021 04:00	151.942	152.074	151.868	152.053	28	12716100000	84774
05/05/2021 08:00	152.053	152.221	151.748	151.929	28	18867750000	125785
05/05/2021 12:00	151.929	152.195	151.756	152.015	28	19333050000	128887
05/05/2021 16:00	152.015	152.05	151.764	151.938	28	23188200000	154588
05/05/2021 20:00	151.938	152.037	151.738	151.766	28	17021550000	113477
06/05/2021 00:00	151.783	152.031	151.678	151.911	28	6589200000	43928
06/05/2021 04:00	151.912	152.093	151.878	152.027	27	12300300000	82002
06/05/2021 08:00	152.027	152.112	151.751	151.807	28	13560300000	90402
06/05/2021 12:00	151.805	152.111	151.234	151.832	28	17651100000	117674
06/05/2021 16:00	151.832	152.009	151.312	151.493	28	18118800000	120792
06/05/2021 20:00	151.493	151.569	151.361	151.484	28	8754150000	58361
07/05/2021 00:00	151.471	151.677	151.37	151.629	28	8923800000	59492
07/05/2021 04:00	151.629	151.808	151.615	151.692	28	20112900000	134086
07/05/2021 08:00	151.692	152.026	151.627	151.947	28	19086750000	127245
07/05/2021 12:00	151.947	151.962	151.304	151.501	28	23419800000	156132
07/05/2021 16:00	151.499	151.954	151.249	151.915	28	29806500000	198710
07/05/2021 20:00	151.915	152.105	151.853	152.022	23	19419900000	129466
10/05/2021 00:00	151.985	152.69	151.937	152.538	28	13590750000	90605
10/05/2021 04:00	152.538	152.777	152.508	152.666	28	17140200000	114268
10/05/2021 08:00	152.666	153.387	152.666	153.264	28	24587850000	163919
10/05/2021 12:00	153.262	153.84	153.105	153.757	28	22644450000	150963
10/05/2021 16:00	153.757	153.894	153.436	153.872	28	24133500000	160890
10/05/2021 20:00	153.872	154.015	153.477	153.567	28	17163750000	114425
11/05/2021 00:00	153.572	153.883	153.48	153.789	28	12453150000	83021
11/05/2021 04:00	153.789	153.889	153.683	153.686	28	18292950000	121953
11/05/2021 08:00	153.687	153.951	153.528	153.874	28	20058000000	133720
11/05/2021 12:00	153.874	153.929	153.493	153.631	28	22495500000	149970
11/05/2021 16:00	153.631	153.751	153.134	153.728	28	28084350000	187229
11/05/2021 20:00	153.728	153.831	153.536	153.592	28	16431300000	109542
12/05/2021 00:00	153.563	153.742	153.483	153.649	28	9591450000	63943
12/05/2021 04:00	153.649	153.716	153.513	153.636	28	18095550000	120637
12/05/2021 08:00	153.636	153.914	153.626	153.779	28	19301400000	128676
12/05/2021 12:00	153.779	154.185	153.559	154.048	28	21095250000	140635
12/05/2021 16:00	154.048	154.42	153.978	154.099	28	30839700000	205598
12/05/2021 20:00	154.098	154.19	153.965	154.04	28	19745850000	131639
13/05/2021 00:00	154.04	154.296	153.994	154.153	28	9160950000	61073
13/05/2021 04:00	154.153	154.327	154.041	154.283	28	15506100000	103374
13/05/2021 08:00	154.283	154.298	153.63	153.715	28	21023850000	140159
13/05/2021 12:00	153.715	153.889	153.544	153.754	28	21438600000	142924
13/05/2021 16:00	153.754	154.074	153.633	153.642	28	24488700000	163258
13/05/2021 20:00	153.642	153.817	153.457	153.747	28	16921950000	112813
14/05/2021 00:00	153.746	153.935	153.651	153.909	28	9457800000	63052
14/05/2021 04:00	153.909	154.001	153.788	153.814	28	15927450000	106183
14/05/2021 08:00	153.814	153.946	153.602	153.705	28	18693300000	124622
14/05/2021 12:00	153.705	154.08	153.675	154.023	28	18765600000	125104
14/05/2021 16:00	154.023	154.25	153.933	154.22	28	21047850000	140319
14/05/2021 20:00	154.22	154.275	154.075	154.075	23	11937000000	79580
17/05/2021 00:00	154.092	154.287	153.874	154.143	28	7909650000	52731
17/05/2021 04:00	154.143	154.159	153.936	154.053	28	16993650000	113291
17/05/2021 08:00	154.053	154.169	153.833	154.042	28	17899650000	119331
17/05/2021 12:00	154.042	154.061	153.721	153.936	28	19415400000	129436
17/05/2021 16:00	153.936	154.296	153.807	154.268	28	23436150000	156241
17/05/2021 20:00	154.268	154.453	154.2	154.308	28	14820150000	98801
18/05/2021 00:00	154.287	154.647	154.218	154.533	28	6919500000	46130
18/05/2021 04:00	154.533	154.818	154.489	154.737	28	13481100000	89874
18/05/2021 08:00	154.738	154.785	154.499	154.687	28	18548850000	123659
18/05/2021 12:00	154.687	154.818	154.628	154.696	28	19414200000	129428
18/05/2021 16:00	154.695	154.762	154.489	154.599	28	22816350000	152109
18/05/2021 20:00	154.599	154.632	154.419	154.426	28	12210300000	81402
19/05/2021 00:00	154.43	154.727	154.378	154.702	28	8201100000	54674
19/05/2021 04:00	154.702	154.746	154.48	154.58	28	14860650000	99071
19/05/2021 08:00	154.58	154.8	154.522	154.651	28	19520700000	130138
19/05/2021 12:00	154.651	154.78	154.263	154.264	28	23113800000	154092
19/05/2021 16:00	154.266	154.288	153.528	154.048	28	29625450000	197503
19/05/2021 20:00	154.048	154.3	154.008	154.1	28	23418150000	156121
20/05/2021 00:00	154.1	154.235	154.009	154.188	28	9438600000	62924
20/05/2021 04:00	154.188	154.195	153.933	154.082	28	16798650000	111991
20/05/2021 08:00	154.082	154.161	153.608	153.685	28	19332900000	128886
20/05/2021 12:00	153.685	154.062	153.673	154.009	28	22020150000	146801
20/05/2021 16:00	154.009	154.274	153.891	154.252	28	23845800000	158972
20/05/2021 20:00	154.252	154.402	154.215	154.288	28	15491550000	103277
21/05/2021 00:00	154.288	154.474	154.242	154.313	28	8227650000	54851
21/05/2021 04:00	154.313	154.376	154.201	154.241	28	15105450000	100703
21/05/2021 08:00	154.241	154.366	153.999	154.305	28	18809700000	125398
21/05/2021 12:00	154.305	154.667	154.294	154.382	28	21893850000	145959
21/05/2021 16:00	154.382	154.423	154.12	154.16	28	24505650000	163371
21/05/2021 20:00	154.16	154.231	154.062	154.094	23	14055450000	93703
24/05/2021 00:00	154.128	154.223	153.989	154.105	28	9898800000	65992
24/05/2021 04:00	154.105	154.143	153.926	153.985	28	15926400000	106176
24/05/2021 08:00	153.984	154.121	153.759	153.973	28	18214350000	121429
24/05/2021 12:00	153.973	154.09	153.764	154.02	28	19267200000	128448
24/05/2021 16:00	154.02	154.096	153.851	154.004	28	18813750000	125425
24/05/2021 20:00	154.004	154.02	153.878	153.899	28	11118900000	74126
25/05/2021 00:00	153.907	154.141	153.802	154.108	28	9313200000	62088
25/05/2021 04:00	154.108	154.207	154.006	154.149	28	15198450000	101323
25/05/2021 08:00	154.149	154.329	154.114	154.241	28	19515000000	130100
25/05/2021 12:00	154.242	154.44	154.08	154.098	28	19815750000	132105
25/05/2021 16:00	154.097	154.156	153.81	153.957	28	25075650000	167171
25/05/2021 20:00	153.957	154.029	153.763	153.872	28	17987100000	119914
26/05/2021 00:00	153.883	153.943	153.8	153.89	28	8172300000	54482
26/05/2021 04:00	153.888	154.132	153.763	154.11	28	17013900000	113426
26/05/2021 08:00	154.11	154.175	153.854	154.099	28	18645150000	124301
26/05/2021 12:00	154.099	154.336	154.026	154.043	28	20251200000	135008
26/05/2021 16:00	154.043	154.177	153.88	154.037	28	24652650000	164351
26/05/2021 20:00	154.037	154.174	153.992	154.091	28	14372400000	95816
27/05/2021 00:00	154.086	154.149	153.891	153.967	28	7282950000	48553
27/05/2021 04:00	153.967	154.005	153.829	153.958	28	11398800000	75992
27/05/2021 08:00	153.959	154.212	153.87	154.101	28	21100950000	140673
27/05/2021 12:00	154.101	155.011	154.086	154.803	28	24590700000	163938
27/05/2021 16:00	154.804	155.814	154.79	155.765	28	27373200000	182488
27/05/2021 20:00	155.765	156.061	155.725	155.841	28	18342150000	122281
28/05/2021 00:00	155.841	156.046	155.802	155.975	28	7830000000	52200
28/05/2021 04:00	155.975	156.016	155.816	155.926	28	17492550000	116617
28/05/2021 08:00	155.926	156.026	155.746	155.959	28	21296400000	141976
28/05/2021 12:00	155.959	155.993	155.736	155.823	28	24358200000	162388
28/05/2021 16:00	155.823	155.958	155.575	155.828	28	26724750000	178165
28/05/2021 20:00	155.828	155.965	155.771	155.9	23	15999600000	106664
31/05/2021 00:00	155.706	155.912	155.6	155.648	28	7427100000	49514
31/05/2021 04:00	155.648	155.781	155.608	155.656	28	15791700000	105278
31/05/2021 08:00	155.656	155.737	155.351	155.387	28	16491000000	109940
31/05/2021 12:00	155.387	155.558	155.353	155.49	28	14485500000	96570
31/05/2021 16:00	155.49	155.604	155.288	155.513	28	15638250000	104255
31/05/2021 20:00	155.515	155.706	155.462	155.633	28	7053150000	47021
01/06/2021 00:00	155.633	155.799	155.586	155.647	28	7359300000	49062
01/06/2021 04:00	155.647	155.884	155.634	155.858	28	17244450000	114963
01/06/2021 08:00	155.858	155.926	155.386	155.467	28	20987700000	139918
01/06/2021 12:00	155.466	155.524	155.207	155.236	28	20698800000	137992
01/06/2021 16:00	155.237	155.426	154.956	154.961	28	25243050000	168287
01/06/2021 20:00	154.961	155.007	154.845	154.875	28	13898550000	92657
02/06/2021 00:00	154.845	155.223	154.722	155.195	28	10082850000	67219
02/06/2021 04:00	155.195	155.241	155.098	155.182	28	15396900000	102646
02/06/2021 08:00	155.181	155.334	155.024	155.28	28	19904400000	132696
02/06/2021 12:00	155.28	155.48	155.041	155.44	28	20299200000	135328
02/06/2021 16:00	155.44	155.489	155.219	155.373	28	20955000000	139700
02/06/2021 20:00	155.373	155.414	155.16	155.175	28	16409400000	109396
03/06/2021 00:00	155.175	155.407	155.148	155.394	28	5518500000	36790
03/06/2021 04:00	155.394	155.44	155.333	155.369	28	9480450000	63203
03/06/2021 08:00	155.369	155.721	155.3	155.653	28	17558550000	117057
03/06/2021 12:00	155.654	155.8	155.585	155.657	28	22189500000	147930
03/06/2021 16:00	155.657	155.671	155.316	155.464	28	26899800000	179332
03/06/2021 20:00	155.464	155.623	155.359	155.453	28	13850550000	92337
04/06/2021 00:00	155.453	155.622	155.401	155.458	28	7803750000	52025
04/06/2021 04:00	155.458	155.482	155.273	155.401	28	15412800000	102752
04/06/2021 08:00	155.401	155.674	155.268	155.587	28	18973500000	126490
04/06/2021 12:00	155.587	155.747	155.462	155.609	28	19887450000	132583
04/06/2021 16:00	155.609	155.67	155.02	155.07	28	26383500000	175890
04/06/2021 20:00	155.07	155.169	154.969	155.033	23	11845650000	78971
07/06/2021 00:00	155.046	155.271	154.78	155.163	28	10935300000	72902
07/06/2021 04:00	155.163	155.171	154.75	154.788	28	17454000000	116360
07/06/2021 08:00	154.787	154.857	154.539	154.651	28	18544650000	123631
07/06/2021 12:00	154.651	154.969	154.616	154.899	28	17315550000	115437
07/06/2021 16:00	154.899	154.982	154.681	154.949	28	20340750000	135605
07/06/2021 20:00	154.949	155.011	154.859	154.882	28	10273950000	68493
08/06/2021 00:00	154.882	155.038	154.832	154.987	28	8371800000	55812
08/06/2021 04:00	154.987	155.071	154.854	154.885	28	17867250000	119115
08/06/2021 08:00	154.887	155.012	154.731	154.824	28	18111600000	120744
08/06/2021 12:00	154.823	154.91	154.619	154.724	28	19594950000	130633
08/06/2021 16:00	154.724	154.934	154.544	154.9	28	21620550000	144137
08/06/2021 20:00	154.9	155.077	154.881	154.949	28	11548500000	76990
09/06/2021 00:00	154.949	154.996	154.832	154.964	28	4862700000	32418
09/06/2021 04:00	154.964	155.051	154.883	154.924	28	11670150000	77801
09/06/2021 08:00	154.924	155.292	154.91	155.291	28	16177200000	107848
09/06/2021 12:00	155.292	155.302	154.58	154.621	28	16209450000	108063
09/06/2021 16:00	154.621	154.836	154.471	154.74	28	22139400000	147596
09/06/2021 20:00	154.74	154.772	154.614	154.708	28	11447850000	76319
10/06/2021 00:00	154.704	154.751	154.63	154.669	28	6140850000	40939
10/06/2021 04:00	154.669	154.694	154.542	154.575	28	11562150000	77081
10/06/2021 08:00	154.575	154.58	154.12	154.232	28	17083200000	113888
10/06/2021 12:00	154.232	155.201	154.22	155.119	28	22160400000	147736
10/06/2021 16:00	155.119	155.2	154.941	155	28	25814700000	172098
10/06/2021 20:00	155	155.108	154.852	154.951	28	13821300000	92142
11/06/2021 00:00	154.967	155.097	154.755	155.048	28	8953200000	59688
11/06/2021 04:00	155.048	155.156	154.997	155.142	28	13693350000	91289
11/06/2021 08:00	155.142	155.199	154.833	155.062	28	17177100000	114514
11/06/2021 12:00	155.062	155.126	154.871	155.009	28	19286550000	128577
11/06/2021 16:00	155.009	155.108	154.684	154.704	28	21149100000	140994
11/06/2021 20:00	154.701	154.816	154.627	154.751	23	11462700000	76418
14/06/2021 00:00	154.552	154.942	154.495	154.921	28	8211300000	54742
14/06/2021 04:00	154.921	154.927	154.848	154.89	28	13716450000	91443
14/06/2021 08:00	154.892	154.898	154.306	154.42	28	17748900000	118326
14/06/2021 12:00	154.42	154.906	154.343	154.843	28	17463450000	116423
14/06/2021 16:00	154.842	155.293	154.825	155.252	28	20404200000	136028
14/06/2021 20:00	155.252	155.336	155.203	155.254	28	10137750000	67585
15/06/2021 00:00	155.254	155.357	155.201	155.335	28	5155050000	34367
15/06/2021 04:00	155.335	155.384	155.18	155.361	28	11767500000	78450
15/06/2021 08:00	155.361	155.472	155.099	155.116	28	15960150000	106401
15/06/2021 12:00	155.114	155.133	154.526	154.88	28	20862900000	139086
15/06/2021 16:00	154.88	155.142	154.867	155	28	19392900000	129286
15/06/2021 20:00	155	155.043	154.921	154.923	28	10387950000	69253
16/06/2021 00:00	154.923	155.078	154.86	155.037	28	4591050000	30607
16/06/2021 04:00	155.038	155.059	154.97	155.042	28	7456650000	49711
16/06/2021 08:00	155.042	155.363	155.012	155.04	28	16376850000	109179
16/06/2021 12:00	155.04	155.222	154.992	155.026	28	16099050000	107327
16/06/2021 16:00	155.026	155.185	154.928	154.957	28	18951000000	126340
16/06/2021 20:00	154.957	155.025	154.661	154.813	28	26769300000	178462
17/06/2021 00:00	154.805	154.966	154.632	154.769	28	13087200000	87248
17/06/2021 04:00	154.769	154.939	154.7	154.922	28	15665700000	104438
17/06/2021 08:00	154.922	155.004	154.511	154.633	28	22548600000	150324
17/06/2021 12:00	154.633	154.736	153.786	153.874	28	24380550000	162537
17/06/2021 16:00	153.874	154.14	153.131	153.277	28	29044650000	193631
17/06/2021 20:00	153.276	153.606	153.256	153.335	28	17592900000	117286
18/06/2021 00:00	153.335	153.766	153.266	153.694	28	8839350000	58929
18/06/2021 04:00	153.694	153.705	153.307	153.31	28	13797150000	91981
18/06/2021 08:00	153.31	153.322	152.452	152.856	28	22063800000	147092
18/06/2021 12:00	152.85	153.242	152.617	152.683	28	22789650000	151931
18/06/2021 16:00	152.683	152.871	152.125	152.309	28	28806300000	192042
18/06/2021 20:00	152.309	152.389	151.97	152.13	23	16449750000	109665
21/06/2021 00:00	152.064	152.418	151.911	152.413	28	11404950000	76033
21/06/2021 04:00	152.413	152.424	151.302	151.51	28	24115800000	160772
21/06/2021 08:00	151.51	152.295	151.468	152.15	28	23761500000	158410
21/06/2021 12:00	152.15	152.906	152.113	152.785	28	23089500000	153930
21/06/2021 16:00	152.785	153.458	152.772	153.423	28	25354650000	169031
21/06/2021 20:00	153.423	153.723	153.4	153.582	28	15982500000	106550
22/06/2021 00:00	153.582	153.764	153.293	153.397	28	10038750000	66925
22/06/2021 04:00	153.397	153.703	153.267	153.631	28	13269750000	88465
22/06/2021 08:00	153.631	153.657	153.154	153.191	28	18856950000	125713
22/06/2021 12:00	153.191	153.742	153.085	153.679	28	18770250000	125135
22/06/2021 16:00	153.679	154.328	153.622	154.294	28	23167950000	154453
22/06/2021 20:00	154.294	154.455	154.198	154.266	28	17316600000	115444
23/06/2021 00:00	154.266	154.486	154.069	154.343	28	7890750000	52605
23/06/2021 04:00	154.343	154.442	154.222	154.335	28	16371900000	109146
23/06/2021 08:00	154.335	155.09	154.318	154.919	28	19777650000	131851
23/06/2021 12:00	154.918	155.143	154.544	154.936	28	20055450000	133703
23/06/2021 16:00	154.936	155.136	154.646	154.92	28	22739250000	151595
23/06/2021 20:00	154.92	155.005	154.819	154.896	28	13286850000	88579
24/06/2021 00:00	154.882	155.131	154.804	154.999	28	12904500000	86030
24/06/2021 04:00	154.999	155.033	154.865	154.896	28	18167850000	121119
24/06/2021 08:00	154.896	155.038	154.595	154.876	28	19562550000	130417
24/06/2021 12:00	154.875	154.94	153.817	154.231	28	21769350000	145129
24/06/2021 16:00	154.23	154.362	153.957	154.297	28	21268500000	141790
24/06/2021 20:00	154.297	154.489	154.228	154.276	28	15598950000	103993
25/06/2021 00:00	154.265	154.451	154.178	154.363	28	8945100000	59634
25/06/2021 04:00	154.363	154.524	154.285	154.352	28	15122250000	100815
25/06/2021 08:00	154.352	154.391	153.855	154.023	28	17686500000	117910
25/06/2021 12:00	154.023	154.08	153.583	153.681	28	18207450000	121383
25/06/2021 16:00	153.681	154.172	153.676	154.057	28	22331100000	148874
25/06/2021 20:00	154.057	154.076	153.635	153.635	23	13386000000	89240
28/06/2021 00:00	153.895	153.993	153.607	153.766	28	7669500000	51130
28/06/2021 04:00	153.766	153.783	153.579	153.691	28	17989800000	119932
28/06/2021 08:00	153.691	154.216	153.652	154.166	28	18436500000	122910
28/06/2021 12:00	154.166	154.213	153.885	154.085	28	19470750000	129805
28/06/2021 16:00	154.085	154.195	153.434	153.479	28	22965000000	153100
28/06/2021 20:00	153.48	153.521	153.377	153.483	28	14211900000	94746
29/06/2021 00:00	153.483	153.541	153.204	153.218	28	8181450000	54543
29/06/2021 04:00	153.218	153.352	153.129	153.305	28	16323900000	108826
29/06/2021 08:00	153.304	153.483	153.018	153.02	28	19024050000	126827
29/06/2021 12:00	153.02	153.249	152.81	152.993	28	22090200000	147268
29/06/2021 16:00	152.993	153.082	152.603	152.971	28	21914400000	146096
29/06/2021 20:00	152.972	153.13	152.775	152.885	28	12084300000	80562
30/06/2021 00:00	152.895	153.198	152.83	153.147	28	9082650000	60551
30/06/2021 04:00	153.147	153.169	152.961	153.026	28	15975150000	106501
30/06/2021 08:00	153.026	153.064	152.652	152.813	28	19530900000	130206
30/06/2021 12:00	152.813	153.282	152.786	153.149	28	22251900000	148346
30/06/2021 16:00	153.149	153.418	152.919	153.298	28	25491150000	169941
30/06/2021 20:00	153.298	153.74	153.261	153.579	28	17108700000	114058
01/07/2021 00:00	153.579	153.707	153.408	153.413	28	6212100000	41414
01/07/2021 04:00	153.413	153.541	153.342	153.5	28	12656700000	84378
01/07/2021 08:00	153.5	153.962	153.429	153.505	28	18743550000	124957
01/07/2021 12:00	153.505	153.947	153.414	153.826	28	22732650000	151551
01/07/2021 16:00	153.826	153.911	153.526	153.573	28	24033000000	160220
01/07/2021 20:00	153.573	153.632	153.426	153.491	28	12500400000	83336
02/07/2021 00:00	153.491	153.722	153.374	153.619	28	5922750000	39485
02/07/2021 04:00	153.621	153.686	153.495	153.654	28	12189000000	81260
02/07/2021 08:00	153.654	153.677	153.26	153.316	28	17294850000	115299
02/07/2021 12:00	153.316	153.54	153.069	153.309	28	22239150000	148261
02/07/2021 16:00	153.309	153.548	153.154	153.521	28	25950300000	173002
02/07/2021 20:00	153.521	153.692	153.448	153.588	23	16445700000	109638
05/07/2021 00:00	153.246	153.737	153.246	153.616	28	8661900000	57746
05/07/2021 04:00	153.616	153.66	153.534	153.627	28	11991600000	79944
05/07/2021 08:00	153.627	153.717	153.498	153.585	28	16045500000	106970
05/07/2021 12:00	153.585	153.653	153.448	153.573	28	14082450000	93883
05/07/2021 16:00	153.573	153.695	153.511	153.651	28	14361000000	95740
05/07/2021 20:00	153.651	153.712	153.496	153.507	28	18513900000	123426
06/07/2021 00:00	153.507	153.714	153.411	153.618	28	6442350000	42949
06/07/2021 04:00	153.618	153.949	153.552	153.831	28	10720200000	71468
06/07/2021 08:00	153.831	154.061	153.447	153.492	28	21346050000	142307
06/07/2021 12:00	153.492	153.53	153.198	153.452	28	19800900000	132006
06/07/2021 16:00	153.452	153.476	152.346	152.426	28	29680500000	197870
06/07/2021 20:00	152.427	152.727	152.42	152.606	28	13854150000	92361
07/07/2021 00:00	152.606	152.722	152.322	152.329	28	11560500000	77070
07/07/2021 04:00	152.329	152.718	152.322	152.533	28	18016350000	120109
07/07/2021 08:00	152.532	152.943	152.498	152.595	28	21280800000	141872
07/07/2021 12:00	152.595	153.156	152.583	152.837	28	20981100000	139874
07/07/2021 16:00	152.837	153.059	152.279	152.678	28	25150500000	167670
07/07/2021 20:00	152.678	152.756	152.555	152.692	28	18794100000	125294
08/07/2021 00:00	152.695	152.795	152.415	152.418	28	6709050000	44727
08/07/2021 04:00	152.418	152.459	152.193	152.362	28	17816850000	118779
08/07/2021 08:00	152.362	152.366	151.158	151.422	28	29666100000	197774
08/07/2021 12:00	151.422	151.736	150.657	150.903	28	29597400000	197316
08/07/2021 16:00	150.903	151.263	150.702	151.216	28	30220350000	201469
08/07/2021 20:00	151.216	151.374	151.074	151.074	28	20192250000	134615
09/07/2021 00:00	151.069	151.545	151.059	151.478	28	11523000000	76820
09/07/2021 04:00	151.478	151.527	151.161	151.499	28	15829350000	105529
09/07/2021 08:00	151.499	151.77	151.431	151.673	28	25938600000	172924
09/07/2021 12:00	151.673	152.271	151.594	152.202	28	26630400000	177536
09/07/2021 16:00	152.202	152.795	152.148	152.709	28	25671150000	171141
09/07/2021 20:00	152.709	153.164	152.701	152.982	23	17869350000	119129
12/07/2021 00:00	152.951	153.245	152.852	153.064	28	10899900000	72666
12/07/2021 04:00	153.063	153.143	152.888	153.045	28	20831250000	138875
12/07/2021 08:00	153.045	153.144	152.559	152.579	28	21682500000	144550
12/07/2021 12:00	152.579	152.797	152.4	152.582	28	21079050000	140527
12/07/2021 16:00	152.582	153.333	152.536	153.208	28	21119400000	140796
12/07/2021 20:00	153.208	153.231	153.04	153.145	28	11599200000	77328
13/07/2021 00:00	153.145	153.37	153.086	153.339	28	10946100000	72974
13/07/2021 04:00	153.34	153.473	153.212	153.404	28	16033050000	106887
13/07/2021 08:00	153.404	153.404	152.848	152.94	28	18226500000	121510
13/07/2021 12:00	152.94	152.968	152.403	152.566	28	20165850000	134439
13/07/2021 16:00	152.566	152.921	152.484	152.828	28	24426000000	162840
13/07/2021 20:00	152.828	152.943	152.71	152.773	28	17848050000	118987
14/07/2021 00:00	152.76	152.859	152.628	152.724	28	10775850000	71839
14/07/2021 04:00	152.724	152.739	152.599	152.707	28	17948400000	119656
14/07/2021 08:00	152.707	153.133	152.693	153.004	28	20854800000	139032
14/07/2021 12:00	153.004	153.283	152.842	152.976	28	21678300000	144522
14/07/2021 16:00	152.974	153.003	152.346	152.358	28	26668800000	177792
14/07/2021 20:00	152.358	152.46	152.327	152.359	28	17181450000	114543
15/07/2021 00:00	152.358	152.446	151.984	152.105	28	14124150000	94161
15/07/2021 04:00	152.105	152.108	151.826	152.033	28	18729450000	124863
15/07/2021 08:00	152.033	152.308	151.596	151.929	28	20724150000	138161
15/07/2021 12:00	151.929	152.791	151.792	152.371	28	23836050000	158907
15/07/2021 16:00	152.371	152.574	152.075	152.131	28	24403950000	162693
15/07/2021 20:00	152.131	152.131	151.603	151.775	28	18627000000	124180
16/07/2021 00:00	151.775	152.004	151.727	151.973	28	10672800000	71152
16/07/2021 04:00	151.973	152.251	151.906	152.209	28	18524400000	123496
16/07/2021 08:00	152.204	152.6	151.808	152.561	28	21300150000	142001
16/07/2021 12:00	152.558	152.56	152.086	152.32	28	22092600000	147284
16/07/2021 16:00	152.32	152.453	151.681	151.689	28	23073600000	153824
16/07/2021 20:00	151.689	151.726	151.417	151.574	23	15443700000	102958
19/07/2021 00:00	151.526	151.569	151.033	151.061	28	11064750000	73765
19/07/2021 04:00	151.061	151.274	151.047	151.181	28	16097100000	107314
19/07/2021 08:00	151.182	151.297	150.319	150.452	28	22649250000	150995
19/07/2021 12:00	150.452	150.923	149.86	150.008	28	27156750000	181045
19/07/2021 16:00	150.008	150.03	149.315	149.516	28	30790500000	205270
19/07/2021 20:00	149.516	149.706	149.431	149.599	28	19132500000	127550
20/07/2021 00:00	149.623	149.751	149.496	149.669	28	8199600000	54664
20/07/2021 04:00	149.669	149.962	149.412	149.625	28	18091650000	120611
20/07/2021 08:00	149.625	149.963	149.272	149.779	28	23963700000	159758
20/07/2021 12:00	149.779	149.892	148.764	148.876	28	25632600000	170884
20/07/2021 16:00	148.876	149.796	148.447	149.774	28	28283400000	188556
20/07/2021 20:00	149.774	149.803	149.542	149.576	28	14659500000	97730
21/07/2021 00:00	149.556	149.954	149.499	149.913	28	10411500000	69410
21/07/2021 04:00	149.913	149.92	149.477	149.585	28	14498700000	96658
21/07/2021 08:00	149.585	150.119	149.28	150.032	28	23198400000	154656
21/07/2021 12:00	150.032	150.251	149.689	150.235	28	21315300000	142102
21/07/2021 16:00	150.235	151.114	150.225	151.088	28	23613000000	157420
21/07/2021 20:00	151.089	151.33	151.069	151.128	28	14598900000	97326
22/07/2021 00:00	151.134	151.255	150.925	150.929	28	6448800000	42992
22/07/2021 04:00	150.929	151.095	150.729	151.065	28	12511350000	83409
22/07/2021 08:00	151.065	151.682	151	151.384	28	19407750000	129385
22/07/2021 12:00	151.384	151.898	151.309	151.536	28	23375850000	155839
22/07/2021 16:00	151.537	151.833	151.243	151.589	28	26033400000	173556
22/07/2021 20:00	151.589	151.822	151.513	151.531	28	14161800000	94412
23/07/2021 00:00	151.531	151.752	151.349	151.687	28	6712800000	44752
23/07/2021 04:00	151.687	151.804	151.625	151.688	28	7958400000	53056
23/07/2021 08:00	151.688	151.78	151.525	151.699	28	14533500000	96890
23/07/2021 12:00	151.698	152.148	151.58	152.09	28	15403050000	102687
23/07/2021 16:00	152.09	152.134	151.789	152.081	28	15628350000	104189
23/07/2021 20:00	152.081	152.121	151.925	151.978	23	6911850000	46079
26/07/2021 00:00	151.911	152.145	151.805	151.829	28	6071700000	40478
26/07/2021 04:00	151.829	151.858	151.598	151.742	28	11104500000	74030
26/07/2021 08:00	151.742	151.8	151.392	151.743	28	16411350000	109409
26/07/2021 12:00	151.744	152.229	151.711	152.063	28	20433450000	136223
26/07/2021 16:00	152.063	152.594	151.947	152.534	28	22483350000	149889
26/07/2021 20:00	152.534	152.582	152.418	152.484	28	12478050000	83187
27/07/2021 00:00	152.476	152.594	152.354	152.365	27	6559950000	43733
27/07/2021 04:00	152.365	152.478	152.268	152.385	28	15140700000	100938
27/07/2021 08:00	152.385	152.425	151.565	151.662	28	22068600000	147124
27/07/2021 12:00	151.661	152.072	151.6	151.982	28	19369050000	129127
27/07/2021 16:00	151.979	152.51	151.667	152.202	28	26569500000	177130
27/07/2021 20:00	152.202	152.407	152.169	152.299	28	13646850000	90979
28/07/2021 00:00	152.33	152.554	152.289	152.447	28	6583800000	43892
28/07/2021 04:00	152.447	152.602	152.226	152.251	28	16413150000	109421
28/07/2021 08:00	152.251	152.725	152.169	152.721	28	21057600000	140384
28/07/2021 12:00	152.721	152.807	152.417	152.741	28	20248500000	134990
28/07/2021 16:00	152.741	152.876	152.522	152.786	28	21426150000	142841
28/07/2021 20:00	152.786	152.978	152.648	152.709	28	22634250000	150895
29/07/2021 00:00	152.704	152.869	152.548	152.585	28	6897000000	45980
29/07/2021 04:00	152.585	152.958	152.504	152.901	28	11068200000	73788
29/07/2021 08:00	152.901	153.298	152.839	153.27	28	20031450000	133543
29/07/2021 12:00	153.27	153.405	153.099	153.149	28	18681150000	124541
29/07/2021 16:00	153.149	153.436	152.893	152.935	28	22141800000	147612
29/07/2021 20:00	152.936	152.987	152.687	152.688	28	12995250000	86635
30/07/2021 00:00	152.688	152.907	152.64	152.795	28	8004150000	53361
30/07/2021 04:00	152.795	152.872	152.675	152.759	28	11386350000	75909
30/07/2021 08:00	152.759	153.088	152.622	153.027	28	17054550000	113697
30/07/2021 12:00	153.026	153.203	152.959	153.111	28	18903150000	126021
30/07/2021 16:00	153.111	153.117	152.431	152.58	28	22220700000	148138
30/07/2021 20:00	152.58	152.656	152.439	152.497	23	13135200000	87568
02/08/2021 00:00	152.396	152.55	152.222	152.381	28	11687550000	77917
02/08/2021 04:00	152.381	152.505	152.291	152.463	28	12724650000	84831
02/08/2021 08:00	152.463	152.846	152.394	152.632	28	16965900000	113106
02/08/2021 12:00	152.632	152.677	152.043	152.135	28	17340300000	115602
02/08/2021 16:00	152.135	152.346	151.526	151.792	28	23692950000	157953
02/08/2021 20:00	151.792	151.851	151.627	151.634	28	13252800000	88352
03/08/2021 00:00	151.633	151.895	151.604	151.864	28	8400450000	56003
03/08/2021 04:00	151.864	151.878	151.654	151.699	28	15558450000	103723
03/08/2021 08:00	151.699	152.039	151.53	151.846	28	18357300000	122382
03/08/2021 12:00	151.846	152.186	151.75	151.786	28	17171550000	114477
03/08/2021 16:00	151.786	151.793	151.154	151.77	28	24114300000	160762
03/08/2021 20:00	151.77	151.852	151.639	151.668	28	11264400000	75096
04/08/2021 00:00	151.657	151.777	151.519	151.558	28	7389900000	49266
04/08/2021 04:00	151.558	151.914	151.525	151.903	28	12035250000	80235
04/08/2021 08:00	151.903	152.186	151.8	152.113	28	16044300000	106962
04/08/2021 12:00	152.113	152.178	151.504	151.597	28	19428600000	129524
04/08/2021 16:00	151.597	152.5	151.536	152.194	28	27173400000	181156
04/08/2021 20:00	152.194	152.232	151.982	152.019	28	14058450000	93723
05/08/2021 00:00	152.013	152.321	151.947	152.311	28	8981400000	59876
05/08/2021 04:00	152.311	152.378	152.204	152.324	28	12160350000	81069
05/08/2021 08:00	152.324	152.668	152.213	152.498	28	19074150000	127161
05/08/2021 12:00	152.498	152.684	152.151	152.38	28	22522200000	150148
05/08/2021 16:00	152.38	153.017	152.325	152.865	28	21899100000	145994
05/08/2021 20:00	152.865	152.975	152.816	152.828	28	11850450000	79003
06/08/2021 00:00	152.828	152.972	152.813	152.902	28	7495950000	49973
06/08/2021 04:00	152.907	152.949	152.846	152.863	28	10483950000	69893
06/08/2021 08:00	152.863	152.917	152.646	152.779	28	15426000000	102840
06/08/2021 12:00	152.779	153.135	152.701	153.069	28	21168000000	141120
06/08/2021 16:00	153.068	153.238	152.795	152.883	28	22366650000	149111
06/08/2021 20:00	152.883	153.003	152.862	152.964	23	9277950000	61853
09/08/2021 00:00	152.934	153.087	152.799	152.819	28	10330200000	68868
09/08/2021 04:00	152.819	152.863	152.711	152.854	28	9255300000	61702
09/08/2021 08:00	152.854	153.06	152.611	152.683	28	15680550000	104537
09/08/2021 12:00	152.683	153.03	152.652	152.897	28	18005700000	120038
09/08/2021 16:00	152.898	152.955	152.569	152.686	28	20641350000	137609
09/08/2021 20:00	152.686	152.816	152.566	152.574	28	9766050000	65107
10/08/2021 00:00	152.574	152.892	152.559	152.799	28	8018400000	53456
10/08/2021 04:00	152.799	152.823	152.611	152.73	28	10996500000	73310
10/08/2021 08:00	152.73	153.211	152.718	153.176	28	16557900000	110386
10/08/2021 12:00	153.176	153.186	152.931	153.042	28	16371300000	109142
10/08/2021 16:00	153.042	153.303	152.892	152.971	28	20410200000	136068
10/08/2021 20:00	152.971	153.051	152.923	152.977	28	8752050000	58347
11/08/2021 00:00	152.975	153.068	152.738	152.975	28	6770250000	45135
11/08/2021 04:00	152.975	153.055	152.935	153.036	28	7605600000	50704
11/08/2021 08:00	153.036	153.131	152.966	152.986	28	14204100000	94694
11/08/2021 12:00	152.986	153.222	152.856	153.111	28	17136600000	114244
11/08/2021 16:00	153.111	153.263	153.001	153.237	28	20635950000	137573
11/08/2021 20:00	153.235	153.284	153.002	153.003	28	11881800000	79212
12/08/2021 00:00	153.002	153.138	152.986	153.047	28	5458350000	36389
12/08/2021 04:00	153.047	153.146	152.999	153.117	28	10461900000	69746
12/08/2021 08:00	153.117	153.191	152.963	152.975	28	14555100000	97034
12/08/2021 12:00	152.975	153.097	152.857	152.942	28	15301800000	102012
12/08/2021 16:00	152.942	152.976	152.524	152.526	28	17552850000	117019
12/08/2021 20:00	152.526	152.557	152.281	152.281	28	12498900000	83326
13/08/2021 00:00	152.281	152.541	152.258	152.482	28	7069350000	47129
13/08/2021 04:00	152.482	152.533	152.397	152.508	28	9184500000	61230
13/08/2021 08:00	152.508	152.515	152.059	152.159	28	13376100000	89174
13/08/2021 12:00	152.159	152.46	152.066	152.388	28	14750850000	98339
13/08/2021 16:00	152.388	152.45	152.007	152.067	28	20932800000	139552
13/08/2021 20:00	152.067	152.147	151.915	152.033	23	11946300000	79642
16/08/2021 00:00	151.918	152.191	151.657	151.731	28	6683100000	44554
16/08/2021 04:00	151.731	151.794	151.483	151.622	28	12122250000	80815
16/08/2021 08:00	151.622	151.663	151.285	151.502	28	16026450000	106843
16/08/2021 12:00	151.502	151.767	151.339	151.547	28	17281050000	115207
16/08/2021 16:00	151.547	151.575	150.914	151.233	28	22026300000	146842
16/08/2021 20:00	151.233	151.257	151.124	151.189	28	9002850000	60019
17/08/2021 00:00	151.191	151.325	151.087	151.121	28	5967900000	39786
17/08/2021 04:00	151.121	151.152	150.975	151.089	28	11781150000	78541
17/08/2021 08:00	151.089	151.162	150.44	150.93	28	18896850000	125979
17/08/2021 12:00	150.93	150.976	150.538	150.853	28	17891400000	119276
17/08/2021 16:00	150.856	150.872	150.342	150.358	28	22524450000	150163
17/08/2021 20:00	150.358	150.628	150.35	150.465	28	12484050000	83227
18/08/2021 00:00	150.465	150.608	150.244	150.474	28	6518700000	43458
18/08/2021 04:00	150.474	150.843	150.426	150.63	28	13550250000	90335
18/08/2021 08:00	150.63	150.877	150.505	150.802	28	14397300000	95982
18/08/2021 12:00	150.805	151.25	150.704	151.24	28	16221000000	108140
18/08/2021 16:00	151.24	151.27	151.032	151.202	28	20089800000	133932
18/08/2021 20:00	151.202	151.396	150.886	150.891	28	18110550000	120737
19/08/2021 00:00	150.874	151.081	150.825	151.033	28	8284050000	55227
19/08/2021 04:00	151.033	151.203	150.996	151.155	28	14729550000	98197
19/08/2021 08:00	151.155	151.175	149.855	149.889	28	23483550000	156557
19/08/2021 12:00	149.889	150.316	149.622	150.045	28	22022550000	146817
19/08/2021 16:00	150.045	150.276	149.781	149.87	28	24496200000	163308
19/08/2021 20:00	149.87	149.905	149.555	149.568	28	13895400000	92636
20/08/2021 00:00	149.568	149.873	149.532	149.817	28	5772600000	38484
20/08/2021 04:00	149.817	149.822	149.288	149.609	28	13306950000	88713
20/08/2021 08:00	149.609	149.611	149.175	149.392	28	19239600000	128264
20/08/2021 12:00	149.392	149.417	149.188	149.34	24	16037700000	106918
20/08/2021 16:00	149.34	149.799	149.32	149.638	24	20504700000	136698
20/08/2021 20:00	149.639	149.675	149.521	149.552	23	10716750000	71445
23/08/2021 00:00	149.36	149.935	149.243	149.866	24	9159150000	61061
23/08/2021 04:00	149.866	149.976	149.782	149.934	24	12629400000	84196
23/08/2021 08:00	149.934	150.23	149.877	150.092	24	17551800000	117012
23/08/2021 12:00	150.092	150.748	150.081	150.708	24	16157100000	107714
23/08/2021 16:00	150.708	150.708	150.208	150.615	24	20528400000	136856
23/08/2021 20:00	150.615	150.655	150.362	150.373	24	9871350000	65809
24/08/2021 00:00	150.373	150.591	150.291	150.536	24	8646450000	57643
24/08/2021 04:00	150.536	150.678	150.44	150.662	24	8870250000	59135
24/08/2021 08:00	150.662	151.003	150.275	150.502	24	17095950000	113973
24/08/2021 12:00	150.502	150.685	150.104	150.176	24	16523250000	110155
24/08/2021 16:00	150.176	150.688	150.048	150.524	24	20061750000	133745
24/08/2021 20:00	150.524	150.607	150.335	150.397	24	8797650000	58651
25/08/2021 00:00	150.282	150.728	150.281	150.654	24	6917400000	46116
25/08/2021 04:00	150.656	150.755	150.511	150.539	24	11435400000	76236
25/08/2021 08:00	150.539	150.93	150.434	150.663	24	15599850000	103999
25/08/2021 12:00	150.663	150.779	150.603	150.703	24	16148550000	107657
25/08/2021 16:00	150.703	151.222	150.622	151.179	24	20307600000	135384
25/08/2021 20:00	151.179	151.447	151.168	151.318	24	12119700000	80798
26/08/2021 00:00	151.294	151.468	151.11	151.418	24	9941400000	66276
26/08/2021 04:00	151.418	151.446	151.134	151.291	24	11094300000	73962
26/08/2021 08:00	151.291	151.586	151.162	151.324	24	16114200000	107428
26/08/2021 12:00	151.324	151.444	150.98	151.075	24	16747500000	111650
26/08/2021 16:00	151.075	151.289	150.787	150.909	24	22679100000	151194
26/08/2021 20:00	150.909	150.909	150.6	150.779	24	12341850000	82279
27/08/2021 00:00	150.776	150.808	150.448	150.567	24	7991700000	53278
27/08/2021 04:00	150.567	150.677	150.489	150.594	24	11430750000	76205
27/08/2021 08:00	150.594	151.066	150.551	150.868	24	15460200000	103068
27/08/2021 12:00	150.868	151.274	150.778	151.072	24	15420300000	102802
27/08/2021 16:00	151.072	151.511	151.01	151.275	24	27258000000	181720
27/08/2021 20:00	151.275	151.282	151.072	151.231	23	9873900000	65826
30/08/2021 00:00	151.087	151.226	150.982	151.001	24	8410950000	56073
30/08/2021 04:00	151.001	151.204	150.938	151.114	24	11127450000	74183
30/08/2021 08:00	151.114	151.254	151.018	151.165	24	12149250000	80995
30/08/2021 12:00	151.165	151.257	150.991	151.056	24	12500700000	83338
30/08/2021 16:00	151.056	151.226	150.985	151.162	24	16412250000	109415
30/08/2021 20:00	151.162	151.272	151.1	151.188	24	8618850000	57459
31/08/2021 00:00	151.196	151.305	151.044	151.207	24	6213750000	41425
31/08/2021 04:00	151.207	151.441	151.16	151.436	24	8568150000	57121
31/08/2021 08:00	151.436	151.58	151.286	151.318	24	17738400000	118256
31/08/2021 12:00	151.318	151.522	151.054	151.22	24	22383000000	149220
31/08/2021 16:00	151.22	151.358	151.081	151.215	24	27880950000	185873
31/08/2021 20:00	151.215	151.325	151.176	151.233	24	13524300000	90162
01/09/2021 00:00	151.233	151.447	151.142	151.345	24	7857000000	52380
01/09/2021 04:00	151.345	151.432	151.321	151.398	24	8384550000	55897
01/09/2021 08:00	151.398	151.935	151.356	151.82	24	20891550000	139277
01/09/2021 12:00	151.82	151.923	151.564	151.681	24	20840400000	138936
01/09/2021 16:00	151.684	151.803	151.54	151.67	24	26580600000	177204
01/09/2021 20:00	151.67	151.672	151.294	151.294	24	13138650000	87591
02/09/2021 00:00	151.294	151.657	151.289	151.478	24	8152050000	54347
02/09/2021 04:00	151.478	151.537	151.406	151.507	24	6586800000	43912
02/09/2021 08:00	151.507	151.735	151.473	151.642	24	17214450000	114763
02/09/2021 12:00	151.642	151.748	151.551	151.667	24	15646500000	104310
02/09/2021 16:00	151.668	152.162	151.625	152.154	24	21148650000	140991
02/09/2021 20:00	152.154	152.188	151.987	152.028	24	11589150000	77261
03/09/2021 00:00	152.032	152.212	152.01	152.116	24	8304300000	55362
03/09/2021 04:00	152.115	152.284	151.978	152.19	24	14290350000	95269
03/09/2021 08:00	152.188	152.243	152.011	152.126	24	15429450000	102863
03/09/2021 12:00	152.126	152.2	151.757	152.142	24	21127800000	140852
03/09/2021 16:00	152.142	152.212	151.778	152.102	24	24410700000	162738
03/09/2021 20:00	152.102	152.285	151.911	152.141	23	9811350000	65409
06/09/2021 00:00	151.9	152.186	151.799	152.133	24	7260300000	48402
06/09/2021 04:00	152.133	152.19	151.979	152.005	24	10636500000	70910
06/09/2021 08:00	152.006	152.248	151.959	152.101	24	8474850000	59921
06/09/2021 12:00	152.101	152.144	151.963	151.988	24	10392300000	70332
06/09/2021 16:00	151.988	152.009	151.79	151.943	24	6401250000	46785
06/09/2021 20:00	151.943	151.988	151.86	151.886	24	17884500000	119230
07/09/2021 00:00	151.886	152.043	151.801	152.012	24	6420450000	42803
07/09/2021 04:00	152.012	152.129	151.917	151.955	24	11875350000	79169
07/09/2021 08:00	151.955	152.213	151.823	151.872	24	18211200000	123304
07/09/2021 12:00	151.871	151.989	151.489	151.692	24	18344400000	125952
07/09/2021 16:00	151.692	151.974	151.634	151.974	24	23973450000	159823
07/09/2021 20:00	151.974	152.071	151.918	151.958	24	12865800000	85772
08/09/2021 00:00	151.95	152.041	151.874	151.994	24	7596000000	50640
08/09/2021 04:00	151.994	152.08	151.929	151.984	24	9821250000	65475
08/09/2021 08:00	151.984	152.024	151.454	151.604	24	21304950000	142033
08/09/2021 12:00	151.604	151.892	151.574	151.743	24	19028700000	126858
08/09/2021 16:00	151.743	151.952	151.477	151.86	24	25674750000	171165
08/09/2021 20:00	151.86	151.896	151.737	151.747	24	13164600000	87764
09/09/2021 00:00	151.747	151.867	151.608	151.649	24	6740700000	44938
09/09/2021 04:00	151.649	151.693	151.49	151.53	24	13104150000	87361
09/09/2021 08:00	151.53	151.791	151.41	151.757	24	20877600000	139184
09/09/2021 12:00	151.757	152.118	151.678	152.053	24	22163550000	147757
09/09/2021 16:00	152.053	152.16	151.898	152	24	24329550000	162197
09/09/2021 20:00	152	152.005	151.661	151.674	24	16350000000	109000
10/09/2021 00:00	151.686	151.95	151.681	151.836	24	8215800000	54772
10/09/2021 04:00	151.836	152.189	151.771	152.161	24	10698900000	71326
10/09/2021 08:00	152.162	152.627	152.095	152.503	24	18959400000	126396
10/09/2021 12:00	152.503	152.595	152.395	152.509	24	17864100000	119094
10/09/2021 16:00	152.509	152.524	152.082	152.281	24	21825900000	145506
10/09/2021 20:00	152.281	152.281	151.938	152.086	23	10711050000	71407
13/09/2021 00:00	151.965	152.158	151.883	152.124	24	8718300000	58122
13/09/2021 04:00	152.124	152.196	151.968	152.036	24	13748400000	91656
13/09/2021 08:00	152.036	152.204	151.926	152.132	24	20831850000	138879
13/09/2021 12:00	152.132	152.313	152.088	152.273	24	17002800000	113352
13/09/2021 16:00	152.273	152.318	151.898	152.179	24	22600800000	150672
13/09/2021 20:00	152.179	152.249	152.037	152.065	24	13120050000	87467
14/09/2021 00:00	152.065	152.293	151.989	152.283	24	7916250000	52775
14/09/2021 04:00	152.283	152.437	152.273	152.309	24	13659750000	91065
14/09/2021 08:00	152.309	152.701	152.231	152.574	24	19663950000	131093
14/09/2021 12:00	152.574	152.84	152.482	152.749	24	19671900000	131146
14/09/2021 16:00	152.749	152.826	151.74	151.814	24	26251950000	175013
14/09/2021 20:00	151.814	151.824	151.313	151.378	24	14565600000	97104
15/09/2021 00:00	151.378	151.536	151.222	151.236	24	9681750000	64545
15/09/2021 04:00	151.236	151.374	151.121	151.352	24	12802050000	85347
15/09/2021 08:00	151.352	151.546	151.215	151.24	24	19302900000	128686
15/09/2021 12:00	151.24	151.272	150.82	151.185	24	20927250000	139515
15/09/2021 16:00	151.185	151.462	151.017	151.246	24	24883350000	165889
15/09/2021 20:00	151.246	151.438	151.231	151.354	24	10474200000	69828
16/09/2021 00:00	151.352	151.564	151.118	151.471	24	8327100000	55514
16/09/2021 04:00	151.471	151.471	151.161	151.177	24	11836350000	78909
16/09/2021 08:00	151.177	151.279	150.994	151.185	24	18507150000	123381
16/09/2021 12:00	151.185	151.548	151.058	151.435	24	21470250000	143135
16/09/2021 16:00	151.435	151.435	150.861	151.231	24	23021700000	153478
16/09/2021 20:00	151.231	151.392	151.115	151.227	24	12641850000	84279
17/09/2021 00:00	151.223	151.413	151.088	151.341	24	8675400000	57836
17/09/2021 04:00	151.341	151.63	151.334	151.627	24	14337000000	95580
17/09/2021 08:00	151.627	151.862	151.466	151.707	24	18896400000	125976
17/09/2021 12:00	151.707	151.837	151.487	151.792	24	20773950000	138493
17/09/2021 16:00	151.792	151.918	151.062	151.176	24	25908000000	172720
17/09/2021 20:00	151.176	151.222	150.941	151.031	23	12754500000	85030
20/09/2021 00:00	150.998	151.081	150.767	150.986	24	5131050000	34207
20/09/2021 04:00	150.986	150.99	150.584	150.633	24	11371950000	75813
20/09/2021 08:00	150.633	150.718	149.808	149.968	24	20329950000	135533
20/09/2021 12:00	149.968	150.189	149.397	149.679	24	23551800000	157012
20/09/2021 16:00	149.679	150.035	149.257	149.257	24	26921550000	179477
20/09/2021 20:00	149.257	149.532	149.168	149.353	24	16661850000	111079
21/09/2021 00:00	149.353	149.661	149.188	149.566	24	9054000000	60360
21/09/2021 04:00	149.565	149.888	149.514	149.824	24	10127700000	67518
21/09/2021 08:00	149.824	150.123	149.64	149.908	24	16221900000	108146
21/09/2021 12:00	149.908	150.019	149.331	149.372	24	16094700000	107298
21/09/2021 16:00	149.372	149.516	148.943	149.249	24	27078450000	180523
21/09/2021 20:00	149.249	149.33	149.108	149.15	24	17589900000	117266
22/09/2021 00:00	149.118	149.254	148.989	149.18	24	9814200000	65428
22/09/2021 04:00	149.18	149.727	149.1	149.501	24	17407650000	116051
22/09/2021 08:00	149.501	149.633	149.189	149.339	24	19470000000	129800
22/09/2021 12:00	149.339	149.531	149.22	149.343	24	16664850000	111099
22/09/2021 16:00	149.343	149.811	149.214	149.626	24	23260500000	155070
22/09/2021 20:00	149.626	149.945	149.39	149.457	24	27728550000	184857
23/09/2021 00:00	149.457	149.626	149.388	149.571	24	9692550000	64617
23/09/2021 04:00	149.571	149.841	149.547	149.838	24	8241300000	54942
23/09/2021 08:00	149.838	150.278	149.765	150.116	24	20604750000	137365
23/09/2021 12:00	150.116	151.085	149.903	151.065	24	27509550000	183397
23/09/2021 16:00	151.062	151.471	150.855	151.423	24	26903550000	179357
23/09/2021 20:00	151.423	151.437	151.291	151.333	24	16063050000	107087
24/09/2021 00:00	151.335	151.637	151.169	151.583	24	7850850000	52339
24/09/2021 04:00	151.583	151.612	151.336	151.537	24	11552100000	77014
24/09/2021 08:00	151.537	151.724	151.122	151.455	24	22642650000	150951
24/09/2021 12:00	151.455	151.458	151.015	151.071	24	21660150000	144401
24/09/2021 16:00	151.071	151.572	150.993	151.493	24	24233550000	161557
24/09/2021 20:00	151.493	151.494	151.281	151.468	23	10987050000	73247
27/09/2021 00:00	151.204	151.467	151.142	151.359	24	7587750000	50585
27/09/2021 04:00	151.359	151.382	151.11	151.183	24	12165600000	81104
27/09/2021 08:00	151.183	152.082	151.169	151.958	24	19190850000	127939
27/09/2021 12:00	151.958	152.153	151.77	151.966	24	22623600000	150824
27/09/2021 16:00	151.966	152.173	151.87	152.123	24	23125650000	154171
27/09/2021 20:00	152.123	152.188	151.901	152.021	24	11084250000	73895
28/09/2021 00:00	152.021	152.12	151.902	152.054	24	6361650000	42411
28/09/2021 04:00	152.054	152.451	151.969	152.431	24	12646200000	84308
28/09/2021 08:00	152.431	152.561	151.977	152.144	24	21986250000	146575
28/09/2021 12:00	152.144	152.189	151.025	151.095	24	25164750000	167765
28/09/2021 16:00	151.095	151.217	150.531	150.733	24	29394300000	195962
28/09/2021 20:00	150.733	151.041	150.691	150.823	24	17978100000	119854
29/09/2021 00:00	150.859	151.145	150.752	151.104	24	7251750000	48345
29/09/2021 04:00	151.107	151.182	150.791	151.057	24	10678650000	71191
29/09/2021 08:00	151.057	151.108	150.266	150.294	24	16820850000	112139
29/09/2021 12:00	150.294	150.605	150.086	150.2	24	14869800000	99132
29/09/2021 16:00	150.201	150.424	149.901	150.27	24	19048650000	126991
29/09/2021 20:00	150.27	150.514	150.173	150.3	24	14863800000	99092
30/09/2021 00:00	150.299	150.416	150.24	150.375	24	9575850000	63839
30/09/2021 04:00	150.375	150.635	150.269	150.519	24	13737300000	91582
30/09/2021 08:00	150.519	150.642	150.244	150.431	24	19778700000	131858
30/09/2021 12:00	150.431	150.933	150.353	150.727	24	20565600000	137104
30/09/2021 16:00	150.726	150.88	149.903	149.987	24	27190950000	184855
30/09/2021 20:00	149.987	150.228	149.795	149.839	24	19124400000	127496
01/10/2021 00:00	149.839	150.161	149.836	149.864	24	9040800000	60272
01/10/2021 04:00	149.864	149.908	149.507	149.614	24	12464100000	83094
01/10/2021 08:00	149.614	149.866	149.218	149.692	24	25111650000	167411
01/10/2021 12:00	149.692	150.633	149.691	150.296	24	25675950000	171173
01/10/2021 16:00	150.296	150.731	150.186	150.516	24	30048450000	200323
01/10/2021 20:00	150.516	150.62	150.384	150.443	23	13653150000	91021
04/10/2021 00:00	150.217	150.632	150.139	150.416	24	11711100000	78074
04/10/2021 04:00	150.416	150.461	150.203	150.43	24	17134650000	114231
04/10/2021 08:00	150.43	150.839	150.236	150.777	24	24578250000	163855
04/10/2021 12:00	150.777	151.258	150.75	151.099	24	24081000000	160540
04/10/2021 16:00	151.099	151.513	150.682	150.857	24	30943200000	206288
04/10/2021 20:00	150.857	151.072	150.849	150.859	24	18825450000	125503
05/10/2021 00:00	150.859	151.068	150.735	150.799	24	12370350000	82469
05/10/2021 04:00	150.799	151.179	150.757	151.089	24	18508200000	123388
05/10/2021 08:00	151.089	151.443	150.966	151.399	24	22901550000	152677
05/10/2021 12:00	151.399	151.764	151.302	151.568	24	21860400000	145736
05/10/2021 16:00	151.566	152.037	151.395	152.031	24	27970350000	186469
05/10/2021 20:00	152.031	152.035	151.813	151.824	24	14323650000	95491
06/10/2021 00:00	151.828	152.105	151.792	152.084	24	10936200000	72908
06/10/2021 04:00	152.084	152.143	151.833	152.041	24	17714850000	118099
06/10/2021 08:00	152.041	152.108	151.179	151.188	24	26569050000	177127
06/10/2021 12:00	151.188	151.359	151	151.232	24	28856850000	192379
06/10/2021 16:00	151.232	151.292	150.804	150.967	24	31050000000	207000
06/10/2021 20:00	150.967	151.452	150.924	151.235	24	19317750000	128785
07/10/2021 00:00	151.235	151.49	151.146	151.394	24	12429150000	82861
07/10/2021 04:00	151.394	151.473	151.288	151.311	24	13024650000	86831
07/10/2021 08:00	151.313	151.55	151.022	151.372	24	24784950000	165233
07/10/2021 12:00	151.371	151.691	151.328	151.511	24	23302800000	155352
07/10/2021 16:00	151.511	152.078	151.47	152.041	24	27027000000	180180
07/10/2021 20:00	152.041	152.054	151.915	151.918	24	15595500000	103970
08/10/2021 00:00	151.921	152.153	151.799	152.13	24	10379400000	69196
08/10/2021 04:00	152.13	152.345	152.129	152.233	24	19263150000	128421
08/10/2021 08:00	152.233	152.324	152.032	152.249	24	21469950000	143133
08/10/2021 12:00	152.25	152.541	152.112	152.206	24	24758700000	165058
08/10/2021 16:00	152.206	152.929	152.083	152.764	24	31053600000	207024
08/10/2021 20:00	152.764	152.884	152.671	152.802	23	13439400000	89596
11/10/2021 00:00	152.648	153.16	152.647	153.153	24	12647400000	84316
11/10/2021 04:00	153.153	153.755	153.149	153.685	24	15686100000	104574
11/10/2021 08:00	153.685	154.206	153.653	154.08	24	22135950000	147573
11/10/2021 12:00	154.08	154.35	153.721	154.156	24	21058050000	140387
11/10/2021 16:00	154.156	154.5	154.017	154.336	24	20886150000	139241
11/10/2021 20:00	154.336	154.336	153.925	153.925	24	14734200000	98228
12/10/2021 00:00	153.926	154.201	153.716	154.114	24	10202550000	68017
12/10/2021 04:00	154.114	154.16	153.928	154.09	24	17164500000	114430
12/10/2021 08:00	154.09	154.259	153.673	154.184	24	23935650000	159571
12/10/2021 12:00	154.184	154.818	154.03	154.658	24	23130900000	154206
12/10/2021 16:00	154.659	154.755	154.1	154.39	24	30062850000	200419
12/10/2021 20:00	154.39	154.519	154.268	154.338	24	16226250000	108175
13/10/2021 00:00	154.338	154.384	154.098	154.223	24	8809500000	58730
13/10/2021 04:00	154.222	154.524	154.182	154.508	24	12152700000	81018
13/10/2021 08:00	154.508	154.873	154.296	154.738	24	21855150000	145701
13/10/2021 12:00	154.738	154.945	154.428	154.514	24	25264500000	168430
13/10/2021 16:00	154.514	154.903	154.403	154.756	24	29145600000	194304
13/10/2021 20:00	154.756	154.843	154.593	154.644	24	18297300000	121982
14/10/2021 00:00	154.64	154.971	154.578	154.928	24	7266300000	48442
14/10/2021 04:00	154.928	155.274	154.919	155.137	24	9322050000	62147
14/10/2021 08:00	155.137	155.582	155.032	155.516	24	16301850000	108679
14/10/2021 12:00	155.516	155.701	155.405	155.68	24	18099450000	120663
14/10/2021 16:00	155.676	155.731	155.326	155.501	24	21534000000	143560
14/10/2021 20:00	155.503	155.557	155.341	155.399	24	10962300000	73082
15/10/2021 00:00	155.397	155.777	155.34	155.749	24	10819050000	72127
15/10/2021 04:00	155.749	156.01	155.657	155.967	24	12622350000	84149
15/10/2021 08:00	155.967	156.85	155.936	156.821	24	24460650000	163071
15/10/2021 12:00	156.821	157.292	156.787	157.175	24	23958300000	159722
15/10/2021 16:00	157.175	157.408	156.968	157.218	24	26814900000	178766
15/10/2021 20:00	157.218	157.297	156.942	157.002	23	13846650000	92311
18/10/2021 00:00	156.976	157.361	156.959	157.006	24	15664500000	104430
18/10/2021 04:00	157.006	157.141	156.6	156.985	24	16895550000	112637
18/10/2021 08:00	156.985	157.267	156.735	156.898	24	23483850000	156559
18/10/2021 12:00	156.898	157.152	156.794	156.919	24	24861750000	165745
18/10/2021 16:00	156.918	156.991	156.656	156.851	24	24337950000	162253
18/10/2021 20:00	156.851	156.971	156.817	156.871	24	11718300000	78122
19/10/2021 00:00	156.848	157.148	156.807	156.922	24	8450100000	56334
19/10/2021 04:00	156.921	157.247	156.877	157.22	24	14102550000	94017
19/10/2021 08:00	157.22	157.268	156.919	157.162	24	22637850000	150919
19/10/2021 12:00	157.162	158.049	157.095	157.839	24	23521350000	156809
19/10/2021 16:00	157.839	157.861	157.564	157.67	24	23936400000	159576
19/10/2021 20:00	157.67	157.854	157.662	157.709	24	11615700000	77438
20/10/2021 00:00	157.705	158.202	157.531	158.155	24	8787300000	58582
20/10/2021 04:00	158.154	158.207	157.953	158.131	24	14155950000	94373
20/10/2021 08:00	158.131	158.19	157.402	157.646	24	22705650000	151371
20/10/2021 12:00	157.646	157.704	157.004	157.379	24	22452450000	149683
20/10/2021 16:00	157.379	157.989	157.275	157.777	24	24094650000	160631
20/10/2021 20:00	157.777	158.081	157.77	157.859	24	14876550000	99177
21/10/2021 00:00	157.859	158.192	157.619	158.001	24	7035900000	46906
21/10/2021 04:00	158.001	158.155	157.419	157.611	24	15902250000	106015
21/10/2021 08:00	157.611	157.696	157.167	157.369	24	22156050000	147707
21/10/2021 12:00	157.369	157.71	157.165	157.335	24	20790300000	138602
21/10/2021 16:00	157.335	157.452	156.852	156.855	24	25878150000	172521
21/10/2021 20:00	156.855	157.271	156.768	157.15	24	16615800000	110772
22/10/2021 00:00	157.076	157.365	156.95	157.345	24	8903700000	59358
22/10/2021 04:00	157.345	157.648	157.207	157.348	24	19379400000	129196
22/10/2021 08:00	157.348	157.41	156.821	157.339	24	23517600000	156784
22/10/2021 12:00	157.339	157.45	156.814	156.815	24	23317950000	155453
22/10/2021 16:00	156.815	156.97	155.916	156.059	24	30036900000	200246
22/10/2021 20:00	156.059	156.193	155.919	156.127	23	16310850000	108739
25/10/2021 00:00	155.945	156.647	155.945	156.56	24	10825950000	72173
25/10/2021 04:00	156.56	156.739	156.374	156.636	24	19244850000	128299
25/10/2021 08:00	156.636	156.809	156.338	156.403	24	22543050000	150287
25/10/2021 12:00	156.403	156.612	156.149	156.553	24	24361800000	162412
25/10/2021 16:00	156.552	156.651	156.195	156.464	24	25796250000	171975
25/10/2021 20:00	156.464	156.587	156.454	156.484	24	12235350000	81569
26/10/2021 00:00	156.443	156.662	156.414	156.637	24	6782700000	45218
26/10/2021 04:00	156.637	156.841	156.59	156.787	24	14692500000	97950
26/10/2021 08:00	156.787	157.17	156.708	157.129	24	21787200000	145248
26/10/2021 12:00	157.129	157.658	157.096	157.563	24	23097750000	153985
26/10/2021 16:00	157.564	157.764	157.032	157.098	24	27031950000	180213
26/10/2021 20:00	157.098	157.196	157.007	157.062	24	15685500000	104570
27/10/2021 00:00	157.047	157.258	157.002	157.173	24	10634850000	70899
27/10/2021 04:00	157.173	157.233	156.862	157.018	24	16081950000	107213
27/10/2021 08:00	157.018	157.135	156.008	156.023	24	23168400000	154456
27/10/2021 12:00	156.023	156.374	155.776	156.2	24	26673750000	177825
27/10/2021 16:00	156.2	156.426	155.689	156.335	24	31391850000	209279
27/10/2021 20:00	156.335	156.558	156.234	156.325	24	17617500000	117450
28/10/2021 00:00	156.325	156.428	156.182	156.209	24	8854950000	59033
28/10/2021 04:00	156.209	156.23	155.97	156.08	24	18141000000	120940
28/10/2021 08:00	156.08	156.5	155.906	156.256	24	24792900000	165286
28/10/2021 12:00	156.256	156.43	155.944	156.413	24	28018800000	186792
28/10/2021 16:00	156.413	156.576	155.957	156.459	24	33243450000	221623
28/10/2021 20:00	156.459	156.695	156.403	156.472	24	18362550000	122417
29/10/2021 00:00	156.472	156.946	156.46	156.624	24	10469700000	69798
29/10/2021 04:00	156.624	156.854	156.347	156.659	24	18690900000	124606
29/10/2021 08:00	156.659	156.797	156.473	156.586	24	23818650000	158791
29/10/2021 12:00	156.588	157.091	156.524	156.671	24	25231500000	168210
29/10/2021 16:00	156.672	156.951	155.93	155.985	24	32324550000	215497
29/10/2021 20:00	155.985	156.141	155.773	155.935	23	17764050000	118427
01/11/2021 00:00	156.082	156.325	155.91	156.172	24	16875600000	112504
01/11/2021 04:00	156.172	156.435	156.028	156.336	24	16720650000	111471
01/11/2021 08:00	156.336	156.485	155.842	156.009	24	25185150000	167901
01/11/2021 12:00	156.009	156.376	155.794	156.107	24	27290400000	181936
01/11/2021 16:00	156.106	156.381	155.767	155.828	24	26146200000	174308
01/11/2021 20:00	155.828	155.85	155.578	155.729	24	13691700000	91278
02/11/2021 00:00	155.729	155.877	155.539	155.564	24	10299300000	68662
02/11/2021 04:00	155.564	155.633	155.134	155.232	24	18868500000	125790
02/11/2021 08:00	155.232	155.337	154.645	154.85	24	25412250000	169415
02/11/2021 12:00	154.85	155.512	154.686	155.072	24	25133700000	167558
02/11/2021 16:00	155.072	155.139	154.832	155.067	24	24206100000	161374
02/11/2021 20:00	155.067	155.256	155.007	155.108	24	12628800000	84192
03/11/2021 00:00	155.108	155.231	155.043	155.194	24	7021350000	46809
03/11/2021 04:00	155.194	155.205	155.024	155.186	24	11179050000	74527
03/11/2021 08:00	155.186	155.258	154.955	155.124	24	18398100000	122654
03/11/2021 12:00	155.124	155.567	155.049	155.461	24	24348300000	162322
03/11/2021 16:00	155.46	155.893	155.46	155.626	24	25925850000	172839
03/11/2021 20:00	155.626	156.063	155.543	155.945	24	24755250000	165035
04/11/2021 00:00	155.945	156.234	155.932	156.141	24	13003800000	86692
04/11/2021 04:00	156.141	156.18	155.799	155.893	24	14079450000	93863
04/11/2021 08:00	155.892	156.176	155.383	155.405	24	23328300000	155522
04/11/2021 12:00	155.405	155.418	153.936	153.971	24	29779350000	198529
04/11/2021 16:00	153.971	153.971	153.11	153.366	24	28659450000	191063
04/11/2021 20:00	153.366	153.614	153.338	153.508	24	13801800000	92012
05/11/2021 00:00	153.515	153.768	153.173	153.185	24	11873250000	79155
05/11/2021 04:00	153.186	153.52	153.114	153.324	24	13799550000	91997
05/11/2021 08:00	153.324	153.665	152.839	152.876	24	22891500000	152610
05/11/2021 12:00	152.876	153.368	152.799	152.927	24	30186600000	201244
05/11/2021 16:00	152.927	153.228	152.832	152.944	24	27028650000	180191
05/11/2021 20:00	152.944	153.113	152.803	153.068	23	11285250000	75235
08/11/2021 00:00	152.74	153.245	152.723	153.036	24	13944900000	92966
08/11/2021 04:00	153.036	153.253	153.003	153.159	24	14606250000	97375
08/11/2021 08:00	153.159	153.285	152.695	152.95	24	22329750000	148865
08/11/2021 12:00	152.95	153.629	152.866	153.495	24	20225850000	134839
08/11/2021 16:00	153.494	153.645	153.225	153.506	24	25898100000	172654
08/11/2021 20:00	153.506	153.64	153.377	153.522	24	15019650000	100131
09/11/2021 00:00	153.499	153.622	153.22	153.333	24	12464400000	83096
09/11/2021 04:00	153.333	153.357	152.9	153.099	24	21344250000	142295
09/11/2021 08:00	153.099	153.551	153.03	153.464	24	23140650000	154271
09/11/2021 12:00	153.464	153.471	152.982	153.011	24	24845550000	165637
09/11/2021 16:00	153.011	153.164	152.73	153.051	24	31013250000	206755
09/11/2021 20:00	153.051	153.137	152.943	152.945	24	18700650000	124671
10/11/2021 00:00	152.945	153.146	152.854	152.99	24	10517850000	70119
10/11/2021 04:00	152.99	153.066	152.885	152.959	24	15211500000	101410
10/11/2021 08:00	152.959	153.363	152.936	153.224	24	23244450000	154963
10/11/2021 12:00	153.224	153.263	152.769	153.212	24	24143250000	160955
10/11/2021 16:00	153.21	153.723	153.19	153.319	24	32641500000	217610
10/11/2021 20:00	153.319	153.319	152.495	152.667	24	24823350000	165489
11/11/2021 00:00	152.643	153.007	152.597	152.906	24	11866650000	79111
11/11/2021 04:00	152.906	152.998	152.666	152.868	24	17687250000	117915
11/11/2021 08:00	152.869	153.004	152.423	152.776	24	22668450000	151123
11/11/2021 12:00	152.776	152.892	152.563	152.674	24	21220050000	141467
11/11/2021 16:00	152.675	152.734	152.476	152.524	24	22890300000	152602
11/11/2021 20:00	152.523	152.525	152.384	152.418	24	12863700000	85758
12/11/2021 00:00	152.388	152.699	152.36	152.636	24	11256300000	75042
12/11/2021 04:00	152.636	152.7	152.534	152.673	24	14439750000	96265
12/11/2021 08:00	152.673	152.912	152.572	152.728	24	21451500000	143010
12/11/2021 12:00	152.728	152.832	152.564	152.67	24	21986250000	146575
12/11/2021 16:00	152.67	152.888	152.445	152.878	24	26541150000	176941
12/11/2021 20:00	152.88	152.926	152.659	152.745	23	13844100000	92294
15/11/2021 00:00	152.763	153.007	152.718	152.875	24	12286650000	81911
15/11/2021 04:00	152.875	152.97	152.847	152.931	24	13569150000	90461
15/11/2021 08:00	152.931	153.122	152.617	152.673	24	20161050000	134407
15/11/2021 12:00	152.673	153.064	152.655	152.99	24	20151600000	134344
15/11/2021 16:00	152.99	153.271	152.933	153.108	24	27822300000	185482
15/11/2021 20:00	153.108	153.244	152.98	152.98	24	16385550000	109237
16/11/2021 00:00	152.98	153.451	152.905	153.423	24	13066800000	87112
16/11/2021 04:00	153.423	153.465	153.111	153.143	24	15523350000	103489
16/11/2021 08:00	153.143	153.876	153.129	153.759	24	23529600000	156864
16/11/2021 12:00	153.759	154.015	153.48	153.988	24	24497250000	163315
16/11/2021 16:00	153.988	153.988	153.661	153.909	24	29851050000	199007
16/11/2021 20:00	153.909	154.19	153.893	154.148	24	18146550000	120977
17/11/2021 00:00	154.148	154.304	153.984	154.167	24	12684600000	84564
17/11/2021 04:00	154.167	154.247	153.906	154.21	24	17330250000	115535
17/11/2021 08:00	154.21	154.738	154.114	154.23	24	24990600000	166604
17/11/2021 12:00	154.23	154.485	154.033	154.355	24	24249000000	161660
17/11/2021 16:00	154.355	154.644	153.789	153.886	24	29147250000	194315
17/11/2021 20:00	153.886	154.023	153.555	153.555	24	19405050000	129367
18/11/2021 00:00	153.558	154.122	153.558	153.827	24	13355100000	89034
18/11/2021 04:00	153.827	154.114	153.698	154	24	17055450000	113703
18/11/2021 08:00	154	154.258	153.931	154.051	24	22513050000	150087
18/11/2021 12:00	154.051	154.147	153.839	153.99	24	24371700000	162478
18/11/2021 16:00	153.99	154.201	153.862	154.187	24	28812000000	192080
18/11/2021 20:00	154.187	154.267	154.053	154.059	24	14529000000	96860
19/11/2021 00:00	154.046	154.334	153.996	154.207	24	11296050000	75307
19/11/2021 04:00	154.207	154.297	154.158	154.215	24	12671700000	84478
19/11/2021 08:00	154.215	154.441	152.973	153.135	24	23830350000	158869
19/11/2021 12:00	153.135	153.205	152.511	152.963	24	32871900000	219146
19/11/2021 16:00	152.963	153.531	152.9	153.359	24	30627150000	204181
19/11/2021 20:00	153.359	153.435	153.136	153.349	23	15851850000	105679
22/11/2021 00:00	153.193	153.497	153.047	153.321	24	11466450000	76443
22/11/2021 04:00	153.322	153.492	153.272	153.448	24	13420950000	89473
22/11/2021 08:00	153.448	153.626	153.112	153.248	24	24244500000	161630
22/11/2021 12:00	153.248	153.587	153.226	153.463	24	24365400000	162436
22/11/2021 16:00	153.465	154.05	153.374	153.788	24	31635450000	210903
22/11/2021 20:00	153.788	153.951	153.756	153.853	24	17767950000	118453
23/11/2021 00:00	153.853	153.882	153.75	153.862	24	8384100000	55894
23/11/2021 04:00	153.862	154.209	153.848	154.106	24	15367950000	102453
23/11/2021 08:00	154.105	154.124	153.27	153.526	24	28992900000	193286
23/11/2021 12:00	153.526	153.703	153.355	153.699	24	28350300000	189002
23/11/2021 16:00	153.699	153.942	153.552	153.786	24	31189650000	207931
23/11/2021 20:00	153.786	154.114	153.698	153.924	24	19269450000	128463
24/11/2021 00:00	153.919	154.144	153.817	154.079	24	12895050000	85967
24/11/2021 04:00	154.079	154.08	153.657	153.762	24	17165850000	114439
24/11/2021 08:00	153.762	153.927	153.356	153.53	24	25940250000	172935
24/11/2021 12:00	153.53	153.872	153.474	153.767	24	27802050000	185347
24/11/2021 16:00	153.767	153.945	153.675	153.804	24	31605300000	210702
24/11/2021 20:00	153.804	153.921	153.719	153.756	24	16752900000	111686
25/11/2021 00:00	153.756	153.952	153.732	153.879	24	9308250000	62055
25/11/2021 04:00	153.879	154.036	153.854	153.961	24	10384950000	69233
25/11/2021 08:00	153.961	154.054	153.746	153.811	24	18545250000	123635
25/11/2021 12:00	153.811	153.838	153.404	153.535	24	17482050000	116547
25/11/2021 16:00	153.535	153.716	153.459	153.685	24	13856850000	92379
25/11/2021 20:00	153.685	153.785	153.532	153.532	28	23159700000	154398
26/11/2021 00:00	153.537	153.667	152.636	152.816	24	15836400000	105576
26/11/2021 04:00	152.816	152.887	152.461	152.537	24	23491200000	156608
26/11/2021 08:00	152.537	152.537	151.076	151.719	24	33554850000	223699
26/11/2021 12:00	151.719	152.38	151.699	151.865	24	30595200000	203968
26/11/2021 16:00	151.865	151.909	150.728	150.747	24	32317650000	215451
26/11/2021 20:00	150.749	151.342	150.603	151.283	24	11806950000	78713
29/11/2021 00:00	151.52	151.905	151.069	151.558	24	21426450000	142843
29/11/2021 04:00	151.571	151.673	151.031	151.087	24	20431350000	136209
29/11/2021 08:00	151.087	151.456	150.679	151.181	24	30146550000	200977
29/11/2021 12:00	151.181	151.657	151.139	151.538	24	24836850000	165579
29/11/2021 16:00	151.538	151.679	150.996	151.319	24	28232550000	188217
29/11/2021 20:00	151.319	151.353	151.102	151.126	24	17497950000	116653
30/11/2021 00:00	151.114	151.619	151.063	151.536	24	13367100000	89114
30/11/2021 04:00	151.536	151.562	150.54	150.592	24	20312250000	135415
30/11/2021 08:00	150.592	150.935	150.417	150.79	24	34065900000	227106
30/11/2021 12:00	150.79	150.902	150.382	150.525	24	30569100000	203794
30/11/2021 16:00	150.526	151.004	149.713	150.018	24	37199400000	247996
30/11/2021 20:00	150.018	150.502	149.828	150.398	24	23732100000	158214
01/12/2021 00:00	150.392	150.929	150.352	150.849	24	15399900000	102666
01/12/2021 04:00	150.85	151.221	150.766	151.165	24	18627000000	124180
01/12/2021 08:00	151.165	151.429	150.646	151.031	24	28943700000	192958
01/12/2021 12:00	151.031	151.137	150.759	150.951	24	26640450000	177603
01/12/2021 16:00	150.953	150.967	149.974	149.987	24	32903700000	219358
01/12/2021 20:00	149.987	150.04	149.584	149.664	24	26374200000	175828
02/12/2021 00:00	149.597	150.305	149.377	150.299	24	14098650000	93991
02/12/2021 04:00	150.299	150.43	150.156	150.299	24	19897650000	132651
02/12/2021 08:00	150.299	150.788	150.171	150.717	24	27228150000	181521
02/12/2021 12:00	150.717	150.762	150.127	150.213	24	29444100000	196294
02/12/2021 16:00	150.215	150.702	150.031	150.557	24	34670700000	231138
02/12/2021 20:00	150.557	150.571	150.292	150.318	24	20510250000	136735
03/12/2021 00:00	150.311	150.745	148.963	150.281	24	12263700000	335891
03/12/2021 04:00	150.278	150.586	150.225	150.508	24	17250900000	115006
03/12/2021 08:00	150.508	150.694	150.367	150.542	24	23211450000	154743
03/12/2021 12:00	150.542	150.695	150.133	150.659	24	32094150000	213961
03/12/2021 16:00	150.659	150.745	149.272	149.335	24	35276700000	235178
03/12/2021 20:00	149.335	149.436	148.963	149.262	23	21585000000	143900
06/12/2021 00:00	149.039	149.676	149.039	149.614	24	6548700000	43658
06/12/2021 04:00	149.614	149.641	149.478	149.545	24	4147350000	27649
06/12/2021 08:00	149.545	150.27	149.488	150.154	24	10440000000	69600
06/12/2021 12:00	150.154	150.373	149.954	150.195	24	10606500000	70710
06/12/2021 16:00	150.195	150.373	149.762	150.371	24	15838050000	105587
06/12/2021 20:00	150.372	150.596	150.344	150.419	24	11282400000	75216
07/12/2021 00:00	150.401	150.67	150.323	150.622	24	16354050000	109027
07/12/2021 04:00	150.622	151.087	150.564	151.064	24	15447300000	102982
07/12/2021 08:00	151.065	151.118	150.607	150.715	24	22557450000	150383
07/12/2021 12:00	150.715	150.82	150.223	150.461	24	23241000000	154940
07/12/2021 16:00	150.46	150.537	150.133	150.42	24	26350800000	175672
07/12/2021 20:00	150.42	150.44	150.114	150.411	24	15570750000	103805
08/12/2021 00:00	150.407	150.414	150.175	150.275	24	13074900000	87166
08/12/2021 04:00	150.275	150.516	150.271	150.422	24	14938350000	99589
08/12/2021 08:00	150.422	150.483	149.997	150.304	24	23317050000	155447
08/12/2021 12:00	150.303	150.516	149.346	150.488	24	30534750000	203565
08/12/2021 16:00	150.488	150.692	150.105	150.447	24	27809850000	185399
08/12/2021 20:00	150.447	150.521	149.93	149.949	24	15885150000	105901
09/12/2021 00:00	149.951	150.308	149.819	150.103	24	9819150000	65461
09/12/2021 04:00	150.103	150.204	150.028	150.069	24	12273000000	81820
09/12/2021 08:00	150.069	150.172	149.6	149.941	24	19820850000	132139
09/12/2021 12:00	149.94	149.978	149.477	149.674	24	24330900000	162206
09/12/2021 16:00	149.674	150.056	149.655	150.006	24	25971900000	173146
09/12/2021 20:00	150.006	150.157	149.831	149.929	24	15896850000	105979
10/12/2021 00:00	149.934	150.058	149.754	149.975	24	11917950000	79453
10/12/2021 04:00	149.975	150.259	149.953	149.981	24	15574200000	103828
10/12/2021 08:00	149.981	150.207	149.952	150.053	24	22559400000	150396
10/12/2021 12:00	150.053	150.357	149.968	150.159	24	22440000000	149600
10/12/2021 16:00	150.163	150.397	149.663	150.373	24	26981100000	179874
10/12/2021 20:00	150.373	150.5	150.303	150.402	23	14312250000	95415
13/12/2021 00:00	150.001	150.551	149.972	150.469	24	10443450000	69623
13/12/2021 04:00	150.469	150.555	150.32	150.372	24	10731750000	71545
13/12/2021 08:00	150.37	150.628	150.072	150.59	24	17463600000	116424
13/12/2021 12:00	150.59	150.747	150.452	150.631	24	20968650000	139791
13/12/2021 16:00	150.631	150.691	149.907	149.91	24	26296950000	175313
13/12/2021 20:00	149.91	150.13	149.861	150.012	24	14613150000	97421
14/12/2021 00:00	150.045	150.576	149.753	149.997	24	6744300000	184005
14/12/2021 04:00	149.997	150.026	149.753	149.992	24	10957800000	73052
14/12/2021 08:00	149.992	150.351	149.951	150.199	24	19285500000	128570
14/12/2021 12:00	150.199	150.522	150.146	150.257	24	22465950000	149773
14/12/2021 16:00	150.257	150.576	150.233	150.328	24	25887150000	172581
14/12/2021 20:00	150.328	150.469	150.312	150.371	24	14243100000	94954
15/12/2021 00:00	150.366	150.587	150.239	150.484	24	6867750000	45785
15/12/2021 04:00	150.484	150.612	150.407	150.594	24	6245850000	41639
15/12/2021 08:00	150.594	151	150.47	150.81	24	13891800000	92612
15/12/2021 12:00	150.81	150.976	150.742	150.895	24	14636550000	97577
15/12/2021 16:00	150.895	150.956	150.263	150.481	24	18618150000	124121
15/12/2021 20:00	150.483	151.301	150.433	151.039	24	24434400000	162896
16/12/2021 00:00	151.039	151.463	150.951	151.21	24	9979500000	66530
16/12/2021 04:00	151.21	151.281	151.102	151.161	24	11058750000	73725
16/12/2021 08:00	151.161	151.806	151.147	151.709	24	22429950000	149533
16/12/2021 12:00	151.709	152.623	151.333	152.419	24	26767200000	178448
16/12/2021 16:00	152.419	152.429	151.216	151.339	24	30013800000	200092
16/12/2021 20:00	151.339	151.525	151.082	151.284	24	17629050000	117527
17/12/2021 00:00	151.281	151.704	151.2	151.466	24	9022800000	60152
17/12/2021 04:00	151.466	151.567	151.101	151.457	24	15766350000	105109
17/12/2021 08:00	151.457	151.505	151.186	151.254	24	24074100000	160494
17/12/2021 12:00	151.254	151.267	150.42	150.611	24	24990000000	166600
17/12/2021 16:00	150.611	150.846	150.419	150.689	24	30510900000	203406
17/12/2021 20:00	150.689	150.775	150.412	150.462	23	17736300000	118242
20/12/2021 00:00	150.318	150.531	150.136	150.152	24	15306450000	102043
20/12/2021 04:00	150.153	150.297	149.915	150.002	24	19909800000	132732
20/12/2021 08:00	150.002	150.057	149.517	149.636	24	25368450000	169123
20/12/2021 12:00	149.636	150.395	149.633	150.293	24	22988550000	153257
20/12/2021 16:00	150.293	150.395	149.758	149.96	24	27841200000	185608
20/12/2021 20:00	149.96	150.22	149.86	149.865	24	17246400000	114976
21/12/2021 00:00	149.865	150.2	149.862	150.163	24	9079500000	60530
21/12/2021 04:00	150.163	150.324	150.096	150.307	24	11983650000	79891
21/12/2021 08:00	150.307	150.569	150.099	150.533	24	21585300000	143902
21/12/2021 12:00	150.533	150.81	150.52	150.772	24	20957850000	139719
21/12/2021 16:00	150.772	151.329	150.689	151.297	24	22971450000	153143
21/12/2021 20:00	151.297	151.402	151.073	151.147	24	12103800000	80692
22/12/2021 00:00	151.144	151.444	151.091	151.431	24	7118850000	47459
22/12/2021 04:00	151.431	151.446	151.158	151.19	24	11482350000	76549
22/12/2021 08:00	151.193	151.908	151.089	151.834	24	17452050000	116347
22/12/2021 12:00	151.835	152.245	151.826	152.182	24	19447050000	129647
22/12/2021 16:00	152.182	152.572	152.045	152.535	24	23066100000	153774
22/12/2021 20:00	152.535	152.556	152.149	152.228	24	13767150000	91781
23/12/2021 00:00	152.169	152.56	152.168	152.345	24	5798250000	38655
23/12/2021 04:00	152.345	152.438	152.294	152.429	24	6214800000	41432
23/12/2021 08:00	152.429	153.228	152.412	153.202	24	15898200000	105988
23/12/2021 12:00	153.202	153.644	153.148	153.321	24	19522050000	130147
23/12/2021 16:00	153.322	153.699	153.09	153.514	24	21275100000	141834
23/12/2021 20:00	153.514	153.578	153.217	153.217	24	11660850000	77739
24/12/2021 00:00	153.217	153.553	153.103	153.272	24	8124150000	54161
24/12/2021 04:00	153.27	153.375	153.148	153.158	24	20321250000	135475
24/12/2021 08:00	153.158	153.42	153.13	153.399	24	25266750000	168445
24/12/2021 12:00	153.399	153.5	153.217	153.268	24	21325350000	142169
24/12/2021 16:00	153.276	153.383	152.94	153.122	24	15854850000	105699
24/12/2021 20:00	153.122	153.204	152.996	153.06	96	3000600000	20004
27/12/2021 00:00	153.032	153.324	153.025	153.303	24	8040750000	53605
27/12/2021 04:00	153.303	153.486	153.286	153.35	24	11056350000	73709
27/12/2021 08:00	153.35	153.76	153.294	153.677	24	13355550000	89037
27/12/2021 12:00	153.677	154.058	153.571	154.047	24	11994450000	79963
27/12/2021 16:00	154.047	154.438	153.965	154.403	24	15497400000	103316
27/12/2021 20:00	154.403	154.451	154.206	154.209	24	10644000000	70960
28/12/2021 00:00	154.209	154.461	154.164	154.275	24	12292050000	81947
28/12/2021 04:00	154.275	154.38	154.231	154.351	24	9803850000	65359
28/12/2021 08:00	154.351	154.396	154.202	154.335	24	13398150000	89321
28/12/2021 12:00	154.335	154.571	154.293	154.372	24	11455950000	76373
28/12/2021 16:00	154.372	154.455	153.997	154.171	24	19437000000	129580
28/12/2021 20:00	154.171	154.263	154.042	154.148	24	9214950000	61433
29/12/2021 00:00	154.144	154.313	154.045	154.115	24	6693150000	44621
29/12/2021 04:00	154.115	154.315	154.061	154.267	24	13979700000	93198
29/12/2021 08:00	154.267	154.382	154.133	154.252	24	12061950000	80413
29/12/2021 12:00	154.252	154.794	154.2	154.666	24	14154600000	94364
29/12/2021 16:00	154.666	155.047	154.399	154.991	24	19327650000	128851
29/12/2021 20:00	154.991	155.116	154.918	154.922	24	9188550000	61257
30/12/2021 00:00	154.919	155.342	154.898	155.327	24	8555550000	57037
30/12/2021 04:00	155.327	155.344	155.093	155.174	24	9963150000	66421
30/12/2021 08:00	155.174	155.221	154.907	154.996	24	17022750000	113485
30/12/2021 12:00	154.996	155.544	154.977	155.306	24	17569650000	117131
30/12/2021 16:00	155.306	155.655	155.206	155.315	24	20616300000	137442
30/12/2021 20:00	155.315	155.455	155.12	155.173	24	12764250000	85095
31/12/2021 00:00	155.172	155.384	155.132	155.363	24	6164850000	41099
31/12/2021 04:00	155.363	155.43	155.303	155.324	24	6459750000	43065
31/12/2021 08:00	155.324	155.613	155.316	155.507	24	11961300000	79742
31/12/2021 12:00	155.506	155.552	154.983	155.424	24	17000100000	113334
31/12/2021 16:00	155.424	156.006	155.386	155.673	24	19998600000	133324
31/12/2021 20:00	155.673	155.82	155.657	155.797	23	2299200000	15328
03/01/2022 00:00	155.588	155.912	155.573	155.726	24	8122650000	54151
03/01/2022 04:00	155.726	155.734	155.557	155.64	24	10560750000	70405
03/01/2022 08:00	155.64	155.862	155.614	155.677	24	14130450000	94203
03/01/2022 12:00	155.677	155.73	155.112	155.286	24	17371200000	115808
03/01/2022 16:00	155.286	155.471	154.876	155.34	24	22600200000	150668
03/01/2022 20:00	155.34	155.512	155.315	155.351	24	13635300000	90902
04/01/2022 00:00	155.319	155.646	155.17	155.573	24	8281500000	55210
04/01/2022 04:00	155.573	155.996	155.503	155.883	24	15844500000	105630
04/01/2022 08:00	155.883	156.524	155.745	156.491	24	17914650000	119431
04/01/2022 12:00	156.491	157.138	156.38	157.117	24	21009450000	140063
04/01/2022 16:00	157.117	157.419	157.02	157.239	24	24955200000	166368
04/01/2022 20:00	157.239	157.257	157.017	157.045	24	13374000000	89160
05/01/2022 00:00	157.027	157.284	156.881	157.053	24	10399350000	69329
05/01/2022 04:00	157.053	157.117	156.805	156.914	24	11523600000	76824
05/01/2022 08:00	156.914	157.151	156.74	156.764	24	17682150000	117881
05/01/2022 12:00	156.765	157.008	156.567	156.885	24	21027450000	140183
05/01/2022 16:00	156.885	157.595	156.737	157.577	24	24011250000	160075
05/01/2022 20:00	157.577	157.76	157.297	157.342	24	21020550000	140137
06/01/2022 00:00	157.252	157.463	156.079	157.09	24	7819200000	213542
06/01/2022 04:00	157.09	157.114	156.688	156.757	24	14965350000	99769
06/01/2022 08:00	156.757	156.779	156.079	156.388	24	22062900000	147086
06/01/2022 12:00	156.387	156.949	156.347	156.647	24	22849950000	152333
06/01/2022 16:00	156.647	157	156.362	156.685	24	27714450000	184763
06/01/2022 20:00	156.685	156.86	156.572	156.666	24	16715550000	111437
07/01/2022 00:00	156.666	157.098	156.593	157.06	24	11242350000	74949
07/01/2022 04:00	157.059	157.061	156.909	156.986	24	16201050000	108007
07/01/2022 08:00	156.986	157.042	156.74	157.011	24	19924050000	132827
07/01/2022 12:00	157.011	157.051	156.735	156.839	24	21838200000	145588
07/01/2022 16:00	156.84	157.049	156.732	156.996	24	26724000000	178160
07/01/2022 20:00	156.996	157.172	156.957	156.975	23	10949250000	72995
10/01/2022 00:00	156.881	157.223	156.833	157.193	24	7105050000	47367
10/01/2022 04:00	157.193	157.362	157.189	157.319	24	10170000000	67800
10/01/2022 08:00	157.32	157.342	157.046	157.089	24	18844200000	125628
10/01/2022 12:00	157.089	157.157	156.285	156.382	24	23184000000	154560
10/01/2022 16:00	156.382	156.402	155.94	156.083	24	27417150000	182781
10/01/2022 20:00	156.083	156.493	156.065	156.247	24	17590650000	117271
11/01/2022 00:00	156.239	156.7	156.181	156.617	24	9174750000	61165
11/01/2022 04:00	156.617	156.871	156.608	156.721	24	13190700000	87938
11/01/2022 08:00	156.721	157.128	156.42	157.005	24	21525450000	143503
11/01/2022 12:00	157.005	157.057	156.74	156.914	24	20377950000	135853
11/01/2022 16:00	156.914	157.3	156.742	157.203	24	25938150000	172921
11/01/2022 20:00	157.203	157.259	157.076	157.166	24	14217450000	94783
12/01/2022 00:00	157.183	157.302	157.044	157.168	24	8968050000	59787
12/01/2022 04:00	157.168	157.414	157.145	157.347	24	11705400000	78036
12/01/2022 08:00	157.347	157.429	157.104	157.191	24	19279500000	128530
12/01/2022 12:00	157.191	157.698	157.14	157.556	24	22150350000	147669
12/01/2022 16:00	157.556	157.678	156.893	156.968	24	27749400000	184996
12/01/2022 20:00	156.968	157.105	156.748	156.998	24	16801050000	112007
13/01/2022 00:00	156.998	157.22	156.978	157.029	24	10431300000	69542
13/01/2022 04:00	157.029	157.253	157.011	157.048	24	10696350000	71309
13/01/2022 08:00	157.048	157.449	157.036	157.329	24	19360350000	129069
13/01/2022 12:00	157.329	157.452	156.67	156.991	24	20802900000	138686
13/01/2022 16:00	156.991	157.134	156.302	156.396	24	27777150000	185181
13/01/2022 20:00	156.396	156.594	156.315	156.423	24	15886050000	105907
14/01/2022 00:00	156.423	156.608	156.063	156.088	24	12990900000	86606
14/01/2022 04:00	156.088	156.237	155.991	156.158	24	13074900000	87166
14/01/2022 08:00	156.158	156.454	155.985	156.434	24	21514950000	143433
14/01/2022 12:00	156.434	156.512	155.445	155.59	24	23102850000	154019
14/01/2022 16:00	155.59	155.88	155.482	155.836	24	29548800000	196992
14/01/2022 20:00	155.836	156.276	155.771	156.221	23	15280650000	101871
17/01/2022 00:00	155.925	156.484	155.925	156.44	24	13637400000	90916
17/01/2022 04:00	156.441	156.574	156.37	156.542	24	15749550000	104997
17/01/2022 08:00	156.542	156.64	156.372	156.62	24	18808800000	125392
17/01/2022 12:00	156.62	156.709	156.232	156.35	24	18827550000	125517
17/01/2022 16:00	156.35	156.502	156.272	156.462	24	15942450000	106283
17/01/2022 20:00	156.462	156.478	156.305	156.32	24	4729650000	31531
18/01/2022 00:00	156.282	156.439	156.246	156.347	24	11573250000	77155
18/01/2022 04:00	156.347	156.896	156.32	156.532	24	19654500000	131030
18/01/2022 08:00	156.532	156.795	156.04	156.228	24	25155450000	167703
18/01/2022 12:00	156.228	156.235	155.708	155.873	24	24227250000	161515
18/01/2022 16:00	155.873	155.894	155.463	155.571	24	29401650000	196011
18/01/2022 20:00	155.571	155.885	155.511	155.736	24	19853100000	132354
19/01/2022 00:00	155.748	156.066	155.653	155.93	24	13699200000	91328
19/01/2022 04:00	155.932	156.013	155.392	155.468	24	20062650000	133751
19/01/2022 08:00	155.468	155.963	155.393	155.891	24	24701850000	164679
19/01/2022 12:00	155.891	156.221	155.849	156.062	24	22877550000	152517
19/01/2022 16:00	156.062	156.16	155.627	155.746	24	26949900000	179666
19/01/2022 20:00	155.746	155.77	155.532	155.581	24	17758050000	118387
20/01/2022 00:00	155.541	155.754	155.434	155.629	24	17793150000	118621
20/01/2022 04:00	155.629	156.02	155.608	155.937	24	18878250000	125855
20/01/2022 08:00	155.937	156.053	155.605	155.73	24	22056600000	147044
20/01/2022 12:00	155.73	155.782	155.395	155.478	20	22550700000	150338
20/01/2022 16:00	155.478	155.782	155.449	155.511	20	26295450000	175303
20/01/2022 20:00	155.511	155.602	155.097	155.104	20	18646500000	124310
21/01/2022 00:00	155.103	155.199	154.455	154.716	20	17789250000	118595
21/01/2022 04:00	154.716	154.854	154.44	154.747	20	20624250000	137495
21/01/2022 08:00	154.748	154.75	154.406	154.629	20	24156300000	161042
21/01/2022 12:00	154.629	154.654	154.224	154.284	20	22382400000	149216
21/01/2022 16:00	154.284	154.327	153.901	154.052	20	30551250000	203675
21/01/2022 20:00	154.052	154.232	153.951	154.069	20	17589900000	117266
24/01/2022 00:00	153.975	154.48	153.947	154.432	20	15404850000	102699
24/01/2022 04:00	154.432	154.466	154.102	154.143	20	16748100000	111654
24/01/2022 08:00	154.143	154.196	153.583	153.644	20	24146850000	160979
24/01/2022 12:00	153.644	153.684	153.234	153.237	20	27283500000	181890
24/01/2022 16:00	153.237	153.652	152.894	153.041	20	33971400000	226476
24/01/2022 20:00	153.041	153.801	153.019	153.605	20	25127550000	167517
25/01/2022 00:00	153.521	153.864	153.377	153.478	20	13184550000	87897
25/01/2022 04:00	153.478	153.478	153.121	153.356	20	20657100000	137714
25/01/2022 08:00	153.356	153.897	153.275	153.764	20	26680350000	177869
25/01/2022 12:00	153.765	153.829	153.111	153.377	20	26972700000	179818
25/01/2022 16:00	153.376	153.763	153.168	153.648	20	32096700000	213978
25/01/2022 20:00	153.648	154.006	153.592	153.634	20	21015450000	140103
26/01/2022 00:00	153.694	154.725	153.568	153.854	20	11823600000	278464
26/01/2022 04:00	153.855	153.973	153.773	153.844	20	16101450000	107343
26/01/2022 08:00	153.844	154.209	153.778	154.169	20	21505050000	143367
26/01/2022 12:00	154.169	154.469	154.085	154.395	20	22115850000	147439
26/01/2022 16:00	154.395	154.62	154.215	154.614	20	28977450000	193183
26/01/2022 20:00	154.614	154.725	153.875	154.098	20	32924400000	219496
27/01/2022 00:00	154.123	154.533	153.979	154.141	20	16556550000	110377
27/01/2022 04:00	154.141	154.141	153.873	154.014	20	23268150000	155121
27/01/2022 08:00	154.014	154.456	153.812	154.408	20	28185300000	187902
27/01/2022 12:00	154.408	154.675	154.121	154.363	20	29638800000	197592
27/01/2022 16:00	154.363	154.711	154.201	154.286	20	31664100000	211094
27/01/2022 20:00	154.286	154.404	154.026	154.343	20	23385300000	155902
28/01/2022 00:00	154.283	154.651	154.169	154.613	20	16108500000	107390
28/01/2022 04:00	154.612	154.884	154.545	154.816	20	20405550000	136037
28/01/2022 08:00	154.816	154.942	154.337	154.705	20	25812000000	172080
28/01/2022 12:00	154.705	154.852	154.578	154.836	20	28072200000	187148
28/01/2022 16:00	154.836	154.952	154.272	154.278	20	32153100000	214354
28/01/2022 20:00	154.278	154.426	154.085	154.37	20	18102450000	120683
31/01/2022 00:00	154.348	154.848	154.348	154.831	20	17735250000	118235
31/01/2022 04:00	154.831	155.014	154.793	154.865	20	20851500000	139010
31/01/2022 08:00	154.866	155.215	154.847	155.175	20	22923450000	152823
31/01/2022 12:00	155.175	155.323	154.646	154.945	20	25059900000	167066
31/01/2022 16:00	154.945	155.226	154.433	154.682	20	29055900000	193706
31/01/2022 20:00	154.682	154.846	154.584	154.688	20	18813000000	125420
01/02/2022 00:00	154.688	154.826	154.535	154.604	20	7675050000	51167
01/02/2022 04:00	154.604	154.748	154.48	154.685	20	15379950000	102533
01/02/2022 08:00	154.685	155.023	154.632	154.794	20	23354700000	155698
01/02/2022 12:00	154.799	154.912	154.528	154.771	20	22492950000	149953
01/02/2022 16:00	154.771	155.194	154.727	154.883	20	27990150000	186601
01/02/2022 20:00	154.883	155.198	154.86	155.013	20	16234200000	108228
02/02/2022 00:00	155.013	155.208	154.862	155.133	20	8975850000	59839
02/02/2022 04:00	155.133	155.204	155.099	155.139	20	14192700000	94618
02/02/2022 08:00	155.139	155.2	154.806	154.901	20	22996500000	153310
02/02/2022 12:00	154.903	155.24	154.798	155.153	20	23871150000	159141
02/02/2022 16:00	155.143	155.289	154.839	155.218	20	27888600000	185924
02/02/2022 20:00	155.218	155.429	155.18	155.279	20	18652800000	124352
03/02/2022 00:00	155.279	155.354	155.072	155.147	20	13169550000	87797
03/02/2022 04:00	155.147	155.285	155.039	155.206	20	15163200000	101088
03/02/2022 08:00	155.206	155.639	155.144	155.565	20	21895650000	145971
03/02/2022 12:00	155.565	156.484	155.363	155.985	20	29030850000	193539
03/02/2022 16:00	155.986	156.495	155.86	156.275	20	33024300000	220162
03/02/2022 20:00	156.275	156.374	156.115	156.258	20	18007800000	120052
04/02/2022 00:00	155.974	156.495	155.974	156.222	20	9256500000	61710
04/02/2022 04:00	156.222	156.488	156.188	156.258	20	16127100000	107514
04/02/2022 08:00	156.258	156.443	155.928	155.957	20	25517850000	170119
04/02/2022 12:00	155.957	155.998	155.506	155.874	20	29145600000	194304
04/02/2022 16:00	155.876	156.148	155.732	155.977	20	31230600000	208204
04/02/2022 20:00	155.977	156.087	155.703	155.841	20	15877500000	105850
07/02/2022 00:00	155.92	156.081	155.781	156.019	20	13068900000	87126
07/02/2022 04:00	156.019	156.063	155.797	155.946	20	17304900000	115366
07/02/2022 08:00	155.946	156.157	155.453	155.453	20	23864550000	159097
07/02/2022 12:00	155.453	155.62	155.128	155.619	20	25545450000	170303
07/02/2022 16:00	155.619	155.774	155.414	155.656	20	26692350000	177949
07/02/2022 20:00	155.656	155.776	155.588	155.675	20	12838800000	85592
08/02/2022 00:00	155.675	156.096	155.523	156.05	20	14442150000	96281
08/02/2022 04:00	156.05	156.148	155.975	156.071	20	21566700000	143778
08/02/2022 08:00	156.071	156.423	156.039	156.348	20	24479700000	163198
08/02/2022 12:00	156.348	156.38	155.99	156.255	20	23030100000	153534
08/02/2022 16:00	156.256	156.712	156.252	156.549	20	23044650000	153631
08/02/2022 20:00	156.549	156.577	156.372	156.422	20	12547350000	83649
09/02/2022 00:00	156.422	156.688	156.317	156.471	20	13620600000	90804
09/02/2022 04:00	156.471	156.558	156.373	156.521	20	15428550000	102857
09/02/2022 08:00	156.521	156.631	156.277	156.518	20	20147850000	134319
09/02/2022 12:00	156.517	156.849	156.516	156.778	20	20563050000	137087
09/02/2022 16:00	156.778	156.782	156.188	156.276	20	22836300000	152242
09/02/2022 20:00	156.275	156.393	156.121	156.134	20	12907800000	86052
10/02/2022 00:00	156.189	156.487	156.144	156.28	20	13907850000	92719
10/02/2022 04:00	156.28	156.502	156.24	156.422	20	17552100000	117014
10/02/2022 08:00	156.422	157.226	156.421	157.133	20	22488150000	149921
10/02/2022 12:00	157.133	157.375	157.007	157.359	20	23385900000	155906
10/02/2022 16:00	157.359	158.057	157.197	157.906	20	34089150000	227261
10/02/2022 20:00	157.906	157.946	157.074	157.116	20	25036500000	166910
11/02/2022 00:00	157.122	157.364	157.107	157.152	20	16252650000	108351
11/02/2022 04:00	157.152	157.257	157.014	157.086	20	17316750000	115445
11/02/2022 08:00	157.084	157.44	156.698	157.313	20	25427550000	169517
11/02/2022 12:00	157.313	157.541	157.22	157.349	20	22414050000	149427
11/02/2022 16:00	157.349	157.694	157.2	157.605	20	29779800000	198532
11/02/2022 20:00	157.605	157.712	155.844	156.549	20	29988150000	199921
14/02/2022 00:00	156.208	156.854	156.208	156.315	20	18887850000	125919
14/02/2022 04:00	156.315	156.469	156.25	156.365	20	18666150000	124441
14/02/2022 08:00	156.367	156.368	155.295	155.453	20	28341600000	188944
14/02/2022 12:00	155.453	156.365	155.41	156.244	20	28053750000	187025
14/02/2022 16:00	156.244	156.52	156.088	156.451	20	31227450000	208183
14/02/2022 20:00	156.451	156.538	155.979	156.177	20	24478500000	163190
15/02/2022 00:00	156.144	156.418	156.123	156.183	20	15354750000	102365
15/02/2022 04:00	156.183	156.298	155.992	156.036	20	19228350000	128189
15/02/2022 08:00	156.036	156.819	155.957	156.648	20	27470400000	183136
15/02/2022 12:00	156.648	156.784	156.454	156.613	20	25757250000	171715
15/02/2022 16:00	156.613	156.704	156.181	156.511	20	27710700000	184738
15/02/2022 20:00	156.511	156.59	156.411	156.434	20	17211750000	114745
16/02/2022 00:00	156.421	156.737	156.32	156.681	20	10448850000	69659
16/02/2022 04:00	156.681	156.775	156.61	156.77	20	10859250000	72395
16/02/2022 08:00	156.77	157.106	156.685	156.849	20	23548950000	156993
16/02/2022 12:00	156.849	157.038	156.391	156.469	20	22640400000	150936
16/02/2022 16:00	156.468	156.897	156.343	156.778	20	26199000000	174660
16/02/2022 20:00	156.778	156.981	156.712	156.797	20	24406350000	162709
17/02/2022 00:00	156.81	156.948	156.632	156.915	20	12387300000	82582
17/02/2022 04:00	156.914	156.989	156.091	156.52	20	23854350000	159029
17/02/2022 08:00	156.52	156.847	156.038	156.568	20	28497300000	189982
17/02/2022 12:00	156.568	156.817	156.373	156.434	20	26190300000	174602
17/02/2022 16:00	156.434	156.901	156.424	156.73	20	30366600000	202444
17/02/2022 20:00	156.73	156.798	156.401	156.471	20	19688700000	131258
18/02/2022 00:00	156.471	156.875	156.209	156.684	20	15964200000	106428
18/02/2022 04:00	156.684	156.807	156.659	156.781	20	21155550000	141037
18/02/2022 08:00	156.781	157.282	156.715	156.874	20	24168750000	161125
18/02/2022 12:00	156.874	156.936	156.429	156.57	20	23871300000	159142
18/02/2022 16:00	156.57	156.647	156.207	156.291	20	29844750000	198965
18/02/2022 20:00	156.291	156.561	156.219	156.419	20	16114350000	107429
21/02/2022 00:00	156.237	156.629	156.072	156.558	20	17367150000	115781
21/02/2022 04:00	156.558	156.679	156.465	156.571	20	19742700000	131618
21/02/2022 08:00	156.571	156.738	156.433	156.618	20	20801100000	138674
21/02/2022 12:00	156.618	156.619	156.108	156.243	20	22473450000	149823
21/02/2022 16:00	156.244	156.427	156.148	156.315	20	20842800000	138952
21/02/2022 20:00	156.315	156.344	155.945	156.008	20	11303850000	75359
22/02/2022 00:00	156.008	156.053	155.5	155.815	20	15846150000	105641
22/02/2022 04:00	155.815	156.013	155.638	155.987	20	19182450000	127883
22/02/2022 08:00	155.986	156.08	155.567	155.845	20	29556000000	197040
22/02/2022 12:00	155.843	156.114	155.672	155.991	20	29651100000	197674
22/02/2022 16:00	155.991	156.505	155.925	156.218	20	27456150000	183041
22/02/2022 20:00	156.219	156.469	156.071	156.178	20	21159450000	141063
23/02/2022 00:00	156.174	156.768	155.584	156.438	20	10843050000	218842
23/02/2022 04:00	156.439	156.497	156.283	156.365	20	14384250000	95895
23/02/2022 08:00	156.365	156.768	156.274	156.527	20	24012600000	160084
23/02/2022 12:00	156.529	156.627	156.31	156.473	20	24378750000	162525
23/02/2022 16:00	156.473	156.537	155.89	155.929	20	29447700000	196318
23/02/2022 20:00	155.929	155.955	155.584	155.603	20	23013300000	153422
24/02/2022 00:00	155.579	155.88	155.429	155.791	20	13245300000	88302
24/02/2022 04:00	155.791	155.812	154.448	154.616	20	34085850000	227239
24/02/2022 08:00	154.616	154.806	154.093	154.125	18	35613000000	237420
24/02/2022 12:00	154.124	154.233	153.447	153.493	18	35440800000	236272
24/02/2022 16:00	153.493	154.286	153.362	154.174	18	36470550000	243137
24/02/2022 20:00	154.174	154.972	154.125	154.424	18	27925500000	186170
25/02/2022 00:00	154.448	155.175	154.148	154.569	18	17058450000	383187
25/02/2022 04:00	154.569	154.787	154.405	154.75	18	26091000000	173940
25/02/2022 08:00	154.75	154.79	154.148	154.231	18	29544600000	196964
25/02/2022 12:00	154.231	154.994	154.179	154.819	18	29749050000	198327
25/02/2022 16:00	154.819	155.175	154.488	154.907	18	28856850000	192379
25/02/2022 20:00	154.907	155.075	154.858	154.884	18	16636950000	110913
28/02/2022 00:00	153.296	154.673	153.296	154.354	18	24086250000	160575
28/02/2022 04:00	154.354	154.386	154.066	154.375	18	23793750000	158625
28/02/2022 08:00	154.375	154.634	154.275	154.545	18	30193650000	201291
28/02/2022 12:00	154.545	154.984	154.545	154.673	18	28635000000	190900
28/02/2022 16:00	154.673	154.891	154.055	154.131	18	32216700000	214778
28/02/2022 20:00	154.131	154.279	153.945	154.183	18	23101800000	154012
01/03/2022 00:00	154.343	154.685	152.65	154.537	18	13846650000	341151
01/03/2022 04:00	154.537	154.587	154.278	154.378	18	18006600000	120044
01/03/2022 08:00	154.378	154.55	153.947	153.948	18	25019850000	166799
01/03/2022 12:00	153.948	154.119	153.681	154	18	30486300000	203242
01/03/2022 16:00	154.001	154.031	152.816	152.87	18	33456600000	223044
01/03/2022 20:00	152.87	153.099	152.65	153.007	18	22418100000	149454
02/03/2022 00:00	152.969	153.431	152.943	153.299	18	13204950000	88033
02/03/2022 04:00	153.299	153.343	153.035	153.052	18	19040250000	126935
02/03/2022 08:00	153.052	153.373	152.812	153.298	18	30130200000	200868
02/03/2022 12:00	153.298	154.022	153.294	154.019	18	30247500000	201650
02/03/2022 16:00	154.019	154.546	153.682	154.419	18	34032150000	226881
02/03/2022 20:00	154.419	154.914	154.419	154.841	18	20615100000	137434
03/03/2022 00:00	154.81	154.829	154.63	154.702	18	17556750000	117045
03/03/2022 04:00	154.702	155.119	154.645	155.065	18	16222650000	108151
03/03/2022 08:00	155.065	155.219	154.712	154.925	18	24412650000	162751
03/03/2022 12:00	154.925	155.001	154.615	154.728	18	24827700000	165518
03/03/2022 16:00	154.728	154.855	153.992	154.079	18	33306000000	222040
03/03/2022 20:00	154.079	154.193	153.858	154.072	18	25536450000	170243
04/03/2022 00:00	154.068	154.212	153.545	154.09	18	23717100000	158114
04/03/2022 04:00	154.09	154.111	153.801	153.974	18	24036300000	160242
04/03/2022 08:00	153.974	154.14	153.472	153.545	18	26395950000	175973
04/03/2022 12:00	153.545	153.674	152.552	152.698	18	28836450000	192243
04/03/2022 16:00	152.698	152.833	151.457	151.806	18	32526900000	216846
04/03/2022 20:00	151.806	152.135	151.663	151.945	18	20470050000	136467
07/03/2022 00:00	151.885	152.144	151.466	151.676	18	22247100000	148314
07/03/2022 04:00	151.676	152.012	151.54	151.855	18	25459050000	169727
07/03/2022 08:00	151.855	152.223	151.236	151.524	18	31584750000	210565
07/03/2022 12:00	151.524	152.197	151.174	151.877	18	32649900000	217666
07/03/2022 16:00	151.875	152.102	151.228	151.304	18	34498350000	229989
07/03/2022 20:00	151.304	151.491	151.008	151.019	18	23257050000	155047
08/03/2022 00:00	151.019	151.582	150.969	151.53	18	16823550000	112157
08/03/2022 04:00	151.53	151.571	151.303	151.414	18	22892100000	152614
08/03/2022 08:00	151.414	151.699	150.972	151.645	18	32836950000	218913
08/03/2022 12:00	151.644	151.895	151.421	151.637	18	29376900000	195846
08/03/2022 16:00	151.637	151.844	151.4	151.817	18	36488550000	243257
08/03/2022 20:00	151.817	152.006	151.364	151.364	18	26283300000	175222
09/03/2022 00:00	151.404	152.022	151.367	151.951	18	13038600000	86924
09/03/2022 04:00	151.952	152.012	151.769	151.815	18	18615900000	124106
09/03/2022 08:00	151.815	152.385	151.789	152.349	18	25530900000	170206
09/03/2022 12:00	152.349	152.724	152.122	152.357	18	26258550000	175057
09/03/2022 16:00	152.357	152.645	152.16	152.632	18	32732100000	218214
09/03/2022 20:00	152.632	152.759	152.488	152.498	18	20761800000	138412
10/03/2022 00:00	152.481	152.86	152.481	152.697	18	11317650000	75451
10/03/2022 04:00	152.697	152.993	152.632	152.953	18	17503200000	116688
10/03/2022 08:00	152.953	152.988	152.29	152.665	18	26969550000	179797
10/03/2022 12:00	152.666	152.976	152.425	152.956	18	29212200000	194748
10/03/2022 16:00	152.95	152.96	152.013	152.076	18	29839500000	198930
10/03/2022 20:00	152.078	152.262	151.871	151.915	18	17811000000	118740
11/03/2022 00:00	151.915	152.365	151.811	152.106	18	11056350000	73709
11/03/2022 04:00	152.106	152.646	152.086	152.559	18	14508150000	96721
11/03/2022 08:00	152.558	152.972	152.495	152.892	18	27139800000	180932
11/03/2022 12:00	152.892	153.393	152.778	153.087	18	28242450000	188283
11/03/2022 16:00	153.087	153.163	152.798	152.852	18	28188600000	187924
11/03/2022 20:00	152.852	153.015	152.762	152.926	18	17211900000	114746
14/03/2022 00:00	152.911	153.45	152.871	153.376	18	17109750000	114065
14/03/2022 04:00	153.376	153.401	153.178	153.354	18	16371750000	109145
14/03/2022 08:00	153.354	153.836	153.282	153.807	18	22487700000	149918
14/03/2022 12:00	153.807	154.183	153.529	153.977	18	24606000000	164040
14/03/2022 16:00	153.976	154.12	153.605	153.671	18	24935550000	166237
14/03/2022 20:00	153.671	153.789	153.519	153.635	18	13120950000	87473
15/03/2022 00:00	153.635	154.036	153.635	153.899	18	15782550000	105217
15/03/2022 04:00	153.899	154.486	153.863	154.382	18	19411800000	129412
15/03/2022 08:00	154.382	154.387	153.22	153.839	18	25954050000	173027
15/03/2022 12:00	153.839	154.314	153.723	154.103	18	25292850000	168619
15/03/2022 16:00	154.101	154.683	154.08	154.329	18	27517650000	183451
15/03/2022 20:00	154.329	154.347	154.094	154.21	18	13540950000	90273
16/03/2022 00:00	154.21	154.439	154.194	154.368	18	14586900000	97246
16/03/2022 04:00	154.368	154.434	154.241	154.386	18	14466150000	96441
16/03/2022 08:00	154.386	154.66	154.246	154.526	18	22041000000	146940
16/03/2022 12:00	154.526	154.928	154.432	154.774	18	22804950000	152033
16/03/2022 16:00	154.774	155.491	154.632	155.171	18	27853950000	185693
16/03/2022 20:00	155.171	156.146	155.115	156.072	18	24852900000	165686
17/03/2022 00:00	156.072	156.563	155.968	156.051	18	18284700000	121898
17/03/2022 04:00	156.051	156.32	156.017	156.287	18	18836700000	125578
17/03/2022 08:00	156.287	156.605	156.201	156.263	18	21614250000	144095
17/03/2022 12:00	156.263	156.696	155.45	155.759	18	25438050000	169587
17/03/2022 16:00	155.759	156.014	155.542	156.009	18	23538600000	156924
17/03/2022 20:00	156.009	156.086	155.844	155.92	18	10848600000	72324
18/03/2022 00:00	155.92	156.315	155.836	156.231	18	17028900000	113526
18/03/2022 04:00	156.231	156.339	156.166	156.311	18	19992000000	133280
18/03/2022 08:00	156.311	156.545	156.018	156.25	18	21609000000	144060
18/03/2022 12:00	156.25	156.596	156.189	156.517	18	23195700000	154638
18/03/2022 16:00	156.517	157.217	156.501	157.156	18	25062900000	167086
18/03/2022 20:00	157.156	157.159	156.945	157.064	18	12026400000	80176
21/03/2022 00:00	156.847	157.101	156.738	156.924	18	13928400000	92856
21/03/2022 04:00	156.924	156.925	156.778	156.896	18	12542850000	83619
21/03/2022 08:00	156.896	156.986	156.662	156.804	18	18921450000	126143
21/03/2022 12:00	156.804	157.162	156.37	156.975	18	20272200000	135148
21/03/2022 16:00	156.975	157.502	156.954	157.284	18	25444650000	169631
21/03/2022 20:00	157.284	157.324	157.14	157.246	18	13116450000	87443
22/03/2022 00:00	157.246	157.783	157.21	157.521	18	11991900000	79946
22/03/2022 04:00	157.521	158.158	157.521	157.939	18	20692050000	137947
22/03/2022 08:00	157.939	159.387	157.878	159.318	18	24876150000	165841
22/03/2022 12:00	159.318	160.07	159.253	160.02	18	27870750000	185805
22/03/2022 16:00	160.023	160.172	159.722	160.092	18	25303950000	168693
22/03/2022 20:00	160.092	160.242	159.941	160.185	18	12289350000	81929
23/03/2022 00:00	160.185	161.019	160.157	160.898	18	18814350000	125429
23/03/2022 04:00	160.898	161.094	160.681	160.803	18	18145800000	120972
23/03/2022 08:00	160.803	160.921	159.79	160.043	18	21823650000	145491
23/03/2022 12:00	160.043	160.109	159.03	159.077	18	25706850000	171379
23/03/2022 16:00	159.076	159.951	159.052	159.888	18	24837900000	165586
23/03/2022 20:00	159.888	160.033	159.81	159.898	18	11032500000	73550
24/03/2022 00:00	159.898	160.124	159.578	159.901	18	17162100000	114414
24/03/2022 04:00	159.901	160.146	159.798	160.1	18	18726600000	124844
24/03/2022 08:00	160.1	160.676	159.98	160.296	18	25453350000	169689
24/03/2022 12:00	160.296	160.84	160.213	160.759	18	26568900000	177126
24/03/2022 16:00	160.759	161.341	160.448	161.073	18	29430600000	196204
24/03/2022 20:00	161.073	161.397	161.055	161.288	18	12523800000	83492
25/03/2022 00:00	161.288	161.489	160.614	161.096	18	17954850000	119699
25/03/2022 04:00	161.096	161.097	160.152	160.863	18	22736700000	151578
25/03/2022 08:00	160.863	161.105	159.846	160.11	18	24410550000	162737
25/03/2022 12:00	160.11	161.217	160.018	161.07	18	23836800000	158912
25/03/2022 16:00	161.072	161.272	160.66	161.099	18	30577950000	203853
25/03/2022 20:00	161.098	161.144	160.832	160.902	18	13214100000	88094
28/03/2022 00:00	160.807	161.182	160.764	160.831	18	12159300000	81062
28/03/2022 04:00	160.831	161.994	160.798	161.763	18	25717500000	171450
28/03/2022 08:00	161.763	164.632	161.585	164.111	18	28887450000	192583
28/03/2022 12:00	164.111	164.13	161.643	161.985	18	32436600000	216244
28/03/2022 16:00	161.986	162.257	161.201	161.524	18	32557650000	217051
28/03/2022 20:00	161.523	162.272	161.435	161.992	18	18001650000	120011
29/03/2022 00:00	161.844	162.684	160.252	162.367	18	16923900000	500141
29/03/2022 04:00	162.367	162.424	161.215	161.515	18	26183100000	174554
29/03/2022 08:00	161.515	162.299	161.47	161.576	18	28267200000	188448
29/03/2022 12:00	161.576	162.604	161.029	161.496	18	32094300000	213962
29/03/2022 16:00	161.496	161.586	160.276	160.504	18	33884400000	225896
29/03/2022 20:00	160.504	161.046	160.253	160.863	18	17296050000	115307
30/03/2022 00:00	160.706	161.358	159.038	160.426	18	13909050000	425074
30/03/2022 04:00	160.426	160.486	159.038	159.687	18	30312600000	202084
30/03/2022 08:00	159.687	160.102	159.469	159.796	18	29851650000	199011
30/03/2022 12:00	159.796	160.492	159.75	160.337	18	29298450000	195323
30/03/2022 16:00	160.337	160.848	160.094	160.208	18	30432750000	202885
30/03/2022 20:00	160.208	160.241	159.923	159.975	18	16555650000	110371
31/03/2022 00:00	159.916	160.874	159.429	160.696	18	12689100000	420438
31/03/2022 04:00	160.696	160.874	160.174	160.295	18	24726600000	164844
31/03/2022 08:00	160.295	160.344	159.439	160.302	18	30379050000	202527
31/03/2022 12:00	160.302	160.312	159.514	159.789	18	28952550000	193017
31/03/2022 16:00	159.789	159.935	159.429	159.7	18	31643100000	210954
31/03/2022 20:00	159.699	160.004	159.605	159.748	18	18495900000	123306
01/04/2022 00:00	159.662	161.179	159.662	160.42	18	15757950000	349974
01/04/2022 04:00	160.42	161.179	160.365	160.973	18	23920650000	159471
01/04/2022 08:00	160.973	161.049	160.459	160.915	18	26026050000	173507
01/04/2022 12:00	160.915	161.071	160.621	161.008	18	26323950000	175493
01/04/2022 16:00	161.008	161.114	160.569	160.614	18	28661550000	191077
01/04/2022 20:00	160.614	160.761	160.379	160.679	18	16435650000	109571
04/04/2022 00:00	160.431	160.836	160.272	160.49	18	12075000000	80500
04/04/2022 04:00	160.492	161.012	160.465	160.808	18	18878250000	125855
04/04/2022 08:00	160.808	161.164	160.737	160.813	18	24210300000	161402
04/04/2022 12:00	160.813	161.058	160.712	160.73	18	22185150000	147901
04/04/2022 16:00	160.73	161.303	160.717	160.833	18	26793600000	178624
04/04/2022 20:00	160.833	161.084	160.737	160.993	19	15690000000	104600
05/04/2022 00:00	160.993	161.082	160.492	160.676	19	9666150000	64441
05/04/2022 04:00	160.676	160.894	160.597	160.776	19	16928550000	112857
05/04/2022 08:00	160.776	161.496	160.719	161.136	19	23914200000	159428
05/04/2022 12:00	161.136	161.484	161.083	161.345	19	23430750000	156205
05/04/2022 16:00	161.345	161.964	161.257	161.702	19	29959200000	199728
05/04/2022 20:00	161.702	161.854	161.511	161.511	19	18177600000	121184
06/04/2022 00:00	161.486	161.866	161.377	161.769	19	14511600000	96744
06/04/2022 04:00	161.769	162.122	161.644	161.886	19	22267800000	148452
06/04/2022 08:00	161.886	162.191	161.672	162.122	19	26673300000	177822
06/04/2022 12:00	162.121	162.236	161.91	162.112	19	26007750000	173385
06/04/2022 16:00	162.112	162.268	161.701	161.806	22	28632900000	190886
06/04/2022 20:00	161.806	161.996	161.62	161.712	22	24090000000	160600
07/04/2022 00:00	161.62	162.257	161.386	161.618	22	11333250000	271504
07/04/2022 04:00	161.618	161.846	161.588	161.796	22	19360800000	129072
07/04/2022 08:00	161.796	162.257	161.682	161.752	22	24397800000	162652
07/04/2022 12:00	161.752	162.226	161.604	162.037	22	25141800000	167612
07/04/2022 16:00	162.037	162.121	161.631	161.759	22	29070900000	193806
07/04/2022 20:00	161.759	162.127	161.746	161.974	22	18034200000	120228
08/04/2022 00:00	161.974	162.325	161.728	161.793	22	11757450000	78383
08/04/2022 04:00	161.793	162.014	161.643	161.914	22	18975150000	126501
08/04/2022 08:00	161.914	162.117	161.639	161.863	22	24422250000	162815
08/04/2022 12:00	161.863	162.005	161.713	161.994	22	22552950000	150353
08/04/2022 16:00	161.994	162.116	161.712	162.087	22	30503850000	203359
08/04/2022 20:00	162.087	162.161	161.949	162.027	22	21079650000	140531
11/04/2022 00:00	161.577	162.293	161.577	162.219	22	11193900000	74626
11/04/2022 04:00	162.219	162.676	162.169	162.598	22	24272250000	161815
11/04/2022 08:00	162.598	163.324	162.532	163.277	22	27308700000	182058
11/04/2022 12:00	163.277	163.836	163.23	163.671	22	25269900000	168466
11/04/2022 16:00	163.671	163.732	163.31	163.467	22	27982500000	186550
11/04/2022 20:00	163.467	163.607	163.249	163.292	22	17258700000	115058
12/04/2022 00:00	163.297	163.536	163.089	163.349	22	11407650000	76051
12/04/2022 04:00	163.35	163.415	163.093	163.275	22	22698150000	151321
12/04/2022 08:00	163.275	163.62	163.238	163.349	20	27542700000	183618
12/04/2022 12:00	163.349	163.53	162.78	163.014	20	25892100000	172614
12/04/2022 16:00	163.016	163.408	162.978	163.075	20	33026400000	220176
12/04/2022 20:00	163.076	163.17	162.849	162.894	20	19742100000	131614
13/04/2022 00:00	162.89	163.202	162.838	163.153	20	12009750000	80065
13/04/2022 04:00	163.153	163.428	163.132	163.319	20	18748650000	124991
13/04/2022 08:00	163.319	164.068	163.294	163.927	20	26620200000	177468
13/04/2022 12:00	163.927	164.054	163.47	163.588	20	26608500000	177390
13/04/2022 16:00	163.589	164.471	163.396	164.432	20	31247400000	208316
13/04/2022 20:00	164.432	164.831	164.389	164.534	20	16022550000	106817
14/04/2022 00:00	164.534	164.821	164.345	164.595	20	12214800000	81432
14/04/2022 04:00	164.595	164.669	164.352	164.571	20	21079350000	140529
14/04/2022 08:00	164.569	164.785	164.266	164.683	20	24076050000	160507
14/04/2022 12:00	164.683	164.767	164.348	164.388	20	24014850000	160099
14/04/2022 16:00	164.391	164.513	164.017	164.419	20	31868100000	212454
14/04/2022 20:00	164.419	164.767	164.306	164.306	20	14898450000	99323
15/04/2022 00:00	164.535	165.02	164.247	164.913	38	9461100000	63074
15/04/2022 04:00	164.913	165.249	164.726	165.164	26	20334000000	135560
15/04/2022 08:00	165.164	165.392	164.887	165.249	28	21551400000	143676
15/04/2022 12:00	165.259	165.338	165.061	165.216	28	23730900000	158206
15/04/2022 16:00	165.224	165.306	164.934	165.056	28	15066300000	100442
15/04/2022 20:00	165.056	165.186	164.939	165.156	23	12847200000	85648
18/04/2022 00:00	164.889	165.403	164.839	165.085	20	15179100000	101194
18/04/2022 04:00	165.085	165.156	164.751	164.9	20	21464400000	143096
18/04/2022 08:00	164.9	165.01	164.633	164.797	20	17517300000	116782
18/04/2022 12:00	164.797	165.081	164.711	164.935	20	18319800000	122132
18/04/2022 16:00	164.935	165.171	164.813	165.17	20	23605350000	157369
18/04/2022 20:00	165.17	165.255	165.063	165.205	20	16866450000	112443
19/04/2022 00:00	165.178	167.602	165.092	165.572	20	12044550000	340865
19/04/2022 04:00	165.572	166.631	165.522	166.562	20	24405600000	162704
19/04/2022 08:00	166.562	167.388	166.154	167.302	20	27515250000	183435
19/04/2022 12:00	167.305	167.399	166.733	167.008	20	26550450000	177003
19/04/2022 16:00	167.007	167.537	166.93	167.461	20	29754600000	198364
19/04/2022 20:00	167.461	167.602	167.29	167.436	20	17066700000	113778
20/04/2022 00:00	167.436	168.426	167.393	168.316	20	15282750000	101885
20/04/2022 04:00	168.316	168.403	167.042	167.577	20	29496600000	196644
20/04/2022 08:00	167.578	167.778	167.166	167.294	20	24974550000	166497
20/04/2022 12:00	167.294	167.389	166.511	167.233	20	28642050000	190947
20/04/2022 16:00	167.233	167.233	166.42	166.898	20	29017800000	193452
20/04/2022 20:00	166.901	167.101	166.681	167.076	20	19470300000	129802
21/04/2022 00:00	166.896	167.901	166.785	167.266	20	16062750000	393953
21/04/2022 04:00	167.266	167.804	167.226	167.522	20	22430850000	149539
21/04/2022 08:00	167.523	167.586	167.079	167.244	20	26532300000	176882
21/04/2022 12:00	167.244	167.473	166.968	167.161	20	23161350000	154409
21/04/2022 16:00	167.16	167.901	167.118	167.62	20	28798950000	191993
21/04/2022 20:00	167.619	167.634	166.998	167.173	20	22382850000	149219
22/04/2022 00:00	167.173	167.546	167.085	167.502	20	14905350000	99369
22/04/2022 04:00	167.5	167.584	166.852	166.977	20	24664350000	164429
22/04/2022 08:00	166.976	166.99	165.171	165.284	20	29614200000	197428
22/04/2022 12:00	165.285	165.826	165.201	165.434	20	24223200000	161488
22/04/2022 16:00	165.434	165.807	164.795	165.437	20	30427050000	202847
22/04/2022 20:00	165.437	165.437	164.793	165.015	20	20693550000	137957
25/04/2022 00:00	164.791	165.293	162.049	165.076	20	15054300000	447942
25/04/2022 04:00	165.076	165.154	164.089	164.497	20	24602100000	164014
25/04/2022 08:00	164.494	164.669	162.998	163.309	20	30575700000	203838
25/04/2022 12:00	163.309	163.745	162.85	163.232	20	28426350000	189509
25/04/2022 16:00	163.232	163.307	162.049	162.548	20	33702150000	224681
25/04/2022 20:00	162.548	163.26	162.514	163.226	20	23680950000	157873
26/04/2022 00:00	163.226	163.363	162.25	162.632	20	17631150000	117541
26/04/2022 04:00	162.632	163.59	162.358	163.465	20	26403150000	176021
26/04/2022 08:00	163.465	163.532	162.423	162.656	20	29059350000	193729
26/04/2022 12:00	162.656	162.692	161.181	161.3	20	26213700000	174758
26/04/2022 16:00	161.3	161.495	160.432	160.817	20	32703000000	218020
26/04/2022 20:00	160.817	160.825	159.927	159.931	20	21661200000	144408
27/04/2022 00:00	159.932	160.471	159.589	160.439	20	13264650000	88431
27/04/2022 04:00	160.439	160.781	160.233	160.623	20	23656650000	157711
27/04/2022 08:00	160.623	161.18	160.19	160.415	20	27288900000	181926
27/04/2022 12:00	160.415	161.239	160.309	160.588	20	27506250000	183375
27/04/2022 16:00	160.588	161.378	160.304	161.173	20	31780650000	211871
27/04/2022 20:00	161.173	161.239	160.791	160.915	20	20437200000	136248
28/04/2022 00:00	161.098	164.248	160.848	161.425	20	14651550000	453358
28/04/2022 04:00	161.425	162.63	161.208	162.5	20	25472100000	169814
28/04/2022 08:00	162.5	164.232	162.349	164.12	20	32040000000	213600
28/04/2022 12:00	164.119	164.248	162.202	162.592	20	32391600000	215944
28/04/2022 16:00	162.591	163.272	162.437	163.222	20	34167150000	227781
28/04/2022 20:00	163.222	163.439	162.812	162.92	20	22554000000	150360
29/04/2022 00:00	162.907	163.984	162.379	163.01	20	6688500000	305849
29/04/2022 04:00	163.01	163.147	162.884	163.077	20	12973650000	86491
29/04/2022 08:00	163.077	163.552	162.906	163.304	20	24294000000	161960
29/04/2022 12:00	163.304	163.983	163.011	163.198	20	26642400000	177616
29/04/2022 16:00	163.198	163.573	162.379	163.091	20	31903650000	212691
29/04/2022 20:00	163.091	163.402	162.942	163.226	20	22423950000	149493
02/05/2022 00:00	163.177	163.866	163.166	163.457	20	15735000000	104900
02/05/2022 04:00	163.457	163.676	163.319	163.642	20	18892050000	125947
02/05/2022 08:00	163.642	163.826	163.368	163.492	20	23475000000	156500
02/05/2022 12:00	163.492	163.526	162.927	163.118	20	22920600000	152804
02/05/2022 16:00	163.121	163.266	162.652	162.678	20	29692350000	197949
02/05/2022 20:00	162.678	162.742	162.276	162.419	20	20193150000	134621
03/05/2022 00:00	162.346	163.406	162.32	162.635	20	12681300000	261765
03/05/2022 04:00	162.636	163.049	162.559	162.821	20	16628250000	110855
03/05/2022 08:00	162.821	163.406	162.695	163.163	20	24785250000	165235
03/05/2022 12:00	163.163	163.204	162.502	163.089	20	26169000000	174460
03/05/2022 16:00	163.087	163.11	162.488	162.543	20	29949450000	199663
03/05/2022 20:00	162.543	162.794	162.345	162.568	20	22560600000	150404
04/05/2022 00:00	162.57	162.712	162.344	162.623	20	8152800000	54352
04/05/2022 04:00	162.623	162.639	162.411	162.445	20	17142300000	114282
04/05/2022 08:00	162.445	162.867	162.246	162.75	20	20168700000	134458
04/05/2022 12:00	162.75	162.784	162.445	162.726	20	22329450000	148863
04/05/2022 16:00	162.726	162.803	162.173	162.423	20	28717350000	191449
04/05/2022 20:00	162.423	163.188	161.759	162.851	20	29971050000	199807
05/05/2022 00:00	162.851	163.547	162.754	162.772	20	14476500000	96510
05/05/2022 04:00	162.772	162.91	162.09	162.167	20	21899550000	145997
05/05/2022 08:00	162.167	162.75	162.167	162.713	20	25857900000	172386
05/05/2022 12:00	162.713	163.161	160.458	160.927	20	29470500000	196470
05/05/2022 16:00	160.925	161.49	160.713	160.898	20	34036200000	226908
05/05/2022 20:00	160.898	161.173	160.638	160.778	20	25057950000	167053
06/05/2022 00:00	160.88	161.6	160.307	161.344	20	12875400000	450135
06/05/2022 04:00	161.344	161.601	161.169	161.472	20	21280950000	141873
06/05/2022 08:00	161.472	161.542	160.307	160.96	20	28700550000	191337
06/05/2022 12:00	160.96	161.294	160.667	160.992	20	30233700000	201558
06/05/2022 16:00	160.99	161.198	160.376	161.154	20	37384500000	249230
06/05/2022 20:00	161.154	161.241	160.863	161.007	20	23631150000	157541
09/05/2022 00:00	161.12	161.4	160.762	160.976	20	13734000000	91560
09/05/2022 04:00	160.979	161.124	160.762	160.898	20	20206950000	134713
09/05/2022 08:00	160.898	161.347	160.726	160.973	20	25682400000	171216
09/05/2022 12:00	160.973	162.178	160.904	161.952	20	29733150000	198221
09/05/2022 16:00	161.951	161.971	160.153	160.879	20	33415200000	222768
09/05/2022 20:00	160.879	160.978	160.47	160.482	20	23553750000	157025
10/05/2022 00:00	160.507	161.51	160.031	160.332	20	12260250000	383358
10/05/2022 04:00	160.333	161.362	160.067	161.316	20	24040050000	160267
10/05/2022 08:00	161.316	161.509	160.274	160.47	20	27012150000	180081
10/05/2022 12:00	160.47	160.788	160.031	160.106	20	26839800000	178932
10/05/2022 16:00	160.104	160.592	160.069	160.326	20	34106700000	227378
10/05/2022 20:00	160.326	160.727	160.28	160.525	20	22934700000	152898
11/05/2022 00:00	160.525	160.648	160.343	160.532	20	10279050000	68527
11/05/2022 04:00	160.533	160.868	160.508	160.773	20	19539450000	130263
11/05/2022 08:00	160.773	160.854	160.201	160.666	20	24300750000	162005
11/05/2022 12:00	160.666	160.69	159.968	160.651	20	26974200000	179828
11/05/2022 16:00	160.651	161.304	159.645	159.678	20	36305700000	242038
11/05/2022 20:00	159.678	159.678	158.831	159.206	20	28846800000	192312
12/05/2022 00:00	159.004	159.271	155.591	158.849	20	13903350000	473347
12/05/2022 04:00	158.848	159.042	158.383	158.427	20	25352400000	169016
12/05/2022 08:00	158.427	158.527	156.558	156.559	20	32960550000	219737
12/05/2022 12:00	156.559	157.362	156.403	156.65	20	32118150000	214121
12/05/2022 16:00	156.649	157.027	155.591	156.533	20	35670600000	237804
12/05/2022 20:00	156.531	156.629	155.921	156.475	20	27027150000	180181
13/05/2022 00:00	156.435	158.504	156.314	157.251	20	12645750000	348375
13/05/2022 04:00	157.251	157.929	157.195	157.595	20	26215050000	174767
13/05/2022 08:00	157.597	157.646	156.795	157.202	20	26815500000	178770
13/05/2022 12:00	157.202	157.632	156.828	157.385	20	24907800000	166052
13/05/2022 16:00	157.385	158.457	156.924	158.291	20	28805100000	192034
13/05/2022 20:00	158.291	158.504	157.986	158.454	20	19205100000	128034
16/05/2022 00:00	158.161	159.268	157.423	158.86	20	14063550000	307965
16/05/2022 04:00	158.858	159.224	157.458	157.908	20	22539000000	150260
16/05/2022 08:00	157.907	158.393	157.423	158.292	20	25360500000	169070
16/05/2022 12:00	158.292	158.851	158.068	158.433	20	22364550000	149097
16/05/2022 16:00	158.433	158.588	157.9	158.403	20	28194600000	187964
16/05/2022 20:00	158.403	159.268	158.384	159.017	20	17466900000	116446
17/05/2022 00:00	159.021	159.475	158.761	159.286	20	11738400000	78256
17/05/2022 04:00	159.286	159.739	159.093	159.699	20	20322000000	135480
17/05/2022 08:00	159.699	161.593	159.522	161.392	20	24872400000	165816
17/05/2022 12:00	161.392	161.844	160.93	161.823	20	27221850000	181479
17/05/2022 16:00	161.823	161.829	160.804	161.438	20	27173250000	181155
17/05/2022 20:00	161.438	161.604	161.045	161.485	20	20919600000	139464
18/05/2022 00:00	161.487	161.742	161.375	161.401	20	13201050000	88007
18/05/2022 04:00	161.401	161.536	160.729	160.997	20	20190750000	134605
18/05/2022 08:00	160.997	161.427	159.853	159.886	20	25127850000	167519
18/05/2022 12:00	159.887	160.522	159.871	160.08	20	23454600000	156364
18/05/2022 16:00	160.08	160.103	158.685	158.909	20	31492650000	209951
18/05/2022 20:00	158.909	158.909	158.053	158.094	20	21983100000	146554
19/05/2022 00:00	158.094	158.775	157.859	158.554	20	16860450000	112403
19/05/2022 04:00	158.554	159.8	158.479	159.567	20	23602050000	157347
19/05/2022 08:00	159.567	159.655	158.169	158.429	20	29895450000	199303
19/05/2022 12:00	158.429	159.073	157.872	158.071	20	31789500000	211930
19/05/2022 16:00	158.071	159.909	158.018	159.472	20	36742500000	244950
19/05/2022 20:00	159.472	159.743	159.204	159.206	20	26977500000	179850
20/05/2022 00:00	159.193	159.502	159.07	159.236	20	14234850000	94899
20/05/2022 04:00	159.236	159.805	158.723	159.115	20	25514850000	170099
20/05/2022 08:00	159.115	159.974	158.998	159.934	20	30938550000	206257
20/05/2022 12:00	159.934	160.193	159.364	159.448	20	27163650000	181091
20/05/2022 16:00	159.448	160.058	159.183	159.265	20	34342500000	228950
20/05/2022 20:00	159.265	159.882	159.081	159.631	20	25427100000	169514
23/05/2022 00:00	159.521	160.294	159.354	159.958	20	13979850000	93199
23/05/2022 04:00	159.958	160.146	159.4	159.861	20	23380050000	155867
23/05/2022 08:00	159.861	160.764	159.82	160.357	20	29233500000	194890
23/05/2022 12:00	160.357	160.708	160.101	160.637	20	27696450000	184643
23/05/2022 16:00	160.638	160.853	160.174	160.673	20	30683550000	204557
23/05/2022 20:00	160.672	160.997	160.455	160.945	20	16200150000	108001
24/05/2022 00:00	160.939	160.965	160.297	160.5	20	13227750000	88185
24/05/2022 04:00	160.5	160.841	160.255	160.328	20	21250200000	141668
24/05/2022 08:00	160.328	160.721	158.869	159.109	20	29415450000	196103
24/05/2022 12:00	159.109	159.648	158.73	158.924	20	27858600000	185724
24/05/2022 16:00	158.926	158.996	157.983	158.648	20	34453350000	229689
24/05/2022 20:00	158.648	159.066	158.54	158.818	20	21767550000	145117
25/05/2022 00:00	158.818	159.197	158.76	158.966	20	14121600000	94144
25/05/2022 04:00	158.966	159.378	158.773	159.158	20	23953350000	159689
25/05/2022 08:00	159.158	159.702	158.943	159.108	20	28060650000	187071
25/05/2022 12:00	159.108	159.11	158.381	158.82	20	27963300000	186422
25/05/2022 16:00	158.822	159.861	158.773	159.735	20	31173450000	207823
25/05/2022 20:00	159.735	160.296	159.592	159.929	20	23509500000	156730
26/05/2022 00:00	159.867	160.819	159.006	160.644	20	12916500000	379132
26/05/2022 04:00	160.644	160.819	160.003	160.058	20	25169100000	167794
26/05/2022 08:00	160.058	160.122	159.095	159.16	20	28556400000	190376
26/05/2022 12:00	159.158	160.306	159.006	159.777	20	28881000000	192540
26/05/2022 16:00	159.777	160.324	159.536	160.146	20	28661250000	191075
26/05/2022 20:00	160.146	160.276	159.949	159.993	20	16916100000	112774
27/05/2022 00:00	160.125	160.646	159.733	160.289	20	12260850000	348794
27/05/2022 04:00	160.288	160.62	160.125	160.444	20	24197700000	161318
27/05/2022 08:00	160.444	160.646	160.14	160.295	20	25120800000	167472
27/05/2022 12:00	160.294	160.55	159.814	160.372	20	26823900000	178826
27/05/2022 16:00	160.372	160.563	160.151	160.264	20	26733750000	178225
27/05/2022 20:00	160.269	160.597	160.208	160.587	20	12703050000	84687
30/05/2022 00:00	160.197	161.511	160.161	160.432	20	12826500000	281178
30/05/2022 04:00	160.432	160.705	160.327	160.599	20	23008950000	153393
30/05/2022 08:00	160.599	160.866	160.501	160.753	20	24876750000	165845
30/05/2022 12:00	160.753	161.493	160.753	161.343	20	23269650000	155131
30/05/2022 16:00	161.343	161.511	161.238	161.396	20	22152000000	147680
30/05/2022 20:00	161.397	161.493	161.153	161.211	20	17823450000	118823
31/05/2022 00:00	161.151	162.352	160.931	161.66	20	14101650000	317785
31/05/2022 04:00	161.658	161.796	161.269	161.418	20	18383850000	122559
31/05/2022 08:00	161.418	161.431	160.933	161.314	20	21451050000	143007
31/05/2022 12:00	161.314	161.642	161.04	161.605	20	23267100000	155114
31/05/2022 16:00	161.603	162.329	161.585	162.194	20	26079750000	173865
31/05/2022 20:00	162.193	162.352	161.898	162.063	20	13018800000	86792
01/06/2022 00:00	161.936	162.61	161.934	162.528	20	8209800000	54732
01/06/2022 04:00	162.528	162.75	162.374	162.569	20	21341550000	142277
01/06/2022 08:00	162.569	163.314	162.441	162.839	20	27821400000	185476
01/06/2022 12:00	162.839	163.077	162.678	162.766	20	23861850000	159079
01/06/2022 16:00	162.766	162.827	161.962	162.251	20	32571750000	217145
01/06/2022 20:00	162.251	162.675	162.207	162.364	20	19898700000	132658
02/06/2022 00:00	162.364	162.554	162.169	162.352	20	10704600000	71364
02/06/2022 04:00	162.352	162.418	162.118	162.365	20	18244050000	121627
02/06/2022 08:00	162.365	162.95	162.102	162.838	20	22146900000	147646
02/06/2022 12:00	162.836	162.898	162.568	162.75	20	24708750000	164725
02/06/2022 16:00	162.75	163.271	162.609	163.27	20	29334450000	195563
02/06/2022 20:00	163.27	163.41	163.139	163.17	20	16572900000	110486
03/06/2022 00:00	163.17	163.496	163.136	163.204	20	10547700000	70318
03/06/2022 04:00	163.204	163.37	163.052	163.212	20	18961800000	126412
03/06/2022 08:00	163.212	163.504	163.147	163.414	20	20935950000	139573
03/06/2022 12:00	163.413	163.664	163.296	163.571	20	25568700000	170458
03/06/2022 16:00	163.57	164.087	163.486	163.694	20	29767650000	198451
03/06/2022 20:00	163.694	163.734	163.306	163.422	20	14717100000	98114
06/06/2022 00:00	163.463	163.576	163.177	163.292	20	13027050000	86847
06/06/2022 04:00	163.292	163.314	162.898	163.31	20	22493700000	149958
06/06/2022 08:00	163.31	164.445	163.109	164.382	20	25145400000	167636
06/06/2022 12:00	164.382	164.43	163.902	164.217	20	19631400000	130876
06/06/2022 16:00	164.217	165.117	164.108	165.105	20	27426000000	182840
06/06/2022 20:00	165.105	165.465	165.076	165.186	20	16457850000	109719
07/06/2022 00:00	165.184	165.633	165.117	165.49	20	14626050000	97507
07/06/2022 04:00	165.491	166.128	165.491	166.059	20	24339000000	162260
07/06/2022 08:00	166.059	166.263	165.279	165.847	20	29710500000	198070
07/06/2022 12:00	165.848	166.157	165.705	165.813	20	26011050000	173407
07/06/2022 16:00	165.814	167.042	165.651	166.962	20	28124700000	187498
07/06/2022 20:00	166.962	167.099	166.646	166.857	20	16503150000	110021
08/06/2022 00:00	166.857	167.369	166.597	167.323	20	12043800000	80292
08/06/2022 04:00	167.323	167.431	167.005	167.318	20	24584100000	163894
08/06/2022 08:00	167.317	167.717	167.196	167.574	20	28756650000	191711
08/06/2022 12:00	167.574	168.522	167.41	168.348	20	28887600000	192584
08/06/2022 16:00	168.348	168.504	167.681	168.197	20	30425850000	202839
08/06/2022 20:00	168.197	168.386	167.949	168.102	20	17736750000	118245
09/06/2022 00:00	168.196	168.717	167.938	168.29	20	17032350000	113549
09/06/2022 04:00	168.29	168.361	167.908	168.097	20	22661700000	151078
09/06/2022 08:00	168.097	168.112	166.68	167.389	20	28401750000	189345
09/06/2022 12:00	167.389	168.082	166.939	167.645	20	30327750000	202185
09/06/2022 16:00	167.645	168.604	167.569	167.883	20	33443250000	222955
09/06/2022 20:00	167.882	168.065	167.627	167.722	20	19581150000	130541
10/06/2022 00:00	167.697	168.004	167.35	167.49	20	12588450000	83923
10/06/2022 04:00	167.49	167.706	167.329	167.699	20	20762400000	138416
10/06/2022 08:00	167.699	167.707	166.542	167.077	20	29690250000	197935
10/06/2022 12:00	167.077	167.143	165.784	165.874	20	28542450000	190283
10/06/2022 16:00	165.875	166.286	165.159	165.345	20	34743750000	231625
10/06/2022 20:00	165.345	165.603	165.213	165.495	20	23005350000	153369
13/06/2022 00:00	165.384	165.82	165.251	165.662	20	15760650000	105071
13/06/2022 04:00	165.662	166.117	165.322	165.87	20	22705350000	151369
13/06/2022 08:00	165.873	165.981	164.08	164.138	20	33796950000	225313
13/06/2022 12:00	164.138	164.434	163.348	163.456	20	32521200000	216808
13/06/2022 16:00	163.456	163.664	162.241	163.349	20	34966200000	233108
13/06/2022 20:00	163.349	163.388	162.825	163.039	20	26958300000	179722
14/06/2022 00:00	162.967	163.22	162.696	163.059	20	17599050000	117327
14/06/2022 04:00	163.059	164.308	162.815	163.885	20	31043250000	206955
14/06/2022 08:00	163.885	164.247	163.009	163.062	20	33448200000	222988
14/06/2022 12:00	163.062	163.224	162.213	162.522	20	33726750000	224845
14/06/2022 16:00	162.522	162.576	161.335	161.897	20	36922350000	246149
14/06/2022 20:00	161.897	162.514	161.522	162.485	20	26093400000	173956
15/06/2022 00:00	162.446	162.639	162.012	162.271	20	16745250000	111635
15/06/2022 04:00	162.271	162.821	162.071	162.097	20	25734000000	171560
15/06/2022 08:00	162.097	162.782	161.719	162.612	20	34917750000	232785
15/06/2022 12:00	162.612	163.092	162.318	162.489	20	34472550000	229817
15/06/2022 16:00	162.489	162.731	162.037	162.228	20	31634700000	210898
15/06/2022 20:00	162.228	163.156	162.113	162.862	20	31041450000	206943
16/06/2022 00:00	162.939	163.786	159.987	163.478	20	22418850000	604101
16/06/2022 04:00	163.478	163.786	163.038	163.25	20	24481950000	163213
16/06/2022 08:00	163.25	163.28	161.345	161.562	20	32424000000	216160
16/06/2022 12:00	161.562	162.52	159.987	162.278	20	36723750000	244825
16/06/2022 16:00	162.279	163.535	162.119	163.178	20	37480950000	249873
16/06/2022 20:00	163.176	163.78	162.891	163.151	20	28609050000	190727
17/06/2022 00:00	163.328	166.213	162.969	164.186	20	22635000000	631979
17/06/2022 04:00	164.186	165.727	162.969	164.689	20	31023450000	206823
17/06/2022 08:00	164.689	165.933	164.093	165.665	20	33610050000	224067
17/06/2022 12:00	165.663	166.213	164.93	165.08	20	33228300000	221522
17/06/2022 16:00	165.082	165.284	164.473	164.7	20	35770050000	238467
17/06/2022 20:00	164.699	165.031	164.657	164.945	20	24743250000	164955
20/06/2022 00:00	164.859	165.531	164.793	165.214	20	18950700000	126338
20/06/2022 04:00	165.214	165.336	164.461	165.111	20	30102450000	200683
20/06/2022 08:00	165.111	165.322	164.485	165.024	20	31500000000	210000
20/06/2022 12:00	165.024	165.652	164.913	165.461	20	25545450000	170303
20/06/2022 16:00	165.461	165.541	165.066	165.501	20	23294850000	155299
20/06/2022 20:00	165.501	165.562	165.235	165.235	20	9947100000	66314
21/06/2022 00:00	165.291	167.816	165.256	165.752	20	17716650000	360495
21/06/2022 04:00	165.752	165.863	165.602	165.712	20	22269600000	148464
21/06/2022 08:00	165.712	166.776	165.392	166.55	20	28078950000	187193
21/06/2022 12:00	166.55	167.228	166.331	167.108	20	30611700000	204078
21/06/2022 16:00	167.108	167.415	166.831	167.366	20	31017300000	206782
21/06/2022 20:00	167.366	167.816	167.285	167.599	20	18223350000	121489
22/06/2022 00:00	167.523	167.812	165.758	167.045	20	13767600000	385202
22/06/2022 04:00	167.045	167.055	166.482	166.628	20	18845550000	125637
22/06/2022 08:00	166.631	167.034	165.758	166.466	20	25391550000	169277
22/06/2022 12:00	166.466	167.046	166.031	166.395	20	26263800000	175092
22/06/2022 16:00	166.395	167.318	166.382	167.09	20	30477150000	203181
22/06/2022 20:00	167.09	167.441	166.941	167.009	20	18392100000	122614
23/06/2022 00:00	167.004	167.018	164.649	166.816	20	16288650000	450911
23/06/2022 04:00	166.816	166.818	165.628	165.972	20	27413550000	182757
23/06/2022 08:00	165.972	166.379	164.805	165.213	20	31499250000	209995
23/06/2022 12:00	165.213	165.819	164.983	165.237	20	30870750000	205805
23/06/2022 16:00	165.236	165.453	164.673	164.792	20	36298350000	241989
23/06/2022 20:00	164.792	165.598	164.648	165.25	20	20786100000	138574
24/06/2022 00:00	165.245	165.684	165.098	165.51	20	14274300000	95162
24/06/2022 04:00	165.51	165.613	165.176	165.509	20	16379700000	109198
24/06/2022 08:00	165.509	165.657	164.799	165.605	20	23560950000	157073
24/06/2022 12:00	165.605	166.301	165.476	165.975	20	24416100000	162774
24/06/2022 16:00	165.971	166.287	165.631	165.819	20	28624200000	190828
24/06/2022 20:00	165.819	166.127	165.726	165.95	20	12556350000	83709
27/06/2022 00:00	165.613	166.526	165.118	165.187	20	12498900000	335208
27/06/2022 04:00	165.187	165.724	165.135	165.453	20	19648950000	130993
27/06/2022 08:00	165.453	166.526	165.426	166.242	20	21877500000	145850
27/06/2022 12:00	166.242	166.262	165.798	165.948	18	21993600000	146624
27/06/2022 16:00	165.948	166.481	165.769	166.355	18	26208900000	174726
27/06/2022 20:00	166.355	166.358	166.072	166.078	18	13498650000	89991
28/06/2022 00:00	166.078	166.395	165.922	166.2	18	11718000000	78120
28/06/2022 04:00	166.2	166.327	165.71	166.02	18	16809150000	112061
28/06/2022 08:00	166.02	166.847	165.964	166.666	18	24787500000	165250
28/06/2022 12:00	166.666	166.925	166.26	166.424	18	25393500000	169290
28/06/2022 16:00	166.423	166.581	165.961	166.063	18	28018050000	186787
28/06/2022 20:00	166.063	166.148	165.762	165.762	18	15168150000	101121
29/06/2022 00:00	165.762	166.121	165.641	165.805	18	13754250000	91695
29/06/2022 04:00	165.805	166.281	165.735	165.927	18	18068850000	120459
29/06/2022 08:00	165.927	166.138	165.427	165.78	18	26319000000	175460
29/06/2022 12:00	165.78	166.205	165.701	165.965	18	26794350000	178629
29/06/2022 16:00	165.963	166.332	165.523	165.57	18	31250100000	208334
29/06/2022 20:00	165.57	165.726	165.392	165.511	18	14681850000	97879
30/06/2022 00:00	165.511	165.816	165.295	165.622	18	13843650000	92291
30/06/2022 04:00	165.622	165.811	165.431	165.592	18	17071350000	113809
30/06/2022 08:00	165.592	165.793	165.064	165.404	18	26918100000	179454
30/06/2022 12:00	165.404	165.421	164.802	165.034	18	24833700000	165558
30/06/2022 16:00	165.032	165.653	164.809	165.198	18	30207600000	201384
30/06/2022 20:00	165.197	165.317	164.96	165.104	18	16913550000	112757
01/07/2022 00:00	165.104	165.312	164.851	165.235	18	11265300000	75102
01/07/2022 04:00	165.235	165.249	163.496	163.713	18	22336950000	148913
01/07/2022 08:00	163.712	164.34	163.257	163.966	18	26575500000	177170
01/07/2022 12:00	163.966	164.237	162.3	162.416	18	27231750000	181545
01/07/2022 16:00	162.416	163.189	161.567	162.944	18	31883250000	212555
01/07/2022 20:00	162.942	163.713	162.884	163.529	18	13353150000	89021
04/07/2022 00:00	163.721	163.968	163.271	163.326	18	17175450000	114503
04/07/2022 04:00	163.326	163.508	162.996	163.39	18	24569250000	163795
04/07/2022 08:00	163.391	164.277	163.367	164.044	18	27690600000	184604
04/07/2022 12:00	164.044	164.642	163.942	164.555	18	23140500000	154270
04/07/2022 16:00	164.555	164.741	164.147	164.341	18	21562800000	143752
04/07/2022 20:00	164.341	164.37	164.066	164.066	18	10263900000	68426
05/07/2022 00:00	163.941	165.272	161.577	164.76	18	18299250000	422231
05/07/2022 04:00	164.76	165.272	164.631	165.028	18	23125650000	154171
05/07/2022 08:00	165.027	165.215	163.512	163.602	18	29600700000	197338
05/07/2022 12:00	163.602	163.696	162.448	162.592	18	31830300000	212202
05/07/2022 16:00	162.589	162.722	161.577	161.853	18	34982250000	233215
05/07/2022 20:00	161.853	162.53	161.773	162.301	18	19777950000	131853
06/07/2022 00:00	162.166	162.575	160.382	162.301	18	16094550000	432134
06/07/2022 04:00	162.301	162.32	161.427	161.517	18	25555950000	170373
06/07/2022 08:00	161.517	162.575	160.879	161.703	18	32910150000	219401
06/07/2022 12:00	161.703	161.785	160.382	160.783	18	32738250000	218255
06/07/2022 16:00	160.783	161.957	160.736	161.661	18	19704000000	131360
06/07/2022 20:00	161.662	162.238	161.65	162.027	18	15273900000	101826
07/07/2022 00:00	161.897	163.621	161.574	161.902	18	12285600000	304112
07/07/2022 04:00	161.902	162.297	161.574	162.101	18	15426300000	102842
07/07/2022 08:00	162.102	163.258	162.009	162.916	18	17965050000	119767
07/07/2022 12:00	162.916	163.426	162.24	162.599	18	18658050000	124387
07/07/2022 16:00	162.599	163.354	162.33	163.344	18	18843900000	125626
07/07/2022 20:00	163.344	163.621	163.184	163.422	18	11368200000	75788
08/07/2022 00:00	163.422	163.929	163.366	163.82	18	9557100000	63714
08/07/2022 04:00	163.82	163.894	162.669	162.751	18	16971750000	113145
08/07/2022 08:00	162.751	162.975	161.814	161.988	18	18214050000	121427
08/07/2022 12:00	161.988	163.569	161.888	163.517	18	19511700000	130078
08/07/2022 16:00	163.517	163.909	163.057	163.651	18	18776400000	125176
08/07/2022 20:00	163.651	163.82	163.543	163.77	18	11229300000	74862
11/07/2022 00:00	163.264	164.461	163.022	163.861	18	9751650000	271934
11/07/2022 04:00	163.861	164.461	163.706	164.214	18	15421950000	102813
11/07/2022 08:00	164.214	164.337	163.489	163.899	16	17503800000	113732
11/07/2022 12:00	163.899	164.151	163.576	164.04	16	34204500000	114015
11/07/2022 16:00	164.04	164.119	163.022	163.265	18	37176600000	123922
11/07/2022 20:00	163.265	163.538	163.234	163.298	18	25863900000	86213
12/07/2022 00:00	163.442	163.542	163.086	163.195	21	23670300000	78901
12/07/2022 04:00	163.195	163.239	162.716	162.876	21	33429300000	111431
12/07/2022 08:00	162.876	163.192	162.005	162.309	18	36804900000	122683
12/07/2022 12:00	162.309	162.362	161.825	162.064	18	37590300000	125301
12/07/2022 16:00	162.065	162.885	161.973	162.783	18	37282500000	124275
12/07/2022 20:00	162.778	162.863	162.508	162.624	18	25390500000	84635
13/07/2022 00:00	162.624	162.789	162.347	162.66	21	18619200000	62064
13/07/2022 04:00	162.66	163.396	162.656	163.096	21	32452800000	108176
13/07/2022 08:00	163.096	163.716	162.87	163.079	18	36090000000	120300
13/07/2022 12:00	163.079	163.674	162.845	163.102	18	34312200000	114374
13/07/2022 16:00	163.101	164.109	162.987	163.577	18	42013800000	140046
13/07/2022 20:00	163.577	163.635	163.14	163.141	18	29549400000	98498
14/07/2022 00:00	163.079	163.606	163.071	163.53	21	22078800000	73596
14/07/2022 04:00	163.532	164.009	163.388	163.952	21	33373800000	111246
14/07/2022 08:00	163.952	165.184	163.909	164.687	18	37733700000	125779
14/07/2022 12:00	164.687	164.883	164.004	164.335	18	39213900000	130713
14/07/2022 16:00	164.332	164.382	163.638	163.664	18	40785600000	135952
14/07/2022 20:00	163.664	164.35	163.564	164.215	18	31924800000	106416
15/07/2022 00:00	164.181	164.611	164.087	164.217	21	19630200000	65434
15/07/2022 04:00	164.217	164.692	164.158	164.479	21	30790800000	102636
15/07/2022 08:00	164.479	164.481	163.633	164.185	12	35427300000	118091
15/07/2022 12:00	164.167	164.411	163.996	164.166	12	35177700000	117259
15/07/2022 16:00	164.166	164.544	163.991	164.257	12	38369400000	127898
15/07/2022 20:00	164.255	164.419	164.158	164.333	12	22967700000	76559
18/07/2022 00:00	164.359	164.527	164.162	164.185	21	18214800000	60716
18/07/2022 04:00	164.185	164.729	164.171	164.413	21	28738500000	95795
18/07/2022 08:00	164.413	165.15	164.247	164.977	12	33744300000	112481
18/07/2022 12:00	164.981	165.79	164.941	165.67	12	33180900000	110603
18/07/2022 16:00	165.67	166.089	165.35	165.351	12	35903100000	119677
18/07/2022 20:00	165.353	165.376	164.918	165.074	12	27394800000	91316
19/07/2022 00:00	165.074	165.302	164.847	164.98	21	27335700000	91119
19/07/2022 04:00	164.98	165.108	164.711	164.95	21	28202100000	94007
19/07/2022 08:00	164.95	165.605	164.799	165.535	12	35538000000	118460
19/07/2022 12:00	165.535	165.559	165.12	165.325	12	34614300000	115381
19/07/2022 16:00	165.326	165.974	165.2	165.744	12	35777100000	119257
19/07/2022 20:00	165.744	165.907	165.626	165.671	12	25196100000	83987
20/07/2022 00:00	165.633	166.237	165.603	165.994	21	20716500000	69055
20/07/2022 04:00	165.992	166.192	165.656	165.987	21	27705300000	92351
20/07/2022 08:00	165.987	166.18	165.587	165.961	12	35124300000	117081
20/07/2022 12:00	165.963	166.186	165.117	165.442	12	35525100000	118417
20/07/2022 16:00	165.436	165.881	165.323	165.508	12	36071400000	120238
20/07/2022 20:00	165.505	165.642	165.271	165.409	12	26886900000	89623
21/07/2022 00:00	165.393	165.828	165.375	165.694	21	17743800000	59146
21/07/2022 04:00	165.694	165.981	165.408	165.777	21	32411700000	108039
21/07/2022 08:00	165.777	165.922	165.106	165.54	12	36127800000	120426
21/07/2022 12:00	165.54	165.954	165.285	165.85	12	38930100000	129767
21/07/2022 16:00	165.851	165.892	164.53	164.854	12	38473200000	128244
21/07/2022 20:00	164.854	164.962	164.47	164.535	12	25992900000	86643
22/07/2022 00:00	164.805	164.968	164.348	164.64	21	22156200000	73854
22/07/2022 04:00	164.643	164.875	164.464	164.839	21	29107500000	97025
22/07/2022 08:00	164.839	165.142	164.036	164.545	12	35290200000	117634
22/07/2022 12:00	164.545	164.613	163.376	163.648	12	37627200000	125424
22/07/2022 16:00	163.647	163.887	163.397	163.516	12	38816100000	129387
22/07/2022 20:00	163.516	163.525	162.992	163.379	12	29476200000	98254
25/07/2022 00:00	163.252	165.081	162.987	163.322	21	18369600000	329802
25/07/2022 04:00	163.322	163.481	162.987	163.207	21	30357600000	101192
25/07/2022 08:00	163.207	164.078	163.108	164.057	12	33720300000	112401
25/07/2022 12:00	164.06	165.008	163.971	164.808	12	34427100000	114757
25/07/2022 16:00	164.807	165.08	164.282	164.727	12	34987200000	116624
25/07/2022 20:00	164.727	164.816	164.447	164.48	12	22203900000	74013
26/07/2022 00:00	164.574	164.637	164.279	164.51	21	16514400000	55048
26/07/2022 04:00	164.51	164.954	164.452	164.711	21	26708100000	89027
26/07/2022 08:00	164.711	164.966	164.201	164.308	12	31764600000	105882
26/07/2022 12:00	164.308	164.329	163.464	163.845	12	34947600000	116492
26/07/2022 16:00	163.848	164.622	163.569	164.281	12	36735900000	122453
26/07/2022 20:00	164.281	164.781	164.242	164.503	12	24623400000	82078
27/07/2022 00:00	164.571	166.331	164.496	165.082	21	21667500000	362184
27/07/2022 04:00	165.081	165.213	164.88	165.212	21	26721300000	89071
27/07/2022 08:00	165.212	165.284	164.871	164.975	12	32193600000	107312
27/07/2022 12:00	164.975	165.183	164.733	164.959	12	32622000000	108740
27/07/2022 16:00	164.959	165.436	164.788	165.351	12	35370000000	117900
27/07/2022 20:00	165.352	166.331	165.144	165.923	12	34371900000	114573
28/07/2022 00:00	165.875	166.068	165.354	165.404	21	25167000000	83890
28/07/2022 04:00	165.404	165.411	164.518	164.707	21	32937900000	109793
28/07/2022 08:00	164.707	165.28	164.569	164.901	12	35261100000	117537
28/07/2022 12:00	164.89	164.894	163.417	163.523	12	37054800000	123516
28/07/2022 16:00	163.523	163.625	162.855	163.144	12	39285000000	130950
28/07/2022 20:00	163.144	163.598	163.127	163.484	12	26420700000	88069
29/07/2022 00:00	163.484	163.893	163.257	163.73	21	24421800000	81406
29/07/2022 04:00	163.728	163.789	162.137	162.556	21	34152000000	113840
29/07/2022 08:00	162.555	162.624	161.534	161.831	12	38379300000	127931
29/07/2022 12:00	161.827	162.662	161.753	162.421	12	36823500000	122745
29/07/2022 16:00	162.416	162.686	161.882	162.211	12	38445000000	128150
29/07/2022 20:00	162.211	162.425	162.017	162.209	12	23925000000	79750
01/08/2022 00:00	162.111	162.493	161.713	161.746	21	21077100000	70257
01/08/2022 04:00	161.746	161.81	161.031	161.524	21	30547800000	101826
01/08/2022 08:00	161.526	161.886	161.065	161.853	12	33516300000	111721
01/08/2022 12:00	161.854	162.081	161.553	161.727	12	35131800000	117106
01/08/2022 16:00	161.727	162.205	161.467	161.755	12	38433000000	128110
01/08/2022 20:00	161.755	161.765	161.127	161.13	12	26748300000	89161
02/08/2022 00:00	161.064	161.462	160.306	160.646	21	17948700000	59829
02/08/2022 04:00	160.646	160.651	160.018	160.105	21	33156000000	110520
02/08/2022 08:00	160.105	160.318	159.434	159.545	12	37779600000	125932
02/08/2022 12:00	159.548	160.148	159.51	159.786	12	35123100000	117077
02/08/2022 16:00	159.786	161.787	159.767	161.533	12	39563400000	131878
02/08/2022 20:00	161.534	162	161.428	161.904	12	31758000000	105860
03/08/2022 00:00	161.976	162.553	161.672	162.504	21	28005900000	93353
03/08/2022 04:00	162.507	162.675	161.198	161.641	21	34950900000	116503
03/08/2022 08:00	161.641	162.619	161.634	162.205	12	37040400000	123468
03/08/2022 12:00	162.208	162.904	161.922	162.621	12	36137400000	120458
03/08/2022 16:00	162.62	163.055	162.223	162.854	12	39239100000	130797
03/08/2022 20:00	162.854	163.003	162.41	162.477	12	26831700000	89439
04/08/2022 00:00	162.478	162.834	162.299	162.455	21	14902500000	49675
04/08/2022 04:00	162.455	162.756	162.252	162.513	21	28182300000	93941
04/08/2022 08:00	162.512	163.424	162.502	163.369	12	33655800000	112186
04/08/2022 12:00	163.368	163.922	161.139	161.727	12	36541800000	121806
04/08/2022 16:00	161.732	162.035	161.105	161.64	12	39180000000	130600
04/08/2022 20:00	161.637	162.025	161.538	161.538	12	29438700000	98129
05/08/2022 00:00	161.443	161.854	161.098	161.392	21	20749800000	69166
05/08/2022 04:00	161.392	161.879	161.366	161.86	21	26160300000	87201
05/08/2022 08:00	161.86	162.171	161.576	161.614	12	32514000000	108380
05/08/2022 12:00	161.614	162.442	161.277	161.968	12	33874800000	112916
05/08/2022 16:00	161.969	163.363	161.945	163.205	12	39197100000	130657
05/08/2022 20:00	163.209	163.322	162.721	162.995	12	28746600000	95822
08/08/2022 00:00	162.933	163.337	162.757	163.169	21	21527400000	71758
08/08/2022 04:00	163.169	163.453	162.962	163.328	21	29493900000	98313
08/08/2022 08:00	163.328	163.839	163.176	163.297	12	33358500000	111195
08/08/2022 12:00	163.297	163.508	162.901	163.442	12	33562500000	111875
08/08/2022 16:00	163.444	163.455	162.575	162.578	12	36070800000	120236
08/08/2022 20:00	162.578	163.169	162.558	162.934	12	25461600000	84872
09/08/2022 00:00	163.071	163.667	162.612	162.899	21	26639700000	326122
09/08/2022 04:00	162.899	163.14	162.612	163.021	21	26406000000	88020
09/08/2022 08:00	163.021	163.515	162.69	163.472	12	31278000000	104260
09/08/2022 12:00	163.473	163.67	163.21	163.35	12	33414900000	111383
09/08/2022 16:00	163.344	163.592	163.013	163.157	12	35115300000	117051
09/08/2022 20:00	163.153	163.247	162.925	162.986	12	22306800000	74356
10/08/2022 00:00	163.159	163.6	161.67	163.178	21	18208500000	338470
10/08/2022 04:00	163.178	163.248	162.956	163.107	21	26181300000	87271
10/08/2022 08:00	163.107	163.383	162.976	163.247	12	29620800000	98736
10/08/2022 12:00	163.247	163.6	161.866	162.683	12	32901000000	109670
10/08/2022 16:00	162.681	162.914	161.67	162.334	12	38868000000	129560
10/08/2022 20:00	162.335	162.757	162.061	162.215	12	26656800000	88856
11/08/2022 00:00	162.512	162.512	161.257	162.089	21	21147900000	373710
11/08/2022 04:00	162.089	162.444	162.067	162.283	21	28892700000	96309
11/08/2022 08:00	162.283	162.405	161.877	162.22	12	34103400000	113678
11/08/2022 12:00	162.22	162.222	161.257	161.422	12	36271200000	120904
11/08/2022 16:00	161.418	162.37	161.378	162.301	12	38551800000	128506
11/08/2022 20:00	162.301	162.381	162.095	162.248	12	28846200000	96154
12/08/2022 00:00	162.221	162.542	162.104	162.379	21	17567100000	58557
12/08/2022 04:00	162.379	162.6	162.271	162.408	21	29331900000	97773
12/08/2022 08:00	162.408	162.789	162.153	162.256	12	32544600000	108482
12/08/2022 12:00	162.256	162.449	161.797	161.903	12	35598900000	118663
12/08/2022 16:00	161.905	162.152	161.809	162.023	12	36974700000	123249
12/08/2022 20:00	162.023	162.138	161.795	162.004	12	21462000000	71540
15/08/2022 00:00	161.838	162.068	160.345	161.53	21	18072600000	303560
15/08/2022 04:00	161.53	161.678	161.332	161.365	21	28872600000	96242
15/08/2022 08:00	161.365	161.646	160.952	161.028	12	32097300000	106991
15/08/2022 12:00	161.028	161.261	160.342	160.401	12	34549500000	115165
15/08/2022 16:00	160.402	161.025	160.347	160.885	12	33194100000	110647
15/08/2022 20:00	160.881	160.953	160.577	160.665	12	22173600000	73912
16/08/2022 00:00	160.616	160.701	160.081	160.353	21	23423100000	78077
16/08/2022 04:00	160.353	160.863	160.349	160.816	21	27888000000	92960
16/08/2022 08:00	160.816	161.31	160.571	161.218	12	33868500000	112895
16/08/2022 12:00	161.223	162.305	161.127	162.248	12	34937400000	116458
16/08/2022 16:00	162.248	162.738	162.049	162.368	12	33798900000	112663
16/08/2022 20:00	162.372	162.519	162.14	162.234	12	22239900000	74133
17/08/2022 00:00	162.163	162.648	162.04	162.393	21	23083500000	76945
17/08/2022 04:00	162.398	162.584	162.167	162.569	21	28155000000	93850
17/08/2022 08:00	162.569	163.384	162.469	163.16	12	34548600000	115162
17/08/2022 12:00	163.159	163.362	162.883	162.967	12	34641000000	115470
17/08/2022 16:00	162.967	163.564	162.782	163.021	12	35473200000	118244
17/08/2022 20:00	163.016	163.212	162.61	162.623	12	27892800000	92976
18/08/2022 00:00	162.623	162.85	162.416	162.454	21	20811600000	69372
18/08/2022 04:00	162.454	162.676	162.355	162.615	21	26847900000	89493
18/08/2022 08:00	162.615	163.071	162.273	162.885	12	33843300000	112811
18/08/2022 12:00	162.885	163.239	162.42	162.573	12	34563900000	115213
18/08/2022 16:00	162.576	162.627	161.673	161.899	12	35601300000	118671
18/08/2022 20:00	161.894	162.268	161.894	162.032	12	24187500000	80625
19/08/2022 00:00	162.032	162.413	161.899	162.242	21	25043400000	83478
19/08/2022 04:00	162.242	162.454	162.065	162.176	21	26958900000	89863
19/08/2022 08:00	162.178	162.831	162.091	162.338	12	32144100000	107147
19/08/2022 12:00	162.338	162.369	161.849	162.095	12	35090700000	116969
19/08/2022 16:00	162.095	162.192	161.629	161.851	12	34622100000	115407
19/08/2022 20:00	161.851	161.985	161.642	161.957	12	21790500000	72635
22/08/2022 00:00	161.831	162.134	161.681	162.061	21	19175400000	63918
22/08/2022 04:00	162.068	162.521	162.063	162.352	21	28270500000	94235
22/08/2022 08:00	162.352	162.394	161.149	161.748	12	34031400000	113438
22/08/2022 12:00	161.743	162.179	161.425	162.119	12	34167300000	113891
22/08/2022 16:00	162.119	162.149	161.581	161.845	12	35927700000	119759
22/08/2022 20:00	161.845	161.856	161.544	161.721	12	22976400000	76588
23/08/2022 00:00	161.721	162.048	161.56	161.588	21	13701600000	45672
23/08/2022 04:00	161.589	161.78	161.369	161.486	21	19354200000	64514
23/08/2022 08:00	161.486	161.651	160.795	161.593	12	29169600000	97232
23/08/2022 12:00	161.593	161.799	161.417	161.783	12	26133000000	87110
23/08/2022 16:00	161.778	162.307	161.197	161.65	12	32486700000	108289
23/08/2022 20:00	161.65	161.899	161.598	161.76	12	17776500000	59255
24/08/2022 00:00	161.799	161.883	160.831	161.702	21	17333700000	311762
24/08/2022 04:00	161.702	161.81	161.147	161.377	21	21601800000	72006
24/08/2022 08:00	161.377	161.807	161.228	161.323	12	25964100000	86547
24/08/2022 12:00	161.323	161.37	160.831	161.112	12	30004200000	100014
24/08/2022 16:00	161.112	161.762	161.079	161.534	12	32706300000	109021
24/08/2022 20:00	161.534	161.801	161.49	161.682	12	16181400000	53938
25/08/2022 00:00	161.743	161.776	161.528	161.733	21	19010100000	63367
25/08/2022 04:00	161.733	161.775	161.475	161.711	21	24691200000	82304
25/08/2022 08:00	161.711	161.985	161.471	161.621	12	33703800000	112346
25/08/2022 12:00	161.621	161.742	161.308	161.541	12	34208700000	114029
25/08/2022 16:00	161.539	161.91	161.331	161.505	12	36275400000	120918
25/08/2022 20:00	161.505	161.601	161.313	161.33	12	25833900000	86113
26/08/2022 00:00	161.369	161.584	161.336	161.46	21	14004000000	46680
26/08/2022 04:00	161.46	161.708	161.429	161.564	21	18500400000	61668
26/08/2022 08:00	161.566	161.682	161.272	161.557	12	32150100000	107167
26/08/2022 12:00	161.561	162.133	161.556	161.992	12	32892600000	109642
26/08/2022 16:00	161.99	162.673	161.216	161.396	12	40927800000	136426
26/08/2022 20:00	161.395	161.669	161.221	161.596	12	29838600000	99462
29/08/2022 00:00	161.329	161.769	161.326	161.601	21	21039600000	70132
29/08/2022 04:00	161.601	161.863	161.458	161.828	21	29246100000	97487
29/08/2022 08:00	161.828	162.185	161.687	161.695	12	34696200000	115654
29/08/2022 12:00	161.693	162.445	161.587	162.276	12	35495400000	118318
29/08/2022 16:00	162.276	162.639	162.103	162.622	12	37430100000	124767
29/08/2022 20:00	162.622	162.644	162.263	162.341	12	26082000000	86940
30/08/2022 00:00	162.399	162.548	162.107	162.26	21	17330400000	57768
30/08/2022 04:00	162.259	162.353	161.95	162.091	21	25604700000	85349
30/08/2022 08:00	162.091	162.58	161.95	162.309	12	36196200000	120654
30/08/2022 12:00	162.311	162.566	161.77	162.002	12	36632400000	122108
30/08/2022 16:00	162.001	162.23	161.486	161.581	12	39775500000	132585
30/08/2022 20:00	161.581	161.835	161.561	161.737	12	27578100000	91927
31/08/2022 00:00	161.737	161.815	161.5	161.727	21	23838000000	79460
31/08/2022 04:00	161.727	161.896	161.537	161.776	21	28289700000	94299
31/08/2022 08:00	161.777	161.89	161.281	161.313	12	35405400000	118018
31/08/2022 12:00	161.312	161.526	160.891	161.284	12	36700500000	122335
31/08/2022 16:00	161.284	161.562	160.972	161.247	12	39478500000	131595
31/08/2022 20:00	161.248	161.513	161.078	161.473	12	29019900000	96733
01/09/2022 00:00	161.473	161.654	161.167	161.551	21	23452200000	78174
01/09/2022 04:00	161.551	161.703	161.435	161.5	21	23269500000	77565
01/09/2022 08:00	161.5	161.699	161.269	161.451	12	35922000000	119740
01/09/2022 12:00	161.453	161.517	160.967	161.38	12	35789400000	119298
01/09/2022 16:00	161.383	161.645	161.069	161.515	12	38372700000	127909
01/09/2022 20:00	161.518	161.861	161.495	161.821	12	25378200000	84594
02/09/2022 00:00	161.821	161.855	161.612	161.795	21	17475900000	58253
02/09/2022 04:00	161.795	162.115	161.664	162.091	21	25527000000	85090
02/09/2022 08:00	162.091	162.218	161.868	162.149	12	32669700000	108899
02/09/2022 12:00	162.149	162.488	162.062	162.22	12	35996700000	119989
02/09/2022 16:00	162.214	162.36	161.473	161.588	12	38704500000	129015
02/09/2022 20:00	161.588	161.588	161.145	161.284	12	29424900000	98083
05/09/2022 00:00	160.72	161.368	160.72	161.065	21	20771700000	69239
05/09/2022 04:00	161.065	161.16	160.8	160.897	21	30378300000	101261
05/09/2022 08:00	160.897	161.482	160.656	161.474	12	36663600000	122212
05/09/2022 12:00	161.474	161.786	161.425	161.541	12	34766100000	115887
05/09/2022 16:00	161.541	161.921	161.541	161.816	12	26743500000	89145
05/09/2022 20:00	161.816	161.946	161.789	161.835	12	13155900000	43853
06/09/2022 00:00	161.833	162.641	161.759	162.582	21	24204300000	80681
06/09/2022 04:00	162.582	162.987	162.514	162.936	21	28949400000	96498
06/09/2022 08:00	162.938	164.297	162.854	163.984	12	36943200000	123144
06/09/2022 12:00	163.99	164.578	163.852	164.394	12	36403500000	121345
06/09/2022 16:00	164.392	165.095	164.128	164.795	12	40075500000	133585
06/09/2022 20:00	164.795	164.813	164.387	164.434	12	28977000000	96590
07/09/2022 00:00	164.434	165.242	164.24	164.272	21	23310600000	77702
07/09/2022 04:00	164.272	165.429	164.182	165.269	21	35141700000	117139
07/09/2022 08:00	165.271	165.862	165.034	165.602	12	36334800000	121116
07/09/2022 12:00	165.602	166.008	165.217	165.547	12	38022600000	126742
07/09/2022 16:00	165.546	165.946	165.185	165.868	12	38884200000	129614
07/09/2022 20:00	165.867	166.01	165.662	165.748	12	29172000000	97240
08/09/2022 00:00	165.522	166.303	165.471	166.067	21	21835500000	72785
08/09/2022 04:00	166.067	166.068	165.391	165.67	21	29748900000	99163
08/09/2022 08:00	165.669	165.81	164.873	165.577	12	35480400000	118268
08/09/2022 12:00	165.577	165.936	165.217	165.782	12	35507100000	118357
08/09/2022 16:00	165.781	165.785	165.242	165.464	12	40348500000	134495
08/09/2022 20:00	165.464	165.774	165.44	165.745	12	28797600000	95992
09/09/2022 00:00	165.745	166.047	165.576	165.976	21	24780000000	82600
09/09/2022 04:00	165.976	166.236	165.149	165.497	21	34496100000	114987
09/09/2022 08:00	165.495	165.797	165.073	165.082	12	37108500000	123695
09/09/2022 12:00	165.076	165.274	164.296	164.767	12	37839600000	126132
09/09/2022 16:00	164.767	165.449	164.606	165.369	12	37920900000	126403
09/09/2022 20:00	165.371	165.443	165.127	165.219	12	23823300000	79411
12/09/2022 00:00	165.376	165.884	165.178	165.814	21	20210100000	67367
12/09/2022 04:00	165.814	166.241	165.374	166.147	21	28847100000	96157
12/09/2022 08:00	166.147	167.034	166.137	166.816	12	36142800000	120476
12/09/2022 12:00	166.816	166.887	166.366	166.631	12	35383200000	117944
12/09/2022 16:00	166.63	166.962	166.414	166.512	12	36511200000	121704
12/09/2022 20:00	166.504	166.879	166.494	166.827	12	25698600000	85662
13/09/2022 00:00	166.753	167.002	166.502	166.592	21	18054300000	60181
13/09/2022 04:00	166.592	166.747	166.408	166.545	21	27528900000	91763
13/09/2022 08:00	166.545	166.929	166.354	166.63	12	33111000000	110370
13/09/2022 12:00	166.634	167.708	166.064	166.862	12	34604400000	115348
13/09/2022 16:00	166.862	166.876	166.105	166.292	12	40371600000	134572
13/09/2022 20:00	166.292	166.426	165.997	166.077	12	29956200000	99854
14/09/2022 00:00	166.06	166.507	165.794	166.103	21	22356600000	74522
14/09/2022 04:00	166.103	166.428	165.589	165.737	21	29431200000	98104
14/09/2022 08:00	165.737	165.818	164.81	165.372	12	37756800000	125856
14/09/2022 12:00	165.372	165.855	165.14	165.278	12	38619300000	128731
14/09/2022 16:00	165.274	165.396	164.74	165.298	12	38439600000	128132
14/09/2022 20:00	165.298	165.522	165.039	165.123	12	27984600000	93282
15/09/2022 00:00	165.123	165.211	164.84	165.081	21	16255200000	54184
15/09/2022 04:00	165.081	165.442	164.781	165.362	21	28686000000	95620
15/09/2022 08:00	165.364	165.727	165.19	165.339	12	33974100000	113247
15/09/2022 12:00	165.339	165.343	164.752	164.944	12	36139500000	120465
15/09/2022 16:00	164.944	165.141	164.578	164.741	12	38862000000	129540
15/09/2022 20:00	164.741	164.878	164.46	164.46	12	27632700000	92109
16/09/2022 00:00	164.46	164.57	163.931	164.027	21	14953200000	49844
16/09/2022 04:00	164.027	164.492	163.978	164.271	21	25503900000	85013
16/09/2022 08:00	164.269	164.443	162.735	162.988	12	34853400000	116178
16/09/2022 12:00	162.994	163.444	162.843	163.035	12	34700400000	115668
16/09/2022 16:00	163.036	163.602	162.819	163.004	12	38157300000	127191
16/09/2022 20:00	163.004	163.336	162.803	163.266	12	28457400000	94858
19/09/2022 00:00	163.137	163.425	163.059	163.287	21	16771800000	55906
19/09/2022 04:00	163.287	163.393	163.108	163.289	21	23556600000	78522
19/09/2022 08:00	163.289	163.449	163.053	163.056	12	29257800000	97526
19/09/2022 12:00	163.06	163.436	162.929	163.141	12	31487400000	104958
19/09/2022 16:00	163.141	163.658	162.984	163.529	12	35529600000	118432
19/09/2022 20:00	163.524	163.828	163.469	163.685	12	26172000000	87240
20/09/2022 00:00	163.506	163.937	163.481	163.663	21	19317600000	64392
20/09/2022 04:00	163.662	163.849	163.368	163.748	21	28163700000	93879
20/09/2022 08:00	163.748	164.434	163.67	164.228	12	33458100000	111527
20/09/2022 12:00	164.224	164.425	163.847	164.047	12	35103600000	117012
20/09/2022 16:00	164.043	164.159	163.365	163.46	12	36810000000	122700
20/09/2022 20:00	163.46	163.616	163.129	163.552	12	29610900000	98703
21/09/2022 00:00	163.552	163.552	163.266	163.44	21	22509000000	75030
21/09/2022 04:00	163.44	163.758	163.362	163.73	21	30914100000	103047
21/09/2022 08:00	163.73	163.938	162.303	162.866	12	39042900000	130143
21/09/2022 12:00	162.866	163.509	162.847	163.321	12	35720700000	119069
21/09/2022 16:00	163.317	163.498	163.054	163.379	12	36521400000	121738
21/09/2022 20:00	163.373	163.415	162.228	162.348	12	36418800000	121396
22/09/2022 00:00	162.099	162.709	161.92	162.139	21	20806500000	69355
22/09/2022 04:00	162.139	163.206	161.418	162.798	21	36023100000	120077
22/09/2022 08:00	162.798	164.428	159.574	160.915	12	39193200000	130644
22/09/2022 12:00	160.915	161.949	159.105	159.487	12	40311000000	134370
22/09/2022 16:00	159.473	160.519	159.286	160.349	12	39731700000	132439
22/09/2022 20:00	160.349	160.388	160.106	160.211	12	32861100000	109537
23/09/2022 00:00	160.232	160.438	160.068	160.076	21	24968400000	83228
23/09/2022 04:00	160.076	160.1	159.417	159.809	21	29675700000	98919
23/09/2022 08:00	159.809	159.895	158.825	159.646	12	35031000000	116770
23/09/2022 12:00	159.647	160.099	157.446	158.11	12	40611600000	135372
23/09/2022 16:00	158.108	158.424	155.643	156.012	12	40037100000	133457
23/09/2022 20:00	156.012	156.137	155.332	155.601	12	32543700000	108479
26/09/2022 00:00	155.036	155.604	149.41	149.527	21	26842200000	89474
26/09/2022 04:00	149.538	152.369	148.696	151.848	21	40431600000	134772
26/09/2022 08:00	151.848	154.968	151.665	154.675	12	41019600000	136732
26/09/2022 12:00	154.675	157.208	153.759	156.531	12	40026900000	133423
26/09/2022 16:00	156.537	156.823	153.671	154.384	12	41502000000	138340
26/09/2022 20:00	154.385	154.923	154.028	154.679	12	36359100000	121197
27/09/2022 00:00	154.635	155.829	154.098	155.547	21	25978500000	86595
27/09/2022 04:00	155.545	155.917	155.272	155.637	21	38970000000	129900
27/09/2022 08:00	155.637	156.356	155.418	156.031	12	39651900000	132173
27/09/2022 12:00	156.034	156.192	155.657	155.857	12	38362800000	127876
27/09/2022 16:00	155.858	156.163	154.411	154.586	12	41496600000	138322
27/09/2022 20:00	154.586	155.449	154.34	155.362	12	35459700000	118199
28/09/2022 00:00	155.362	155.453	154.687	154.743	21	24978300000	83261
28/09/2022 04:00	154.74	154.803	153.777	154.052	21	39198300000	130661
28/09/2022 08:00	154.051	154.852	153.988	154.686	12	40854900000	136183
28/09/2022 12:00	154.688	156.654	152.544	154.301	12	41659500000	138865
28/09/2022 16:00	154.303	156.671	153.529	156.619	12	41909400000	139698
28/09/2022 20:00	156.624	157.084	156.506	156.904	12	35103900000	117013
29/09/2022 00:00	156.952	156.952	155.88	155.88	21	29459400000	98198
29/09/2022 04:00	155.879	156.247	155.598	156.142	21	39361800000	131206
29/09/2022 08:00	156.142	156.496	155.638	156.306	12	41191200000	137304
29/09/2022 12:00	156.304	157.649	156.287	157.421	12	41076000000	136920
29/09/2022 16:00	157.423	160.239	157.423	159.818	12	41688900000	138963
29/09/2022 20:00	159.819	160.579	159.5	160.406	12	35740200000	119134
30/09/2022 00:00	160.405	161.723	160.334	161.404	21	27894900000	92983
30/09/2022 04:00	161.403	161.578	160.216	160.58	21	38641800000	128806
30/09/2022 08:00	160.575	162.169	160.326	161.822	12	40878000000	136260
30/09/2022 12:00	161.824	161.872	159.42	159.959	12	41784600000	139282
30/09/2022 16:00	159.962	161.684	159.712	161.052	12	41325900000	137753
30/09/2022 20:00	161.052	161.83	160.93	161.525	12	33855900000	112853
03/10/2022 00:00	161.434	161.909	160.767	161.096	21	21932700000	73109
03/10/2022 04:00	161.096	161.592	160.557	160.782	21	34695000000	115650
03/10/2022 08:00	160.782	163.279	160.729	162.587	12	39269100000	130897
03/10/2022 12:00	162.582	162.756	162.087	162.546	12	36372900000	121243
03/10/2022 16:00	162.548	163.489	162.314	162.946	12	40284900000	134283
03/10/2022 20:00	162.946	163.88	162.882	163.595	12	30946800000	103156
04/10/2022 00:00	163.488	163.985	163.472	163.929	21	24310800000	81036
04/10/2022 04:00	163.929	164.015	163.414	163.913	21	33483600000	111612
04/10/2022 08:00	163.914	165.199	163.9	164.688	12	39144300000	130481
04/10/2022 12:00	164.688	164.863	163.639	164.748	12	38927100000	129757
04/10/2022 16:00	164.753	165.532	164.311	165.195	12	40464600000	134882
04/10/2022 20:00	165.197	165.419	164.849	165.284	12	35201100000	117337
05/10/2022 00:00	165.151	165.564	164.316	164.539	21	20007300000	66691
05/10/2022 04:00	164.538	165.002	164.537	164.77	21	33858000000	112860
05/10/2022 08:00	164.77	165.707	164.425	164.899	12	38408400000	128028
05/10/2022 12:00	164.898	165.008	163.363	163.548	12	38259600000	127532
05/10/2022 16:00	163.548	163.637	162.595	163.414	12	39976500000	133255
05/10/2022 20:00	163.414	164.027	163.404	163.782	12	33728100000	112427
06/10/2022 00:00	163.577	164.436	163.347	164.292	21	32149200000	107164
06/10/2022 04:00	164.292	164.427	163.948	164.244	21	36652200000	122174
06/10/2022 08:00	164.244	164.275	163.182	163.279	12	39010200000	130034
06/10/2022 12:00	163.279	163.734	162.682	163.065	12	38301600000	127672
06/10/2022 16:00	163.052	163.1	161.073	161.509	18	41353800000	137846
06/10/2022 20:00	161.509	162.246	161.501	161.941	18	32844300000	109481
07/10/2022 00:00	161.885	162.027	161.455	161.588	18	23226000000	77420
07/10/2022 04:00	161.592	162.187	161.526	161.751	18	27754200000	92514
07/10/2022 08:00	161.752	162.455	161.236	162.103	18	33600300000	112001
07/10/2022 12:00	162.103	162.59	161.147	161.493	18	32717700000	109059
07/10/2022 16:00	161.493	161.95	161.033	161.206	18	40643400000	135478
07/10/2022 20:00	161.207	161.298	160.759	161.257	18	32478300000	108261
10/10/2022 00:00	160.946	161.43	160.8	161.315	18	24217200000	80724
10/10/2022 04:00	161.315	161.552	161.007	161.153	18	32115300000	107051
10/10/2022 08:00	161.153	161.409	160.458	160.846	18	37183800000	123946
10/10/2022 12:00	160.846	161.429	160.635	161.126	18	36361500000	121205
10/10/2022 16:00	161.127	161.201	160.679	160.731	18	39467700000	131559
10/10/2022 20:00	160.73	161.404	160.641	161.063	18	31249800000	104166
11/10/2022 00:00	160.943	161.632	160.943	161.503	18	24467700000	81559
11/10/2022 04:00	161.502	161.613	160.604	160.69	18	35686200000	118954
11/10/2022 08:00	160.69	161.133	160.292	160.89	18	39253800000	130846
11/10/2022 12:00	160.89	161.751	160.763	161.496	18	38175600000	127252
11/10/2022 16:00	161.496	162.662	160.985	162.467	18	40693800000	135646
11/10/2022 20:00	162.469	162.555	159.716	159.879	18	37093500000	123645
12/10/2022 00:00	159.889	160.365	159.721	160.293	18	26211300000	87371
12/10/2022 04:00	160.293	161.481	159.806	160.75	18	37898100000	126327
12/10/2022 08:00	160.753	161.748	160.085	161.447	18	39667500000	132225
12/10/2022 12:00	161.447	162.427	161.33	162.092	18	38790000000	129300
12/10/2022 16:00	162.091	163.06	161.85	162.56	18	40352700000	134509
12/10/2022 20:00	162.56	163.313	162.506	163.037	18	33134700000	110449
13/10/2022 00:00	163.037	163.164	162.745	163.097	21	22395300000	74651
13/10/2022 04:00	163.095	163.144	162.628	162.819	21	29730900000	99103
13/10/2022 08:00	162.819	163.022	162.311	163.012	18	34739100000	115797
13/10/2022 12:00	163.002	165.655	162.979	165.193	18	38397300000	127991
13/10/2022 16:00	165.194	167.277	164.103	166.759	18	42241500000	140805
13/10/2022 20:00	166.751	166.915	166.374	166.453	18	35589000000	118630
14/10/2022 00:00	166.761	167.201	165.011	166.592	21	22429800000	411897
14/10/2022 04:00	166.592	167.201	166.467	166.9	21	37687800000	125626
14/10/2022 08:00	166.9	167.052	166.054	166.51	18	39423300000	131411
14/10/2022 12:00	166.51	166.929	165.011	166.326	18	39961200000	133204
14/10/2022 16:00	166.321	167.111	165.283	166.117	18	41739900000	139133
14/10/2022 20:00	166.115	166.329	165.949	166.305	18	33398100000	111327
17/10/2022 00:00	166.83	167.153	166.444	166.733	21	26691900000	88973
17/10/2022 04:00	166.734	167.044	166.663	167.02	21	35784000000	119280
17/10/2022 08:00	167.017	168.034	166.951	167.547	18	39065400000	130218
17/10/2022 12:00	167.55	168.772	167.531	168.585	18	37515900000	125053
17/10/2022 16:00	168.585	170.084	168.551	169.505	18	40194900000	133983
17/10/2022 20:00	169.505	169.631	168.955	169.164	18	32378100000	107927
18/10/2022 00:00	169.075	169.344	168.864	168.892	21	28518300000	95061
18/10/2022 04:00	168.892	169.796	168.634	169.439	21	35359200000	117864
18/10/2022 08:00	169.439	169.628	168.438	168.595	18	39147300000	130491
18/10/2022 12:00	168.585	168.961	167.559	168.758	18	39082200000	130274
18/10/2022 16:00	168.758	168.986	168.307	168.753	18	40570500000	135235
18/10/2022 20:00	168.754	169.115	168.368	168.843	18	35838300000	119461
19/10/2022 00:00	168.745	169.37	167.619	169.177	21	29041800000	395905
19/10/2022 04:00	169.179	169.278	168.915	169.077	21	34930200000	116434
19/10/2022 08:00	169.077	169.132	168.016	168.277	18	38543400000	128478
19/10/2022 12:00	168.279	168.652	167.967	168.391	18	39209100000	130697
19/10/2022 16:00	168.392	168.784	167.621	167.712	18	40758600000	135862
19/10/2022 20:00	167.711	168.244	167.62	168.1	18	36068100000	120227
20/10/2022 00:00	168.054	168.233	167.776	168.044	21	25707600000	85692
20/10/2022 04:00	168.044	168.459	167.773	168.204	21	36878400000	122928
20/10/2022 08:00	168.198	168.468	167.619	167.705	18	39584100000	131947
20/10/2022 12:00	167.705	169.323	167.41	168.713	18	40263000000	134210
20/10/2022 16:00	168.717	169.721	168.495	168.723	18	41641500000	138805
20/10/2022 20:00	168.723	168.731	168.333	168.654	18	38021700000	126739
21/10/2022 00:00	168.438	169.568	164.943	168.263	21	25671600000	527143
21/10/2022 04:00	168.263	168.556	168.15	168.36	21	35817000000	119390
21/10/2022 08:00	168.36	168.739	167.857	167.988	18	38280300000	127601
21/10/2022 12:00	167.989	168.786	167.699	168.566	18	39670800000	132236
21/10/2022 16:00	168.567	169.568	164.95	165.782	18	42375000000	141250
21/10/2022 20:00	165.783	167.183	165.663	166.788	18	36250500000	120835
24/10/2022 00:00	168.181	169.788	165.467	168.455	21	30709800000	102366
24/10/2022 04:00	168.457	168.992	168.198	168.95	21	36774300000	122581
24/10/2022 08:00	168.944	169.496	168.737	169.12	18	38937600000	129792
24/10/2022 12:00	169.12	169.455	167.784	168.794	18	39523200000	131744
24/10/2022 16:00	168.8	168.843	167.583	167.941	18	41238900000	137463
24/10/2022 20:00	167.941	168.195	167.844	167.864	18	31803000000	106010
25/10/2022 00:00	167.838	169.929	167.77	168.61	21	20351100000	359757
25/10/2022 04:00	168.61	168.671	168.093	168.224	21	30639600000	102132
25/10/2022 08:00	168.224	168.693	167.83	168.522	18	33828300000	112761
25/10/2022 12:00	168.522	169.07	168.331	169.052	18	31358400000	104528
25/10/2022 16:00	169.052	169.93	169.047	169.788	18	38791800000	129306
25/10/2022 20:00	169.788	169.863	169.542	169.57	18	28362900000	94543
26/10/2022 00:00	169.57	169.955	169.379	169.434	21	34160700000	113869
26/10/2022 04:00	169.433	169.97	169.378	169.787	21	36622200000	122074
26/10/2022 08:00	169.784	170.588	169.317	170.506	18	39875400000	132918
26/10/2022 12:00	170.506	170.578	169.938	170.174	18	40252800000	134176
26/10/2022 16:00	170.179	170.303	169.554	170	18	43224600000	144082
26/10/2022 20:00	170	170.263	169.822	169.944	18	35261100000	117537
27/10/2022 00:00	169.847	170.247	168.72	169.788	21	32502900000	500344
27/10/2022 04:00	169.788	169.973	169.446	169.477	21	37562400000	125208
27/10/2022 08:00	169.475	169.483	168.724	169.151	18	40631100000	135437
27/10/2022 12:00	169.153	170.006	169.017	169.646	18	40365600000	134552
27/10/2022 16:00	169.644	169.779	168.777	169.103	18	41714700000	139049
27/10/2022 20:00	169.102	169.356	168.895	169.071	18	34627200000	115424
28/10/2022 00:00	168.894	169.391	168.681	169.357	21	28376400000	94588
28/10/2022 04:00	169.357	169.923	169.071	169.262	21	39303300000	131011
28/10/2022 08:00	169.262	169.993	168.868	169.939	18	41043300000	136811
28/10/2022 12:00	169.95	170.502	169.875	170.433	18	39565800000	131886
28/10/2022 16:00	170.436	171.202	170.174	171.172	18	40854900000	136183
28/10/2022 20:00	171.169	171.354	171.04	171.285	18	31362600000	104542
31/10/2022 00:00	171.335	172.114	171.005	171.703	21	33802800000	112676
31/10/2022 04:00	171.703	171.817	171.385	171.475	18	33121200000	110404
31/10/2022 08:00	171.475	171.667	171.134	171.616	18	38048400000	126828
31/10/2022 12:00	171.616	171.732	170.709	170.76	18	38752500000	129175
31/10/2022 16:00	170.759	171.337	170.321	170.441	18	39384600000	131282
31/10/2022 20:00	170.446	170.607	170.28	170.565	18	25309200000	84889
01/11/2022 00:00	170.565	170.811	170.318	170.499	21	29323800000	97746
01/11/2022 04:00	170.499	170.854	170.419	170.649	18	35247600000	117492
01/11/2022 08:00	170.656	170.941	169.924	170.08	18	38957700000	129859
01/11/2022 12:00	170.077	170.283	169.658	170.267	18	39657300000	132191
01/11/2022 16:00	170.275	170.474	169.479	170.235	18	40084800000	133616
01/11/2022 20:00	170.235	170.263	170.014	170.177	18	25048500000	83495
02/11/2022 00:00	170.192	170.302	169.322	169.514	21	34362300000	114541
02/11/2022 04:00	169.513	169.979	169.443	169.789	18	35005500000	116685
02/11/2022 08:00	169.792	169.792	168.946	169.185	18	37261500000	124205
02/11/2022 12:00	169.181	169.425	168.795	168.994	18	39180900000	130603
02/11/2022 16:00	168.995	169.048	168.46	168.663	18	37381800000	124606
02/11/2022 20:00	168.663	168.987	168.108	168.251	18	32437200000	120809
03/11/2022 00:00	168.232	168.556	167.867	168.186	21	29039400000	96798
03/11/2022 04:00	168.186	168.214	167.956	168.16	18	32937600000	109792
03/11/2022 08:00	168.159	168.214	166.686	166.801	18	40127400000	133758
03/11/2022 12:00	166.801	167.168	165.3	165.346	18	40542600000	135142
03/11/2022 16:00	165.337	166.032	165.081	165.713	18	39886800000	132956
03/11/2022 20:00	165.713	165.728	164.974	165.32	18	26795700000	99897
04/11/2022 00:00	165.328	165.907	165.134	165.834	21	26455500000	88185
04/11/2022 04:00	165.834	166.261	165.748	165.823	18	32388600000	107962
04/11/2022 08:00	165.826	166.138	165.4	165.803	18	38430900000	128103
04/11/2022 12:00	165.802	166.085	165.106	165.84	18	42698700000	142329
04/11/2022 16:00	165.845	166.597	165.792	166.568	18	41212800000	137376
04/11/2022 20:00	166.568	166.969	166.511	166.771	18	25750800000	85836
07/11/2022 00:00	166.337	166.704	165.851	166.592	21	31157700000	103859
07/11/2022 04:00	166.592	166.898	166.559	166.795	18	33944100000	113147
07/11/2022 08:00	166.795	168.246	166.573	167.837	18	39287700000	130959
07/11/2022 12:00	167.837	168.254	167.614	167.831	18	38965500000	129885
07/11/2022 16:00	167.831	168.762	167.543	168.747	18	39668400000	132228
07/11/2022 20:00	168.747	169.086	168.66	168.749	18	29944200000	99814
08/11/2022 00:00	168.749	169.072	168.548	168.905	21	25839300000	86131
08/11/2022 04:00	168.905	168.989	168.503	168.563	18	33094500000	110315
08/11/2022 08:00	168.563	168.636	167.654	168.016	18	38498700000	128329
08/11/2022 12:00	168.014	168.079	167.301	167.524	18	34341300000	118939
08/11/2022 16:00	167.523	168.652	167.302	168.491	18	29534100000	114459
08/11/2022 20:00	168.491	168.493	167.736	167.984	18	33267600000	110892
09/11/2022 00:00	167.94	168.184	167.634	167.858	21	31525800000	105086
09/11/2022 04:00	167.858	168.224	167.79	168.141	18	38244000000	127480
09/11/2022 08:00	168.143	168.314	166.791	166.931	18	39690600000	132302
09/11/2022 12:00	166.924	167.337	166.496	167.063	18	39612300000	132041
09/11/2022 16:00	167.061	167.111	166.267	166.347	18	40854000000	136180
09/11/2022 20:00	166.353	166.466	165.957	166.253	18	34634100000	115447
10/11/2022 00:00	165.965	166.609	165.965	166.518	21	25078800000	88461
10/11/2022 04:00	166.518	166.765	166.322	166.695	18	33368400000	111228
10/11/2022 08:00	166.696	166.754	166.345	166.425	18	38680500000	128935
10/11/2022 12:00	166.423	167.43	166.414	166.811	18	39387300000	131291
10/11/2022 16:00	166.82	167.081	165.188	165.462	18	41881500000	139605
10/11/2022 20:00	165.462	165.924	164.36	165.085	18	36486000000	121620
11/11/2022 00:00	165.085	166.067	164.561	165.839	21	31833300000	106111
11/11/2022 04:00	165.839	166.088	165.391	165.86	18	37529700000	125099
11/11/2022 08:00	165.858	165.939	164.466	164.615	18	40437000000	134790
11/11/2022 12:00	164.614	164.656	163.027	164.055	18	40769100000	135897
11/11/2022 16:00	164.055	164.15	163.455	163.73	18	41035200000	136784
11/11/2022 20:00	163.734	164.305	163.673	164.249	18	33838500000	112795
14/11/2022 00:00	164.047	164.974	163.704	163.97	21	31947600000	106492
14/11/2022 04:00	163.97	164.093	163.756	163.964	18	35922900000	119743
14/11/2022 08:00	163.962	165.661	163.682	165.649	18	40002300000	133341
14/11/2022 12:00	165.64	165.707	165.015	165.173	18	39809700000	132699
14/11/2022 16:00	165.171	165.215	164.531	164.898	18	40237500000	134125
14/11/2022 20:00	164.898	165.132	164.134	164.404	18	30909000000	103030
15/11/2022 00:00	164.404	165.063	164.067	164.802	21	26732100000	89107
15/11/2022 04:00	164.802	165.333	164.753	165.301	18	25263300000	84211
15/11/2022 08:00	165.296	165.545	164.514	164.764	18	36432600000	121442
15/11/2022 12:00	164.767	165.889	164.562	165.86	18	37555500000	125185
15/11/2022 16:00	165.87	166.204	165.313	165.622	18	40714800000	135716
15/11/2022 20:00	165.624	165.758	164.414	165.232	18	36616500000	122055
16/11/2022 00:00	165.232	165.686	164.685	165.477	21	30347100000	101157
16/11/2022 04:00	165.478	166.246	165.459	165.84	18	37098300000	123661
16/11/2022 08:00	165.84	166.196	165.444	165.813	18	38901000000	129670
16/11/2022 12:00	165.813	166.379	165.782	165.933	18	39810300000	132701
16/11/2022 16:00	165.933	166.016	165.031	165.825	18	40584600000	135282
16/11/2022 20:00	165.825	166.291	165.706	165.884	18	34517100000	115057
17/11/2022 00:00	165.884	166.289	165.736	165.85	21	29616900000	98723
17/11/2022 04:00	165.85	165.984	165.688	165.887	18	35469900000	118233
17/11/2022 08:00	165.883	166.314	165.735	165.942	18	38708100000	129027
17/11/2022 12:00	165.942	166.083	165.169	165.302	18	40480200000	134934
17/11/2022 16:00	165.302	166.08	165.302	166.056	18	40708800000	135696
17/11/2022 20:00	166.058	166.363	165.995	166.277	18	32705100000	109017
18/11/2022 00:00	166.278	166.827	166.203	166.48	21	31859400000	106198
18/11/2022 04:00	166.479	166.673	166.304	166.379	21	34203900000	114013
18/11/2022 08:00	166.379	167.309	166.25	166.915	18	39171900000	130573
18/11/2022 12:00	166.916	166.955	166.383	166.605	18	37386600000	124622
18/11/2022 16:00	166.604	166.939	166.123	166.584	18	39600300000	132001
18/11/2022 20:00	166.583	166.98	166.54	166.851	18	31037700000	103459
21/11/2022 00:00	166.933	166.953	166.317	166.347	21	28092600000	93642
21/11/2022 04:00	166.347	166.407	166.089	166.295	19	32685900000	108953
21/11/2022 08:00	166.295	167.475	166.226	167.452	18	37782300000	125941
21/11/2022 12:00	167.451	167.658	167.174	167.215	18	37213500000	124045
21/11/2022 16:00	167.215	167.71	167.004	167.6	18	38459700000	128199
21/11/2022 20:00	167.595	168.044	167.564	167.967	18	30232200000	100774
22/11/2022 00:00	167.93	168.294	167.664	168.094	21	26563800000	88546
22/11/2022 04:00	168.093	168.192	167.903	167.992	21	26428500000	88095
22/11/2022 08:00	167.994	168.095	167.501	167.551	18	33398100000	111327
22/11/2022 12:00	167.551	168.185	167.337	168.001	18	32127600000	107092
22/11/2022 16:00	168.012	168.042	167.674	167.802	18	33750300000	112501
22/11/2022 20:00	167.801	167.93	167.708	167.833	18	22950900000	76503
23/11/2022 00:00	167.833	167.992	167.699	167.968	21	25020000000	83400
23/11/2022 04:00	167.968	168.043	167.879	168.002	20	27608400000	92028
23/11/2022 08:00	168.007	168.671	167.769	168.47	18	35129400000	117098
23/11/2022 12:00	168.472	168.994	168.386	168.845	18	36688200000	122294
23/11/2022 16:00	168.848	168.981	168.038	168.218	18	39730500000	132435
23/11/2022 20:00	168.217	168.397	167.905	168.223	18	36430800000	121436
24/11/2022 00:00	168.223	168.282	167.734	167.76	21	30148200000	100494
24/11/2022 04:00	167.755	168.067	167.644	167.995	20	31865700000	106219
24/11/2022 08:00	167.995	168.101	167.396	167.578	18	36648900000	122163
24/11/2022 12:00	167.578	167.841	167.147	167.584	18	36934800000	123116
24/11/2022 16:00	167.592	168.019	167.508	167.797	18	32032200000	106774
24/11/2022 20:00	167.798	167.94	167.619	167.729	18	18798900000	62663
25/11/2022 00:00	167.321	168.308	167.321	167.916	21	23363100000	77877
25/11/2022 04:00	167.916	168.03	167.654	167.778	18	30701700000	102339
25/11/2022 08:00	167.795	168.596	167.625	168.387	18	35499900000	118333
25/11/2022 12:00	168.388	168.789	168.178	168.319	18	36240300000	120801
25/11/2022 16:00	168.319	168.52	168.083	168.28	18	35997000000	119990
25/11/2022 20:00	168.28	168.337	167.8	168.274	18	29393700000	97979
28/11/2022 00:00	167.872	168.194	166.849	166.949	21	25852500000	86175
28/11/2022 04:00	166.949	167.122	166.583	166.71	21	27385800000	91286
28/11/2022 08:00	166.711	166.967	166.272	166.523	18	36834300000	122781
28/11/2022 12:00	166.52	167.437	166.41	167.26	18	37878600000	126262
28/11/2022 16:00	167.26	167.292	166.563	166.565	18	39485700000	131619
28/11/2022 20:00	166.565	166.718	165.825	166.059	18	33985500000	113285
29/11/2022 00:00	166.059	166.6	165.804	166.35	21	30310800000	101036
29/11/2022 04:00	166.35	166.611	166.173	166.377	18	35230500000	117435
29/11/2022 08:00	166.371	166.665	165.518	165.553	18	39185700000	130619
29/11/2022 12:00	165.564	166.345	165.523	166.127	18	38142000000	127140
29/11/2022 16:00	166.122	166.194	165.584	165.753	18	39779700000	132599
29/11/2022 20:00	165.753	165.852	165.531	165.672	18	32579700000	108599
30/11/2022 00:00	165.385	166.21	165.353	165.962	21	29805000000	99350
30/11/2022 04:00	165.956	166.257	165.876	165.876	18	34727100000	115757
30/11/2022 08:00	165.876	166.737	165.452	166.716	18	37015200000	123384
30/11/2022 12:00	166.716	167.145	166.323	167.069	18	38335500000	127785
30/11/2022 16:00	167.061	167.39	166.046	166.44	18	41051100000	136837
30/11/2022 20:00	166.44	166.54	165.97	166.35	18	39663600000	132212
01/12/2022 00:00	166.35	166.549	165.158	165.258	21	31820100000	106067
01/12/2022 04:00	165.258	165.487	164.837	165.07	18	34936800000	116456
01/12/2022 08:00	165.068	165.733	164.51	165.639	18	39525600000	131752
01/12/2022 12:00	165.637	166.431	165.462	166.343	18	39045900000	130153
01/12/2022 16:00	166.347	167.216	165.835	166.028	18	41529900000	138433
01/12/2022 20:00	166.026	166.183	165.538	165.538	18	35180100000	117267
02/12/2022 00:00	165.537	165.91	165.306	165.413	21	27591300000	91971
02/12/2022 04:00	165.412	165.612	165.193	165.263	18	34952400000	116508
02/12/2022 08:00	165.264	165.394	164.034	164.457	18	39403800000	131346
02/12/2022 12:00	164.456	165.201	164.27	164.978	18	42012000000	140040
02/12/2022 16:00	164.974	165.976	164.93	165.317	18	41393400000	137978
02/12/2022 20:00	165.32	165.448	164.855	165.081	18	33416400000	111388
05/12/2022 00:00	164.914	165.659	164.664	165.455	21	27948000000	93160
05/12/2022 04:00	165.455	166.049	165.424	165.948	18	31856700000	106189
05/12/2022 08:00	165.944	166.339	165.533	166.107	18	37259400000	124198
05/12/2022 12:00	166.107	166.434	165.581	166.326	18	37157700000	123859
05/12/2022 16:00	166.324	166.567	166.059	166.432	18	40418400000	134728
05/12/2022 20:00	166.429	166.82	166.291	166.411	18	33823800000	112746
06/12/2022 00:00	166.372	166.818	166.31	166.636	21	29016300000	96721
06/12/2022 04:00	166.637	167.276	166.611	167.003	18	34381800000	114606
06/12/2022 08:00	167.003	167.486	166.325	166.552	18	37063800000	123546
06/12/2022 12:00	166.552	166.668	166.152	166.443	18	37733700000	125779
06/12/2022 16:00	166.438	167.247	166.138	166.596	18	38960100000	129867
06/12/2022 20:00	166.596	166.691	166.085	166.085	18	30277800000	100926
07/12/2022 00:00	166.085	166.519	165.952	166.292	21	26685000000	88950
07/12/2022 04:00	166.292	166.741	166.168	166.634	18	29133000000	97110
07/12/2022 08:00	166.634	167.182	166.454	166.914	18	34605600000	115352
07/12/2022 12:00	166.914	167.416	166.812	166.908	18	34813800000	116046
07/12/2022 16:00	166.907	167.035	166.306	166.66	18	38524200000	128414
07/12/2022 20:00	166.66	166.785	166.395	166.683	18	32745900000	109153
08/12/2022 00:00	166.683	166.933	166.359	166.764	21	26572800000	88576
08/12/2022 04:00	166.764	167.165	166.668	167.078	18	33310500000	111035
08/12/2022 08:00	167.08	167.087	166.542	166.722	18	35910000000	120805
08/12/2022 12:00	166.722	166.95	166.281	166.842	18	29805250000	119221
08/12/2022 16:00	166.849	167.087	166.602	167.057	18	32219500000	128878
08/12/2022 20:00	167.056	167.342	166.994	167.055	18	26531500000	106126
09/12/2022 00:00	167.024	167.399	166.792	166.967	21	26888500000	107554
09/12/2022 04:00	166.967	167.073	166.612	166.909	21	27916500000	111666
09/12/2022 08:00	166.907	167.193	166.692	166.808	18	31299250000	125197
09/12/2022 12:00	166.808	167.169	166.23	166.931	18	30266000000	121064
09/12/2022 16:00	166.931	168.046	166.931	167.667	18	32631750000	130527
09/12/2022 20:00	167.667	167.684	167.366	167.44	18	25228250000	100913
12/12/2022 00:00	167.179	167.486	167.111	167.264	21	20117000000	80468
12/12/2022 04:00	167.264	167.628	167.227	167.505	18	24341500000	97366
12/12/2022 08:00	167.505	167.982	167.101	167.715	18	29105750000	116423
12/12/2022 12:00	167.715	168.627	167.699	168.427	18	27893750000	111575
12/12/2022 16:00	168.427	169.013	168.083	168.944	18	31240000000	124960
12/12/2022 20:00	168.945	169.006	168.672	168.838	18	24415500000	97662
13/12/2022 00:00	168.779	169.175	168.312	168.976	21	20095500000	80382
13/12/2022 04:00	168.978	169.133	168.739	168.938	21	24803750000	99215
13/12/2022 08:00	168.935	169.264	168.485	168.976	18	30305000000	121220
13/12/2022 12:00	168.975	169.21	167.249	167.728	18	31673750000	126695
13/12/2022 16:00	167.726	167.898	167.085	167.347	18	34913500000	139654
13/12/2022 20:00	167.346	167.724	167.31	167.596	18	28176250000	112705
14/12/2022 00:00	167.596	167.699	167.113	167.463	21	22841250000	91365
14/12/2022 04:00	167.463	167.511	167.265	167.312	18	24145250000	96581
14/12/2022 08:00	167.312	167.654	167.209	167.569	18	31307500000	125230
14/12/2022 12:00	167.572	167.578	166.717	166.963	18	30810250000	123241
14/12/2022 16:00	166.963	167.785	166.809	167.756	18	32108750000	128435
14/12/2022 20:00	167.756	168.365	167.205	168.321	18	37568000000	150272
15/12/2022 00:00	168.254	168.287	167.824	167.94	21	24421250000	97685
15/12/2022 04:00	167.94	168.206	167.825	168.031	20	27008750000	108035
15/12/2022 08:00	168.031	168.58	167.977	168.506	18	31124500000	124498
15/12/2022 12:00	168.506	168.832	167.795	168.007	18	31979000000	127916
15/12/2022 16:00	168.007	168.475	167.877	167.903	18	34515500000	138062
15/12/2022 20:00	167.898	168.069	167.604	167.747	18	27046750000	108187
16/12/2022 00:00	167.747	167.997	167.479	167.574	21	20102250000	80409
16/12/2022 04:00	167.574	167.726	167.369	167.637	18	27738500000	110954
16/12/2022 08:00	167.637	167.679	166.111	166.59	18	32595250000	130381
16/12/2022 12:00	166.59	167.357	166.441	167.029	18	30818250000	123273
16/12/2022 16:00	167.029	167.438	165.974	166.159	18	33900500000	135602
16/12/2022 20:00	166.159	166.305	165.893	165.957	18	27880500000	111522
19/12/2022 00:00	165.083	166.08	164.963	165.707	21	23142000000	92568
19/12/2022 04:00	165.706	166.125	165.626	165.731	19	27586750000	110347
19/12/2022 08:00	165.731	166.439	165.477	166.228	18	31552500000	126210
19/12/2022 12:00	166.228	166.321	165.941	166.261	18	31847250000	127389
19/12/2022 16:00	166.263	166.894	165.936	166.584	18	32696500000	130786
19/12/2022 20:00	166.584	166.589	166.203	166.258	18	25725750000	102903
20/12/2022 00:00	166.258	166.948	166.04	166.822	21	25287750000	101151
20/12/2022 04:00	166.822	167.006	160.874	161.045	18	33124250000	132497
20/12/2022 08:00	161.037	162.247	160.28	160.438	18	34554750000	138219
20/12/2022 12:00	160.433	161.466	160.427	160.567	18	32936500000	131746
20/12/2022 16:00	160.571	160.894	158.581	159.248	18	34355000000	137420
20/12/2022 20:00	159.249	160.508	159.221	160.31	18	28400500000	113602
21/12/2022 00:00	160.31	160.953	159.822	160.796	21	26067500000	104270
21/12/2022 04:00	160.795	161.021	160.473	160.822	21	28993500000	115974
21/12/2022 08:00	160.82	160.826	159.637	159.814	18	31010750000	124043
21/12/2022 12:00	159.814	160.658	159.461	160.612	18	31097500000	124390
21/12/2022 16:00	160.61	160.866	159.564	159.703	18	33044000000	132176
21/12/2022 20:00	159.7	160.059	159.538	159.948	18	28246750000	112987
22/12/2022 00:00	159.948	159.975	159.536	159.713	21	25286750000	101147
22/12/2022 04:00	159.709	159.926	159.428	159.85	18	28782250000	115129
22/12/2022 08:00	159.853	160.243	159.532	159.67	18	30797000000	123188
22/12/2022 12:00	159.673	159.836	158.944	159.229	18	32678500000	130714
22/12/2022 16:00	159.229	159.357	158.793	159.133	18	32400000000	129600
22/12/2022 20:00	159.134	159.493	158.953	159.228	18	28623750000	114495
23/12/2022 00:00	159.228	159.794	159.053	159.73	21	26328750000	105315
23/12/2022 04:00	159.73	159.922	159.585	159.673	18	27258500000	109034
23/12/2022 08:00	159.667	160.091	159.525	159.94	18	30141750000	120567
23/12/2022 12:00	159.94	160.344	159.792	159.904	18	28629750000	114519
23/12/2022 16:00	159.903	160.52	159.837	160.109	18	32553000000	130212
23/12/2022 20:00	160.111	160.134	159.769	159.953	18	23618000000	94472
26/12/2022 04:00	159.73	160.012	159.721	159.964	78	10095000000	40380
26/12/2022 08:00	159.964	160.414	159.81	160.391	86	6253750000	25015
26/12/2022 12:00	160.391	160.75	160.3	160.477	36	3625500000	14502
26/12/2022 16:00	160.479	160.486	160.149	160.184	38	7056000000	28224
26/12/2022 20:00	160.185	160.331	160.055	160.121	62	3372500000	13490
27/12/2022 00:00	160.132	160.846	160.073	160.731	25	20115500000	80462
27/12/2022 04:00	160.731	160.796	160.467	160.607	18	25135250000	100541
27/12/2022 08:00	160.607	160.924	160.462	160.63	18	28311500000	113246
27/12/2022 12:00	160.63	160.942	160.254	160.461	18	27052500000	108210
27/12/2022 16:00	160.454	160.561	160.187	160.361	18	30509750000	122039
27/12/2022 20:00	160.361	160.661	160.306	160.405	18	23195250000	92781
28/12/2022 00:00	160.405	160.867	160.051	160.792	21	21587000000	86348
28/12/2022 04:00	160.792	161.377	160.792	161.218	21	25942250000	103769
28/12/2022 08:00	161.22	161.445	160.968	161.229	18	26977250000	107909
28/12/2022 12:00	161.229	161.798	161.157	161.7	18	27750500000	111002
28/12/2022 16:00	161.7	162.331	161.338	161.594	18	29783750000	119135
28/12/2022 20:00	161.596	161.681	161.406	161.546	18	22747250000	90989
29/12/2022 00:00	161.546	161.546	160.95	161.002	21	23060750000	92243
29/12/2022 04:00	161.002	161.145	160.741	160.905	21	25907750000	103631
29/12/2022 08:00	160.905	161.16	160.708	161.066	18	28579500000	114318
29/12/2022 12:00	161.066	161.083	160.439	160.458	18	28540750000	114163
29/12/2022 16:00	160.458	160.838	160.052	160.545	18	32084250000	128337
29/12/2022 20:00	160.538	160.58	160.313	160.317	18	28700500000	114802
30/12/2022 00:00	160.317	160.443	159.685	159.719	21	22775750000	91103
30/12/2022 04:00	159.719	159.901	159.672	159.727	18	26020500000	104082
30/12/2022 08:00	159.725	159.747	158.438	158.954	18	28914500000	115658
30/12/2022 12:00	158.957	159.041	158.536	158.971	18	29372500000	117490
30/12/2022 16:00	158.971	159.436	158.389	158.494	18	33167750000	132671
30/12/2022 20:00	158.496	158.707	157.829	158.562	18	29220000000	116880
02/01/2023 00:00	157.82	158.466	157.481	158.198	150	2190750000	9200
02/01/2023 04:00	158.198	158.326	157.997	158.055	150	3092500000	12370
02/01/2023 08:00	158.055	158.128	157.627	157.646	28	14500250000	58001
02/01/2023 12:00	157.646	157.742	157.416	157.445	18	12957750000	51831
02/01/2023 16:00	157.445	157.666	157.356	157.523	18	20441000000	81764
02/01/2023 20:00	157.523	157.544	157.249	157.297	57	6850750000	27403
03/01/2023 00:00	157.254	158.366	156.369	156.836	21	18856250000	75819
03/01/2023 04:00	156.84	157.096	156.413	156.673	21	27079250000	108317
03/01/2023 08:00	156.672	156.922	155.341	155.491	18	30889750000	123559
03/01/2023 12:00	155.491	156.864	155.39	156.681	18	30157500000	120630
03/01/2023 16:00	156.681	157.311	156.361	156.47	18	32317500000	129270
03/01/2023 20:00	156.469	156.843	156.391	156.766	18	24698000000	98792
04/01/2023 00:00	156.766	157.238	156.61	156.683	28	19991250000	79965
04/01/2023 04:00	156.685	156.959	156.576	156.799	21	23877000000	95508
04/01/2023 08:00	156.796	157.457	156.489	157.278	18	30768500000	123074
04/01/2023 12:00	157.278	157.77	157.139	157.575	18	29824250000	119297
04/01/2023 16:00	157.575	160.159	157.543	159.913	18	32645750000	130583
04/01/2023 20:00	159.913	159.999	159.669	159.816	22	30318500000	121274
05/01/2023 00:00	159.777	159.812	158.986	159.187	21	17387750000	69551
05/01/2023 04:00	159.187	159.579	158.943	159.459	21	27065750000	108263
05/01/2023 08:00	159.463	159.657	158.975	159.43	21	29296750000	117187
05/01/2023 12:00	159.43	160.023	159.122	159.34	18	28929250000	115717
05/01/2023 16:00	159.34	159.457	158.569	158.65	18	33279750000	133119
05/01/2023 20:00	158.65	158.972	158.494	158.829	21	26405750000	105623
06/01/2023 00:00	158.725	159.47	158.498	159.457	21	22742750000	90971
06/01/2023 04:00	159.466	159.906	159.279	159.691	21	26198750000	104795
06/01/2023 08:00	159.704	160.007	159.29	159.374	19	30332750000	121331
06/01/2023 12:00	159.375	159.905	158.885	159.051	18	32555000000	130220
06/01/2023 16:00	159.05	159.694	158.91	159.639	18	32929000000	131716
06/01/2023 20:00	159.639	159.825	159.497	159.72	18	23231750000	92927
09/01/2023 00:00	159.336	159.994	159.286	159.573	21	21105000000	84420
09/01/2023 04:00	159.573	160.293	159.294	160.128	21	25566250000	102265
09/01/2023 08:00	160.127	161.22	159.989	161.013	18	30947750000	123791
09/01/2023 12:00	161.013	161.025	160.305	160.339	18	30046250000	120185
09/01/2023 16:00	160.341	161.082	160.298	160.664	18	32540500000	130162
09/01/2023 20:00	160.664	160.73	160.459	160.629	22	27148250000	108593
10/01/2023 00:00	160.549	160.921	160.025	160.173	21	18729500000	74918
10/01/2023 04:00	160.173	160.525	160.133	160.411	22	23477500000	93910
10/01/2023 08:00	160.411	160.782	160.232	160.59	18	31037000000	124148
10/01/2023 12:00	160.59	160.785	160.369	160.549	18	29587000000	118348
10/01/2023 16:00	160.552	160.887	160.272	160.598	19	32968000000	131872
10/01/2023 20:00	160.598	160.895	160.557	160.618	18	23156250000	92625
11/01/2023 00:00	160.59	160.891	160.171	160.843	24	22083500000	88334
11/01/2023 04:00	160.843	161.066	160.8	160.93	21	26007000000	104028
11/01/2023 08:00	160.93	161.198	160.676	160.717	21	28816000000	115264
11/01/2023 12:00	160.718	160.947	160.509	160.624	18	28699500000	114798
11/01/2023 16:00	160.624	161.103	160.511	160.567	18	30435500000	121742
11/01/2023 20:00	160.569	160.993	160.568	160.776	18	26664500000	106658
12/01/2023 00:00	160.652	160.9	159.912	160.077	21	24376250000	97505
12/01/2023 04:00	160.077	160.298	159.852	159.999	18	23611000000	94444
12/01/2023 08:00	159.999	160.108	159.345	159.452	18	29246000000	116984
12/01/2023 12:00	159.452	159.704	158.189	158.623	18	33329250000	133317
12/01/2023 16:00	158.622	158.963	157.706	157.973	18	34090250000	136361
12/01/2023 20:00	157.973	158.083	157.693	157.775	19	28007250000	112029
13/01/2023 00:00	157.654	157.984	157.339	157.525	21	24032250000	96129
13/01/2023 04:00	157.525	157.673	157.284	157.318	21	26219500000	104878
13/01/2023 08:00	157.318	157.409	156.588	157.147	18	31325750000	125303
13/01/2023 12:00	157.143	157.233	155.923	156.019	18	29809250000	119237
13/01/2023 16:00	156.019	156.199	155.631	155.907	18	32643500000	130574
13/01/2023 20:00	155.908	156.515	155.856	156.345	21	24331750000	97327
16/01/2023 00:00	155.941	156.917	155.746	156.664	21	21888000000	87552
16/01/2023 04:00	156.663	156.789	156.172	156.473	21	28070250000	112281
16/01/2023 08:00	156.473	157.064	156.342	156.604	18	30663000000	122652
16/01/2023 12:00	156.604	156.954	156.437	156.577	18	27361250000	109445
16/01/2023 16:00	156.579	157.033	156.511	156.896	18	26995000000	107980
16/01/2023 20:00	156.896	156.902	156.621	156.661	22	17962000000	71848
17/01/2023 00:00	156.661	157.129	156.373	156.975	21	24006250000	96025
17/01/2023 04:00	156.979	157.235	156.828	156.954	18	26243500000	104974
17/01/2023 08:00	156.952	157.37	156.806	157.214	18	30025500000	120102
17/01/2023 12:00	157.215	157.831	157.161	157.681	18	30311000000	121244
17/01/2023 16:00	157.681	158.011	157.058	157.243	18	32475250000	129901
17/01/2023 20:00	157.243	157.571	157.213	157.327	21	23848750000	95395
18/01/2023 00:00	157.302	158.366	157.146	157.921	21	17754250000	71017
18/01/2023 04:00	157.921	161.51	157.67	160.658	21	28122250000	112489
18/01/2023 08:00	160.657	161.192	159.343	159.902	21	30887250000	123549
18/01/2023 12:00	159.902	160.076	158.794	158.798	21	29603750000	118415
18/01/2023 16:00	158.798	159.236	158.584	159.016	21	31576750000	126307
18/01/2023 20:00	159.017	159.158	158.692	159.052	21	22108250000	88433
19/01/2023 00:00	159.052	159.127	158.109	158.602	21	26456000000	105824
19/01/2023 04:00	158.604	158.613	157.554	157.799	21	26721500000	106886
19/01/2023 08:00	157.798	158.366	157.646	158.3	20	30928000000	123712
19/01/2023 12:00	158.3	158.895	158.25	158.53	23	31510750000	126043
19/01/2023 16:00	158.531	159.083	158.401	159.051	18	31992000000	127968
19/01/2023 20:00	159.052	159.214	158.965	159.059	23	25965000000	103860
20/01/2023 00:00	159.045	159.601	159.01	159.559	21	22008750000	88035
20/01/2023 04:00	159.559	159.959	159.375	159.887	21	26055250000	104221
20/01/2023 08:00	159.885	159.893	159.184	159.762	20	30095500000	120382
20/01/2023 12:00	159.762	161.182	159.736	161.175	18	30421500000	121686
20/01/2023 16:00	161.175	161.277	160.569	160.682	18	31932000000	127728
20/01/2023 20:00	160.684	160.705	160.422	160.541	18	24862250000	99449
23/01/2023 00:00	160.508	160.84	160.348	160.539	21	19571750000	78287
23/01/2023 04:00	160.539	161.269	160.419	161.186	18	22162500000	88650
23/01/2023 08:00	161.183	161.623	160.862	161.065	18	29870500000	119482
23/01/2023 12:00	161.065	161.212	160.744	161.097	18	29508000000	118032
23/01/2023 16:00	161.097	161.693	161.078	161.578	18	31531500000	126126
23/01/2023 20:00	161.577	161.792	161.494	161.706	18	24305750000	97223
24/01/2023 00:00	161.706	161.759	161.226	161.356	21	16773500000	67094
24/01/2023 04:00	161.357	161.578	161.159	161.188	20	22096250000	88385
24/01/2023 08:00	161.188	161.417	160.171	160.424	18	26491250000	105965
24/01/2023 12:00	160.424	160.468	159.977	160.313	18	27611500000	110446
24/01/2023 16:00	160.308	160.893	160.12	160.246	18	31893750000	127575
24/01/2023 20:00	160.246	160.661	160.245	160.44	22	24344000000	97376
25/01/2023 00:00	160.438	160.788	160.369	160.557	24	22355750000	89423
25/01/2023 04:00	160.557	160.916	160.44	160.715	19	23342500000	93370
25/01/2023 08:00	160.713	160.842	159.751	159.834	18	27320000000	109280
25/01/2023 12:00	159.834	160.14	159.493	160.036	20	28378250000	113513
25/01/2023 16:00	160.036	160.475	159.63	160.473	18	31984250000	127937
25/01/2023 20:00	160.475	160.719	160.4	160.655	21	24861250000	99445
26/01/2023 00:00	160.656	160.66	160.119	160.335	21	21934250000	87737
26/01/2023 04:00	160.335	160.594	159.995	160.365	23	22666000000	90664
26/01/2023 08:00	160.365	161.193	160.279	160.935	18	29405500000	117622
26/01/2023 12:00	160.935	161.183	160.649	160.931	21	27111250000	108445
26/01/2023 16:00	160.935	161.45	160.857	161.277	18	32152500000	128610
26/01/2023 20:00	161.276	161.718	161.225	161.532	18	21129250000	84517
27/01/2023 00:00	161.508	161.559	160.721	160.852	21	21371750000	85487
27/01/2023 04:00	160.856	161.178	160.734	160.923	18	19231500000	76926
27/01/2023 08:00	160.923	161.057	160.539	160.622	18	26191500000	104766
27/01/2023 12:00	160.622	160.768	160.434	160.45	21	26926500000	107706
27/01/2023 16:00	160.45	161	160.401	160.972	18	30888000000	123552
27/01/2023 20:00	160.972	161.034	160.823	160.947	22	20936500000	83746
30/01/2023 00:00	160.533	161.376	160.358	161.366	21	22692750000	90771
30/01/2023 04:00	161.372	161.395	160.242	160.692	21	28882000000	115528
30/01/2023 08:00	160.691	161.149	160.192	161.053	18	29473750000	117895
30/01/2023 12:00	161.049	161.347	160.942	161.026	20	28106750000	112427
30/01/2023 16:00	161.027	161.406	161.014	161.217	18	29638250000	118553
30/01/2023 20:00	161.219	161.226	160.907	160.939	24	22950750000	91803
31/01/2023 00:00	160.905	161.178	160.83	160.919	21	20147000000	80588
31/01/2023 04:00	160.919	160.976	160.6	160.618	21	22332250000	89329
31/01/2023 08:00	160.619	160.906	160.395	160.7	18	27623500000	110494
31/01/2023 12:00	160.7	160.852	159.951	160.035	18	28309500000	113238
31/01/2023 16:00	160.034	160.572	159.751	160.461	18	31410000000	125640
31/01/2023 20:00	160.46	160.543	160.203	160.209	18	22409000000	89636
01/02/2023 00:00	160.214	160.278	159.841	160.046	21	19442750000	77771
01/02/2023 04:00	160.046	160.486	159.954	160.442	21	19780250000	79121
01/02/2023 08:00	160.439	160.659	159.896	159.953	18	26834500000	107338
01/02/2023 12:00	159.954	160.077	159.595	159.632	18	26720750000	106883
01/02/2023 16:00	159.634	159.85	158.897	158.97	18	30671250000	122685
01/02/2023 20:00	158.97	159.648	158.961	159.52	18	30764000000	123056
02/02/2023 00:00	159.52	159.545	158.873	159.175	21	20883750000	83535
02/02/2023 04:00	159.175	159.357	159.108	159.334	21	21952250000	87809
02/02/2023 08:00	159.334	159.602	158.971	159.134	18	28533500000	114134
02/02/2023 12:00	159.134	159.34	157.539	157.959	18	33745000000	134980
02/02/2023 16:00	157.959	158.064	157.191	157.306	18	33231000000	132924
02/02/2023 20:00	157.308	157.557	157.169	157.231	19	29509250000	118037
03/02/2023 00:00	157.227	157.377	156.956	157.239	21	18991750000	75967
03/02/2023 04:00	157.238	157.249	156.809	157.064	22	16467750000	65871
03/02/2023 08:00	157.064	157.492	156.719	157.418	22	23591250000	94365
03/02/2023 12:00	157.417	157.707	156.946	157.582	21	24760000000	99040
03/02/2023 16:00	157.581	158.737	157.498	158.222	21	29404500000	117618
03/02/2023 20:00	158.222	158.226	157.956	158.131	22	17673750000	70695
06/02/2023 00:00	159.353	159.374	158.419	159.273	21	17770000000	71080
06/02/2023 04:00	159.278	159.419	158.706	158.955	21	19354250000	77417
06/02/2023 08:00	158.954	159.124	158.744	158.799	21	23338750000	93355
06/02/2023 12:00	158.798	159.757	158.731	159.698	21	25329500000	101318
06/02/2023 16:00	159.7	159.938	159.337	159.473	22	26608500000	106434
06/02/2023 20:00	159.473	159.536	159.297	159.371	22	18008500000	72034
07/02/2023 00:00	159.371	159.561	159.222	159.43	25	14030250000	56121
07/02/2023 04:00	159.43	159.491	159.206	159.339	21	16045750000	64183
07/02/2023 08:00	159.338	159.34	158.222	158.227	18	26522750000	106091
07/02/2023 12:00	158.228	158.433	157.853	157.982	18	30122000000	120488
07/02/2023 16:00	157.987	158.159	157.523	157.774	18	32100250000	128401
07/02/2023 20:00	157.772	158.005	157.419	157.788	19	28602500000	114410
08/02/2023 00:00	157.788	158.091	157.599	158.046	24	17703500000	70814
08/02/2023 04:00	158.046	158.234	157.954	158	25	17350750000	69403
08/02/2023 08:00	158	158.419	157.921	158.168	21	25801250000	103205
08/02/2023 12:00	158.168	158.667	158.028	158.582	21	22631750000	90527
08/02/2023 16:00	158.582	158.824	158.404	158.598	21	27618250000	110473
08/02/2023 20:00	158.6	158.664	158.481	158.534	21	18968750000	75875
09/02/2023 00:00	158.534	158.996	158.363	158.804	21	22545500000	90182
09/02/2023 04:00	158.802	159.14	158.086	158.798	18	22967250000	91869
09/02/2023 08:00	158.793	158.943	158.458	158.839	18	28260000000	113040
09/02/2023 12:00	158.84	159.139	158.758	158.98	18	28514000000	114056
09/02/2023 16:00	158.975	159.407	158.911	159.233	18	32075000000	128300
09/02/2023 20:00	159.233	159.495	159.198	159.421	18	27559250000	110237
10/02/2023 00:00	159.426	159.627	159.185	159.382	21	23442500000	93770
10/02/2023 04:00	159.383	159.417	159.064	159.183	21	25730750000	102923
10/02/2023 08:00	159.179	159.322	157.518	158.421	18	31479250000	125917
10/02/2023 12:00	158.422	158.68	158.148	158.31	18	29360750000	117443
10/02/2023 16:00	158.31	158.94	158.243	158.424	18	31627000000	126508
10/02/2023 20:00	158.424	158.62	158.364	158.439	18	23232750000	92931
13/02/2023 00:00	158.291	158.781	158.226	158.632	21	18350250000	73401
13/02/2023 04:00	158.632	159.258	158.621	159.208	21	24516000000	98064
13/02/2023 08:00	159.209	159.868	159.155	159.71	18	28308500000	113234
13/02/2023 12:00	159.71	160.555	159.506	160.405	18	28682750000	114731
13/02/2023 16:00	160.406	161.183	160.328	160.873	18	30482750000	121931
13/02/2023 20:00	160.873	160.969	160.506	160.651	19	21444750000	85779
14/02/2023 00:00	160.603	160.796	160.26	160.304	21	16775250000	67101
14/02/2023 04:00	160.303	160.5	160.096	160.159	21	20285500000	81142
14/02/2023 08:00	160.16	160.902	160.101	160.894	18	29383500000	117534
14/02/2023 12:00	160.895	161.69	160.881	161.492	18	31002250000	124009
14/02/2023 16:00	161.484	162.165	161.178	161.963	18	33715000000	134860
14/02/2023 20:00	161.963	162.056	161.843	161.987	18	25530750000	102123
15/02/2023 00:00	161.987	162.039	161.312	161.342	21	19242500000	76970
15/02/2023 04:00	161.347	161.797	161.325	161.688	21	22706750000	90827
15/02/2023 08:00	161.688	161.851	160.956	161.308	18	29154750000	116619
15/02/2023 12:00	161.303	161.327	160.642	160.856	18	29547000000	118188
15/02/2023 16:00	160.854	161.482	160.774	161.197	18	32145000000	128580
15/02/2023 20:00	161.199	161.459	161.056	161.288	20	22449250000	89797
16/02/2023 00:00	161.288	161.354	160.942	161.147	27	19492500000	77970
16/02/2023 04:00	161.148	161.369	160.93	161.273	23	21572750000	86291
16/02/2023 08:00	161.273	161.419	160.983	161.368	18	30840750000	123363
16/02/2023 12:00	161.37	161.5	160.871	160.938	18	32154500000	128618
16/02/2023 16:00	160.937	161.256	160.746	160.912	18	34501000000	138004
16/02/2023 20:00	160.912	160.957	160.45	160.607	18	31004250000	124017
17/02/2023 00:00	160.613	160.98	160.482	160.926	21	25728250000	102913
17/02/2023 04:00	160.926	161.015	160.773	160.978	20	28206250000	112825
17/02/2023 08:00	160.978	161.052	160.731	161.007	18	32518000000	130072
17/02/2023 12:00	161.007	161.239	160.866	161.155	18	33177250000	132709
17/02/2023 16:00	161.153	161.481	161.006	161.374	18	34232500000	136930
17/02/2023 20:00	161.375	161.625	161.335	161.545	18	26514750000	106059
20/02/2023 00:00	161.342	161.677	161.339	161.611	21	26214000000	104856
20/02/2023 04:00	161.611	161.713	161.231	161.466	18	31437000000	125748
20/02/2023 08:00	161.466	161.705	161.165	161.304	18	33628500000	134514
20/02/2023 12:00	161.303	161.436	161.157	161.369	18	32509000000	130036
20/02/2023 16:00	161.368	161.567	161.197	161.553	18	27998750000	111995
20/02/2023 20:00	161.553	161.693	161.52	161.537	19	20197500000	80790
21/02/2023 00:00	161.537	161.729	161.421	161.509	21	23594000000	94376
21/02/2023 04:00	161.509	161.683	161.447	161.575	21	26013500000	104054
21/02/2023 08:00	161.574	162.871	161.471	162.724	18	32398000000	129592
21/02/2023 12:00	162.727	163.499	162.579	163.171	18	33001750000	132007
21/02/2023 16:00	163.169	163.743	162.834	163.515	18	34148500000	136594
21/02/2023 20:00	163.513	163.528	163.189	163.504	18	27369000000	109476
22/02/2023 00:00	163.504	163.551	163.127	163.269	21	25010250000	100041
22/02/2023 04:00	163.269	163.514	163.141	163.157	18	25744750000	102979
22/02/2023 08:00	163.156	163.349	162.741	162.903	18	31967250000	127869
22/02/2023 12:00	162.903	163.046	162.717	162.864	18	32397500000	129590
22/02/2023 16:00	162.864	162.957	162.38	162.677	18	32626250000	130505
22/02/2023 20:00	162.677	162.745	162.4	162.451	18	27529250000	110117
23/02/2023 00:00	162.22	162.622	162.216	162.515	21	23282500000	93130
23/02/2023 04:00	162.515	162.619	162.474	162.606	21	23840750000	95363
23/02/2023 08:00	162.604	162.738	162.053	162.239	18	30834500000	123338
23/02/2023 12:00	162.24	162.817	162.173	162.783	18	31258250000	125033
23/02/2023 16:00	162.783	162.84	161.662	161.742	18	33355250000	133421
23/02/2023 20:00	161.742	161.893	161.666	161.801	18	24857250000	99429
24/02/2023 00:00	161.801	162.049	161.201	161.939	21	29010750000	116043
24/02/2023 04:00	161.939	162.036	161.781	161.815	18	29637750000	118551
24/02/2023 08:00	161.815	162.628	161.715	162.491	18	32187750000	128751
24/02/2023 12:00	162.491	162.739	162.024	162.563	18	33274000000	133096
24/02/2023 16:00	162.564	163.107	162.44	162.99	18	34044000000	136176
24/02/2023 20:00	162.989	163.086	162.87	162.962	18	26232000000	104928
27/02/2023 00:00	162.991	163.113	162.729	162.839	21	23907250000	95629
27/02/2023 04:00	162.84	162.928	162.631	162.765	20	29681000000	118724
27/02/2023 08:00	162.765	163.386	162.598	163.297	18	32617500000	130470
27/02/2023 12:00	163.294	163.545	163.138	163.528	18	31799250000	127197
27/02/2023 16:00	163.527	164.254	163.417	164.211	18	33087750000	132351
27/02/2023 20:00	164.214	164.332	164.054	164.226	18	26072250000	104289
28/02/2023 00:00	164.226	164.51	164.007	164.159	21	26133000000	104532
28/02/2023 04:00	164.159	164.281	164.092	164.11	20	27780500000	111122
28/02/2023 08:00	164.111	165.321	164.078	165.091	18	33093500000	132374
28/02/2023 12:00	165.091	165.846	165.072	165.709	18	32407250000	129629
28/02/2023 16:00	165.709	166	164.152	164.313	18	33654500000	134618
28/02/2023 20:00	164.313	164.379	163.594	163.599	18	26671250000	106685
01/03/2023 00:00	163.599	164.065	163.444	164.002	21	29305000000	117220
01/03/2023 04:00	164.001	164.272	163.856	164.249	18	28498500000	113994
01/03/2023 08:00	164.249	164.497	163.816	163.921	18	33554500000	134218
01/03/2023 12:00	163.922	163.987	162.854	163	18	33831500000	135326
01/03/2023 16:00	163	163.657	162.991	163.428	18	34182500000	136730
01/03/2023 20:00	163.428	163.834	163.373	163.779	19	26950750000	107803
02/03/2023 00:00	163.758	163.878	163.584	163.704	21	23740750000	94963
02/03/2023 04:00	163.702	163.83	163.603	163.785	21	30051250000	120205
02/03/2023 08:00	163.784	163.927	163.303	163.38	18	33474500000	133898
02/03/2023 12:00	163.379	163.806	163.274	163.474	18	33609500000	134438
02/03/2023 16:00	163.475	163.575	163.059	163.41	18	33343750000	133375
02/03/2023 20:00	163.41	163.459	163.256	163.335	18	28375250000	113501
03/03/2023 00:00	163.335	163.616	163.144	163.421	21	26626250000	106505
03/03/2023 04:00	163.421	163.624	163.305	163.495	20	26665000000	106660
03/03/2023 08:00	163.496	163.542	163.15	163.178	18	16694250000	93816
03/03/2023 12:00	163.177	163.519	163.127	163.195	18	31936750000	127747
03/03/2023 16:00	163.195	163.484	163.086	163.455	18	33587250000	134349
03/03/2023 20:00	163.456	163.635	163.405	163.582	18	24301250000	97205
06/03/2023 00:00	163.52	163.673	163.161	163.397	21	27019250000	108077
06/03/2023 04:00	163.397	163.513	163.021	163.418	18	27543250000	110173
06/03/2023 08:00	163.418	163.729	163.111	163.688	18	32080500000	128322
06/03/2023 12:00	163.692	163.731	163.137	163.188	18	32463500000	129854
06/03/2023 16:00	163.188	163.777	162.97	163.653	18	32145750000	128583
06/03/2023 20:00	163.653	163.654	163.343	163.343	18	23211750000	92847
07/03/2023 00:00	163.343	163.785	163.34	163.73	21	22712500000	90850
07/03/2023 04:00	163.73	163.848	163.541	163.679	18	29459000000	117836
07/03/2023 08:00	163.678	163.824	163.007	163.188	18	31623750000	126495
07/03/2023 12:00	163.195	163.385	162.983	163.102	18	31043500000	124174
07/03/2023 16:00	163.101	163.327	162.067	162.155	18	34663000000	138652
07/03/2023 20:00	162.155	162.292	162.038	162.182	18	26721000000	106884
08/03/2023 00:00	162.182	162.658	162.033	162.416	21	23412250000	93649
08/03/2023 04:00	162.416	162.976	162.405	162.784	21	28736000000	114944
08/03/2023 08:00	162.784	162.957	162.426	162.754	18	31285750000	125143
08/03/2023 12:00	162.752	162.905	162.036	162.047	18	31215250000	124861
08/03/2023 16:00	162.045	162.379	161.697	162.312	18	33344500000	133378
08/03/2023 20:00	162.312	162.765	162.312	162.646	18	23408750000	93635
09/03/2023 00:00	162.646	162.646	162.076	162.3	21	22882250000	91529
09/03/2023 04:00	162.299	162.33	162.106	162.187	21	26037500000	104150
09/03/2023 08:00	162.187	162.197	161.603	161.644	18	30520500000	122082
09/03/2023 12:00	161.645	162.125	161.612	162.072	18	31302750000	125211
09/03/2023 16:00	162.072	162.61	162.031	162.44	18	32548000000	130192
09/03/2023 20:00	162.44	162.511	162.058	162.347	18	28614750000	114459
10/03/2023 00:00	162.351	162.641	162.001	162.11	21	22561000000	90244
10/03/2023 04:00	162.11	163.178	161.935	162.917	20	31350250000	125401
10/03/2023 08:00	162.918	164.162	162.483	163.965	18	33320750000	133283
10/03/2023 12:00	163.966	164.225	163.355	163.753	18	33255250000	133021
10/03/2023 16:00	163.753	163.845	162.351	162.479	18	33883250000	135533
10/03/2023 20:00	162.48	162.647	161.979	162.424	23	25936750000	103747
13/03/2023 00:00	161.746	163.048	161.423	162.447	21	29150000000	116600
13/03/2023 04:00	162.448	162.789	162.16	162.726	21	29158750000	116635
13/03/2023 08:00	162.725	163.036	160.629	160.884	18	31746000000	126984
13/03/2023 12:00	160.883	161.462	160.034	160.909	18	34946250000	139785
13/03/2023 16:00	160.912	162.176	160.805	162.124	18	33747500000	134990
13/03/2023 20:00	162.125	162.783	162.029	162.275	18	23882000000	95528
14/03/2023 00:00	162.281	162.706	161.849	162.479	21	28089000000	112356
14/03/2023 04:00	162.48	162.808	162.361	162.729	21	26316000000	105264
14/03/2023 08:00	162.729	163.24	162.136	163.133	20	32505250000	130021
14/03/2023 12:00	163.133	164.07	162.717	163.874	18	32094000000	128376
14/03/2023 16:00	163.873	163.923	162.965	163.514	20	31982000000	127928
14/03/2023 20:00	163.514	163.551	162.946	163.114	21	21114500000	84458
15/03/2023 00:00	163.152	163.599	163.091	163.361	21	26690750000	106763
15/03/2023 04:00	163.362	163.678	163.189	163.653	21	23975000000	95900
15/03/2023 08:00	163.653	164.128	162.375	162.56	20	31416500000	125666
15/03/2023 12:00	162.559	162.573	159.848	159.933	20	35099500000	140398
15/03/2023 16:00	159.934	160.689	159.198	160.384	20	34529250000	138117
15/03/2023 20:00	160.383	161.517	160.11	160.566	20	23369000000	93476
16/03/2023 00:00	160.605	161.223	160.009	160.54	29	26279750000	105119
16/03/2023 04:00	160.535	160.75	160.088	160.228	21	24083000000	96332
16/03/2023 08:00	160.228	161.236	160.07	160.426	21	29173750000	116695
16/03/2023 12:00	160.426	160.484	158.53	159.962	21	29877750000	119511
16/03/2023 16:00	159.961	162.059	159.343	161.81	21	32041500000	128166
16/03/2023 20:00	161.81	162.09	161.474	161.734	21	17515250000	70061
17/03/2023 00:00	161.767	161.859	161.455	161.65	21	21158000000	84632
17/03/2023 04:00	161.649	161.893	161.514	161.746	21	24374000000	97496
17/03/2023 08:00	161.746	162.172	161.28	161.463	21	29504750000	118019
17/03/2023 12:00	161.463	161.651	160.152	160.774	21	31549500000	126198
17/03/2023 16:00	160.745	161.057	160.102	160.932	21	32055500000	128222
17/03/2023 20:00	160.932	161.023	160.397	160.532	21	20181750000	80727
20/03/2023 00:00	160.744	161.718	160.58	161.15	21	27487500000	109950
20/03/2023 04:00	161.149	161.282	160.456	160.689	21	26192750000	104771
20/03/2023 08:00	160.689	160.691	158.949	159.964	21	33804500000	135218
20/03/2023 12:00	159.965	161.449	159.81	161.281	21	32408500000	129634
20/03/2023 16:00	161.277	161.684	160.986	161.469	21	31180250000	124721
20/03/2023 20:00	161.469	161.55	160.981	161.131	21	19536500000	78146
21/03/2023 00:00	161.131	161.583	160.795	160.969	25	24925250000	99701
21/03/2023 04:00	160.969	161.065	160.748	160.89	21	20569750000	82279
21/03/2023 08:00	160.89	161.988	160.882	161.971	21	30186250000	120745
21/03/2023 12:00	161.971	162.249	161.667	161.806	21	30157250000	120629
21/03/2023 16:00	161.806	161.93	160.997	161.627	21	30750250000	123001
21/03/2023 20:00	161.627	161.947	161.549	161.773	21	19302250000	77209
22/03/2023 00:00	161.773	162.199	161.623	161.983	24	25758750000	103035
22/03/2023 04:00	161.984	162.109	161.693	161.922	21	25823500000	103294
22/03/2023 08:00	161.919	162.884	161.754	162.775	21	28792500000	115170
22/03/2023 12:00	162.775	163.325	162.289	162.416	21	27926500000	111706
22/03/2023 16:00	162.416	162.456	162.033	162.155	21	26678250000	106713
22/03/2023 20:00	162.154	162.304	160.779	161.123	21	26284250000	105137
23/03/2023 00:00	161.123	161.28	160.688	160.833	21	26915750000	107663
23/03/2023 04:00	160.833	161.234	160.68	161.169	21	25967500000	103870
23/03/2023 08:00	161.168	161.741	160.985	161.469	21	31224500000	124898
23/03/2023 12:00	161.469	161.843	161.202	161.45	21	30442000000	121768
23/03/2023 16:00	161.45	161.731	160.911	160.944	21	31010750000	124043
23/03/2023 20:00	160.943	161.002	159.925	160.716	21	23759750000	95039
24/03/2023 00:00	160.749	160.833	159.735	160.144	21	27194500000	108778
24/03/2023 04:00	160.144	160.323	159.755	159.852	21	27297750000	109191
24/03/2023 08:00	159.853	160.186	158.402	158.47	21	18561500000	102706
24/03/2023 12:00	158.469	159.445	158.248	159.411	21	33044000000	132176
24/03/2023 16:00	159.413	159.976	159.176	159.81	21	31615500000	126462
24/03/2023 20:00	159.808	160.014	159.746	159.896	21	15078750000	60315
27/03/2023 00:00	159.575	160.293	159.424	159.941	21	18929750000	75719
27/03/2023 04:00	159.941	160.293	159.79	159.943	21	25441750000	101767
27/03/2023 08:00	159.943	160.98	159.936	160.72	21	29979000000	119916
27/03/2023 12:00	160.72	161.419	160.667	161.247	21	28798500000	115194
27/03/2023 16:00	161.245	161.707	161.085	161.63	21	28716250000	114865
27/03/2023 20:00	161.631	161.835	161.442	161.578	21	21282500000	85130
28/03/2023 00:00	161.574	161.617	160.849	160.988	27	16264250000	65057
28/03/2023 04:00	160.989	161.152	160.761	160.848	21	25489250000	101957
28/03/2023 08:00	160.848	161.767	160.721	161.125	21	28437500000	113750
28/03/2023 12:00	161.122	161.475	160.729	160.87	21	28636000000	114544
28/03/2023 16:00	160.869	161.695	160.854	161.64	21	28474000000	113896
28/03/2023 20:00	161.648	161.65	161.114	161.445	21	18956500000	75826
29/03/2023 00:00	161.443	162.033	161.337	161.972	21	16739500000	66958
29/03/2023 04:00	161.98	162.408	161.966	162.368	21	24637000000	98548
29/03/2023 08:00	162.368	162.754	162.249	162.667	21	29168250000	116673
29/03/2023 12:00	162.667	163.468	162.31	163.41	21	29922500000	119690
29/03/2023 16:00	163.41	163.447	162.879	163.261	21	31223000000	124892
29/03/2023 20:00	163.261	163.666	163.179	163.558	21	21172750000	84691
30/03/2023 00:00	163.558	163.558	162.968	163.199	21	17318000000	69272
30/03/2023 04:00	163.199	163.338	163.037	163.201	21	24951250000	99805
30/03/2023 08:00	163.201	163.875	162.998	163.737	21	31304000000	125216
30/03/2023 12:00	163.736	164.331	163.233	164.328	21	30830750000	123323
30/03/2023 16:00	164.329	164.443	163.867	163.96	21	29369250000	117477
30/03/2023 20:00	163.96	164.412	163.771	164.262	21	20552500000	82210
31/03/2023 00:00	164.235	165.458	164.132	165.19	21	19696500000	78786
31/03/2023 04:00	165.193	165.351	164.51	164.536	21	25251250000	101005
31/03/2023 08:00	164.536	165.105	164.214	165.058	21	29231000000	116924
31/03/2023 12:00	165.058	165.24	164.477	164.887	21	28981250000	115925
31/03/2023 16:00	164.889	165.003	163.905	163.925	21	30726000000	122904
31/03/2023 20:00	163.925	163.971	163.613	163.691	21	22425750000	89703
03/04/2023 00:00	164.371	164.371	163.438	163.707	21	20729000000	82916
03/04/2023 04:00	163.706	163.925	163.412	163.897	21	25969000000	103876
03/04/2023 08:00	163.897	164.599	163.782	164.558	21	29689250000	118757
03/04/2023 12:00	164.558	164.876	164.425	164.846	21	31253250000	125013
03/04/2023 16:00	164.849	164.89	163.764	164.184	21	30055000000	120220
03/04/2023 20:00	164.184	164.533	164.055	164.272	21	21188750000	84755
04/04/2023 00:00	164.238	164.533	164.131	164.499	22	17735750000	70943
04/04/2023 04:00	164.499	164.919	164.494	164.731	21	23511500000	94046
04/04/2023 08:00	164.732	165.795	164.619	165.784	21	27905000000	111620
04/04/2023 12:00	165.782	166.391	165.627	165.733	21	29050500000	116202
04/04/2023 16:00	165.734	165.836	164.246	164.434	21	31528250000	126113
04/04/2023 20:00	164.435	164.713	164.397	164.621	21	21469250000	85877
05/04/2023 00:00	164.611	164.614	163.956	164.142	21	14967500000	59870
05/04/2023 04:00	164.137	164.661	164.042	164.318	21	25145000000	100580
05/04/2023 08:00	164.317	164.553	163.687	164.071	21	28390000000	113560
05/04/2023 12:00	164.069	164.386	163.441	163.536	21	28757250000	115029
05/04/2023 16:00	163.534	163.66	162.764	163.248	21	31970250000	127881
05/04/2023 20:00	163.248	163.612	163.173	163.516	22	19488750000	77955
06/04/2023 00:00	163.434	163.54	162.885	163.211	22	15264000000	61056
06/04/2023 04:00	163.21	163.337	162.972	163.186	21	19164250000	76657
06/04/2023 08:00	163.185	163.962	163.16	163.79	21	25386750000	101547
06/04/2023 12:00	163.79	164.098	163.296	163.54	21	25436750000	101747
06/04/2023 16:00	163.543	164.028	163.383	163.957	21	28299750000	113199
06/04/2023 20:00	163.958	164.06	163.762	163.762	27	15796500000	63186
07/04/2023 00:00	163.762	164.009	163.685	163.814	30	9889000000	39556
07/04/2023 04:00	163.814	164.053	163.662	163.904	21	19721250000	78885
07/04/2023 08:00	163.904	164.267	163.842	163.929	21	18486750000	73947
07/04/2023 12:00	163.929	164.159	163.245	164.007	21	19689000000	78756
07/04/2023 16:00	164.007	164.155	163.821	164.05	21	21165750000	84663
07/04/2023 20:00	164.05	164.305	163.911	164.079	23	12135750000	48543
10/04/2023 00:00	164.072	164.727	164.041	164.632	29	6867750000	27471
10/04/2023 04:00	164.632	164.747	164.508	164.557	23	13742750000	54971
10/04/2023 08:00	164.557	164.64	163.975	164.141	21	16074500000	64298
10/04/2023 12:00	164.14	165.016	164.108	164.666	21	20638000000	82552
10/04/2023 16:00	164.669	165.483	164.593	165.438	21	20076000000	80304
10/04/2023 20:00	165.438	165.463	165.31	165.379	26	13133000000	52532
11/04/2023 00:00	165.365	165.496	165.178	165.384	26	15003500000	60014
11/04/2023 04:00	165.384	165.647	165.366	165.453	21	22165000000	88660
11/04/2023 08:00	165.448	165.789	165.288	165.5	21	26727250000	106909
11/04/2023 12:00	165.504	165.687	165.416	165.462	21	27552250000	110209
11/04/2023 16:00	165.461	166.099	165.374	165.923	21	27723000000	110892
11/04/2023 20:00	165.921	166.174	165.832	166.075	22	17681750000	70727
12/04/2023 00:00	166.025	166.253	165.948	166.145	27	14167750000	56671
12/04/2023 04:00	166.145	166.566	166.062	166.344	21	18633250000	74533
12/04/2023 08:00	166.344	166.572	166.01	166.172	21	25242250000	100969
12/04/2023 12:00	166.172	166.235	165.357	165.574	21	31015750000	124063
12/04/2023 16:00	165.573	166.281	165.462	166.262	21	50106000000	200424
12/04/2023 20:00	166.266	166.579	166.057	166.184	21	32842000000	131368
13/04/2023 00:00	166.174	166.451	166.005	166.344	21	23393250000	93573
13/04/2023 04:00	166.344	166.495	166.187	166.44	21	31232500000	124930
13/04/2023 08:00	166.44	166.736	166.176	166.715	21	39490750000	157963
13/04/2023 12:00	166.715	166.837	166.006	166.042	21	40839250000	163357
13/04/2023 16:00	166.044	166.05	165.39	165.844	21	48223750000	192895
13/04/2023 20:00	165.843	166.31	165.841	165.995	21	27280000000	109120
14/04/2023 00:00	165.973	166.15	165.812	165.996	21	21969000000	87876
14/04/2023 04:00	165.996	166.143	165.816	166.115	21	34359750000	137439
14/04/2023 08:00	166.114	166.174	165.4	165.657	21	39724500000	158898
14/04/2023 12:00	165.657	166.076	165.478	166.068	21	39844000000	159376
14/04/2023 16:00	166.068	166.22	165.848	165.946	21	29703500000	118814
14/04/2023 20:00	165.946	166.147	165.812	166.147	21	19068000000	76272
17/04/2023 00:00	166.003	166.184	165.811	165.838	25	14006500000	56026
17/04/2023 04:00	165.839	166.422	165.827	166.388	23	21793250000	87173
17/04/2023 08:00	166.386	166.546	165.681	165.806	21	26585000000	106340
17/04/2023 12:00	165.806	166.522	165.756	166.368	21	26973000000	107892
17/04/2023 16:00	166.368	166.619	166.092	166.123	21	29481500000	117926
17/04/2023 20:00	166.122	166.436	166.111	166.371	23	15804500000	63218
18/04/2023 00:00	166.329	166.436	166.154	166.268	24	16722500000	66890
18/04/2023 04:00	166.268	166.715	166.249	166.48	22	25776250000	103105
18/04/2023 08:00	166.48	166.998	166.392	166.843	21	28413250000	113653
18/04/2023 12:00	166.844	166.927	166.461	166.772	21	28532000000	114128
18/04/2023 16:00	166.772	166.888	166.405	166.642	21	27300250000	109201
18/04/2023 20:00	166.643	166.666	166.529	166.581	21	15910250000	63641
19/04/2023 00:00	166.581	166.686	166.473	166.58	21	16805250000	67221
19/04/2023 04:00	166.58	166.84	166.495	166.798	21	21669500000	86678
19/04/2023 08:00	166.798	167.96	166.779	167.734	21	28032750000	112131
19/04/2023 12:00	167.734	167.892	166.992	167.164	21	30451250000	121805
19/04/2023 16:00	167.165	167.744	167.042	167.669	21	28459250000	113837
19/04/2023 20:00	167.669	167.728	167.488	167.529	21	18702250000	74809
20/04/2023 00:00	167.521	167.613	167.347	167.555	21	15317500000	61270
20/04/2023 04:00	167.555	167.696	167.352	167.514	21	24295750000	97183
20/04/2023 08:00	167.514	167.581	167.106	167.566	21	28572750000	114291
20/04/2023 12:00	167.559	167.596	166.929	167.216	21	29198000000	116792
20/04/2023 16:00	167.216	167.295	166.831	166.993	21	28004750000	112019
20/04/2023 20:00	166.991	167.247	166.912	166.986	21	18285250000	73141
21/04/2023 00:00	166.984	167.072	166.631	166.884	24	16232500000	64930
21/04/2023 04:00	166.883	166.934	166.32	166.428	26	22132000000	88528
21/04/2023 08:00	166.428	166.44	165.785	165.864	21	27478500000	109914
21/04/2023 12:00	165.862	166.013	165.502	165.878	21	27096250000	108385
21/04/2023 16:00	165.875	166.789	165.771	166.713	21	30803000000	123212
21/04/2023 20:00	166.711	166.912	166.64	166.873	23	18355250000	73421
24/04/2023 00:00	166.54	166.888	166.54	166.761	21	13013500000	52054
24/04/2023 04:00	166.761	167.218	166.688	167.068	21	24091250000	96365
24/04/2023 08:00	167.068	167.236	166.528	167.203	21	27812750000	111251
24/04/2023 12:00	167.203	167.612	167.023	167.494	21	27602000000	110408
24/04/2023 16:00	167.493	167.677	167.28	167.528	21	26836500000	107346
24/04/2023 20:00	167.526	167.708	167.446	167.569	21	17150000000	68600
25/04/2023 00:00	167.559	167.912	167.189	167.822	23	16032500000	64130
25/04/2023 04:00	167.822	167.946	167.549	167.611	21	22778750000	91115
25/04/2023 08:00	167.61	167.773	167.011	167.281	21	27940000000	111760
25/04/2023 12:00	167.281	167.31	166.304	166.371	21	28616250000	114465
25/04/2023 16:00	166.387	166.428	165.848	165.937	21	29815500000	119262
25/04/2023 20:00	165.937	166.015	165.411	165.888	21	22855250000	91421
26/04/2023 00:00	165.888	166.154	165.737	165.917	26	15603500000	62414
26/04/2023 04:00	165.917	165.977	165.632	165.955	24	26495250000	105981
26/04/2023 08:00	165.955	166.631	165.934	166.627	21	29561500000	118246
26/04/2023 12:00	166.626	166.979	166.189	166.647	21	31923500000	127694
26/04/2023 16:00	166.647	167	166.006	166.821	21	31708250000	126833
26/04/2023 20:00	166.821	166.913	166.252	166.644	21	22276500000	89106
27/04/2023 00:00	166.623	166.659	166.293	166.502	24	13430750000	53723
27/04/2023 04:00	166.502	166.812	166.398	166.782	27	26915000000	107660
27/04/2023 08:00	166.781	167.018	166.568	166.938	21	29086500000	116346
27/04/2023 12:00	166.938	166.96	166.302	166.652	21	29316750000	117267
27/04/2023 16:00	166.652	167.35	166.618	167	21	29675500000	118702
27/04/2023 20:00	167	167.487	166.918	167.231	21	24440000000	97760
28/04/2023 00:00	167.204	167.381	166.72	167.34	21	18160000000	72640
28/04/2023 04:00	167.339	168.237	166.419	168.065	21	29214250000	116857
28/04/2023 08:00	168.06	169.422	167.998	168.775	21	32044500000	128178
28/04/2023 12:00	168.776	169.813	168.706	169.74	21	30154500000	120618
28/04/2023 16:00	169.74	171.117	169.706	170.94	21	30892250000	123569
28/04/2023 20:00	170.941	171.168	170.843	171.158	21	21784000000	87136
01/05/2023 00:00	170.863	171.689	170.843	171.618	21	16443250000	65773
01/05/2023 04:00	171.618	172.087	171.503	171.841	21	23454500000	93818
01/05/2023 08:00	171.841	171.898	171.182	171.215	21	23964750000	95859
01/05/2023 12:00	171.215	171.714	170.982	171.685	21	27413750000	109655
01/05/2023 16:00	171.684	171.97	171.467	171.733	21	29448750000	117795
01/05/2023 20:00	171.734	171.802	171.606	171.767	21	23328500000	93314
02/05/2023 00:00	171.767	171.794	171.503	171.686	21	14712250000	58849
02/05/2023 04:00	171.686	172.093	171.674	172.056	21	24942500000	99770
02/05/2023 08:00	172.056	172.317	171.39	171.489	21	30691000000	122764
02/05/2023 12:00	171.491	171.608	171.115	171.398	21	29583250000	118333
02/05/2023 16:00	171.402	171.419	169.937	170.28	21	31883500000	127534
02/05/2023 20:00	170.278	170.536	170.157	170.159	21	21459750000	85839
03/05/2023 00:00	170.152	170.362	169.925	170.265	21	14388750000	57555
03/05/2023 04:00	170.265	170.304	169.743	169.917	22	20097000000	80388
03/05/2023 08:00	169.917	170.278	169.676	169.878	21	26034750000	104139
03/05/2023 12:00	169.876	169.973	169.17	169.21	21	28057500000	112230
03/05/2023 16:00	169.212	169.942	169.132	169.928	21	28832750000	115331
03/05/2023 20:00	169.928	170.366	169.164	169.164	21	28553500000	114214
04/05/2023 00:00	169.163	169.235	168.873	169.182	22	21403500000	85614
04/05/2023 04:00	169.182	169.426	169.096	169.31	21	23177500000	92710
04/05/2023 08:00	169.31	169.424	168.64	169.021	21	29217000000	116868
04/05/2023 12:00	169.026	169.346	168.84	169.22	21	30496000000	121984
04/05/2023 16:00	169.22	169.526	168.048	168.455	21	32844250000	131377
04/05/2023 20:00	168.455	168.907	168.394	168.755	21	24342500000	97370
05/05/2023 00:00	168.755	168.926	168.561	168.759	26	12281500000	49126
05/05/2023 04:00	168.759	169.025	168.693	168.856	21	18685250000	74741
05/05/2023 08:00	168.856	169.378	168.723	169.091	21	26686500000	106746
05/05/2023 12:00	169.093	169.721	168.973	169.615	21	25858250000	103433
05/05/2023 16:00	169.618	170.606	169.451	170.28	21	30374500000	121498
05/05/2023 20:00	170.282	170.409	170.16	170.322	21	18148500000	72594
08/05/2023 00:00	170.195	170.854	170.195	170.419	21	14465750000	57863
08/05/2023 04:00	170.417	170.634	170.312	170.46	21	20549000000	82196
08/05/2023 08:00	170.46	170.748	170.308	170.553	21	25018000000	100072
08/05/2023 12:00	170.553	171.058	170.479	170.789	21	25481750000	101927
08/05/2023 16:00	170.785	170.884	170.169	170.248	21	26925500000	107702
08/05/2023 20:00	170.248	170.549	170.226	170.426	21	19225500000	76902
09/05/2023 00:00	170.346	170.603	170.28	170.48	21	20210000000	80840
09/05/2023 04:00	170.48	170.527	170.133	170.271	21	23464000000	93856
09/05/2023 08:00	170.271	170.391	169.848	170.263	21	28929250000	115717
09/05/2023 12:00	170.263	170.437	169.979	170.144	21	28027500000	112110
09/05/2023 16:00	170.143	170.58	170.11	170.565	21	29004250000	116017
09/05/2023 20:00	170.565	170.699	170.469	170.639	21	22507750000	90031
10/05/2023 00:00	170.501	170.871	170.376	170.663	21	19054250000	76217
10/05/2023 04:00	170.662	170.823	170.594	170.67	21	23096250000	92385
10/05/2023 08:00	170.67	171.166	170.5	170.72	21	28965500000	115862
10/05/2023 12:00	170.722	170.753	170.208	170.325	21	28604250000	114417
10/05/2023 16:00	170.315	170.38	169.484	169.526	21	31138000000	124552
10/05/2023 20:00	169.526	169.707	169.093	169.549	21	24961000000	99844
11/05/2023 00:00	169.524	169.644	169.122	169.407	22	17319250000	69277
11/05/2023 04:00	169.407	169.507	169.236	169.373	21	23904250000	95617
11/05/2023 08:00	169.373	169.644	169.026	169.61	21	30448750000	121795
11/05/2023 12:00	169.61	169.73	168.4	168.429	21	31734500000	126938
11/05/2023 16:00	168.429	168.456	167.828	168.177	21	31674000000	126696
11/05/2023 20:00	168.175	168.398	168.003	168.211	21	23469250000	93877
12/05/2023 00:00	168.087	168.4	168.071	168.384	23	13379000000	53516
12/05/2023 04:00	168.384	168.56	168.279	168.532	23	23608500000	94434
12/05/2023 08:00	168.532	169.121	168.45	168.884	21	28896250000	115585
12/05/2023 12:00	168.884	168.965	168.54	168.786	21	29140250000	116561
12/05/2023 16:00	168.785	169.055	168.437	168.901	21	31141000000	124564
12/05/2023 20:00	168.903	169.112	168.837	168.966	21	19349500000	77398
15/05/2023 00:00	168.92	169.311	168.748	169.152	21	16560000000	66240
15/05/2023 04:00	169.152	169.684	169.051	169.589	21	22774500000	91098
15/05/2023 08:00	169.587	169.993	169.431	169.967	21	28502250000	114009
15/05/2023 12:00	169.967	170.414	169.798	169.956	21	29013500000	116054
15/05/2023 16:00	169.954	170.571	169.934	170.541	21	29365000000	117460
15/05/2023 20:00	170.543	170.61	170.374	170.503	21	22615000000	90460
16/05/2023 00:00	170.503	170.503	170.265	170.305	24	17056250000	68225
16/05/2023 04:00	170.307	170.429	170.141	170.319	23	21622750000	86491
16/05/2023 08:00	170.319	170.33	169.389	170.098	21	28880000000	115520
16/05/2023 12:00	170.098	170.397	169.884	170.298	21	28528500000	114114
16/05/2023 16:00	170.298	170.823	170.194	170.525	21	31626750000	126507
16/05/2023 20:00	170.525	170.537	170.07	170.263	21	23286000000	93144
17/05/2023 00:00	170.222	170.391	170.112	170.341	23	19016250000	76065
17/05/2023 04:00	170.342	170.513	170.243	170.41	21	22558250000	90233
17/05/2023 08:00	170.41	170.59	170.098	170.303	21	30087250000	120349
17/05/2023 12:00	170.303	171.051	170.189	171.001	21	29003250000	116013
17/05/2023 16:00	171.001	171.928	170.916	171.877	21	30972000000	123888
17/05/2023 20:00	171.877	171.998	171.744	171.895	21	24095500000	96382
18/05/2023 00:00	171.86	171.938	171.571	171.578	21	17741500000	70966
18/05/2023 04:00	171.578	171.751	171.411	171.635	24	23027250000	92109
18/05/2023 08:00	171.632	171.755	171.192	171.345	21	28909500000	115638
18/05/2023 12:00	171.344	171.903	171.177	171.823	21	28277000000	113108
18/05/2023 16:00	171.822	172.148	171.708	171.767	21	31304500000	125218
18/05/2023 20:00	171.767	172.127	171.665	172.098	21	23057500000	92230
19/05/2023 00:00	172.093	172.115	171.624	171.797	21	15881500000	63526
19/05/2023 04:00	171.797	171.846	171.58	171.627	21	24380000000	97520
19/05/2023 08:00	171.625	171.663	171.236	171.446	21	28925250000	115701
19/05/2023 12:00	171.448	172.493	171.435	172.466	21	30545250000	122181
19/05/2023 16:00	172.466	172.495	171.327	171.765	21	32838500000	131354
19/05/2023 20:00	171.764	171.927	171.629	171.629	21	23459500000	93838
22/05/2023 00:00	171.598	171.788	171.382	171.623	21	14954750000	59819
22/05/2023 04:00	171.623	171.657	171.364	171.632	21	26055500000	104222
22/05/2023 08:00	171.635	171.738	171.188	171.468	21	29944000000	119776
22/05/2023 12:00	171.467	172.569	171.436	172.46	21	30099250000	120397
22/05/2023 16:00	172.459	172.482	171.628	172.072	21	30511750000	122047
22/05/2023 20:00	172.071	172.405	171.827	172.348	21	22486750000	89947
23/05/2023 00:00	172.338	172.538	172.232	172.322	23	19168500000	76674
23/05/2023 04:00	172.321	172.612	172.019	172.116	22	26951750000	107807
23/05/2023 08:00	172.116	172.306	171.277	171.644	21	31285500000	125142
23/05/2023 12:00	171.644	171.981	171.325	171.884	21	30502750000	122011
23/05/2023 16:00	171.884	172.386	171.626	172.115	21	32460750000	129843
23/05/2023 20:00	172.115	172.257	171.801	172.008	21	26179750000	104719
24/05/2023 00:00	172.02	172.191	171.928	172.104	22	17194250000	68777
24/05/2023 04:00	172.104	172.121	171.883	172.109	21	19198750000	76795
24/05/2023 08:00	172.109	172.784	171.823	172.129	21	27523750000	110095
24/05/2023 12:00	172.128	172.149	171.22	171.997	21	26070250000	104281
24/05/2023 16:00	171.997	172.41	171.688	172.333	21	28984000000	115936
24/05/2023 20:00	172.332	172.442	171.938	172.418	21	27338250000	109353
25/05/2023 00:00	172.418	172.432	171.684	172.336	21	20586750000	82347
25/05/2023 04:00	172.336	172.444	172.21	172.239	21	25801500000	103206
25/05/2023 08:00	172.239	172.611	171.978	172.508	21	30987000000	123948
25/05/2023 12:00	172.507	172.762	172.135	172.418	21	30709250000	122837
25/05/2023 16:00	172.424	172.575	172.063	172.228	21	32852000000	131408
25/05/2023 20:00	172.228	172.673	172.146	172.53	21	25982750000	103931
26/05/2023 00:00	172.53	172.604	172.196	172.344	22	15183750000	60735
26/05/2023 04:00	172.344	172.49	172.234	172.313	21	19906500000	79626
26/05/2023 08:00	172.313	172.757	172.224	172.536	21	26131250000	104525
26/05/2023 12:00	172.536	173.422	172.476	173.256	21	25864500000	103458
26/05/2023 16:00	173.255	173.54	172.885	173.502	21	28593500000	114374
26/05/2023 20:00	173.504	173.725	173.47	173.587	23	16939250000	67757
29/05/2023 00:00	173.407	173.955	173.34	173.767	23	17193750000	68775
29/05/2023 04:00	173.766	173.791	173.413	173.47	21	24193750000	96775
29/05/2023 08:00	173.471	173.603	173.228	173.234	21	25925750000	103703
29/05/2023 12:00	173.234	173.275	172.935	173.095	21	24879500000	99518
29/05/2023 16:00	173.09	173.477	172.979	173.445	21	16935500000	67742
29/05/2023 20:00	173.445	173.542	173.423	173.474	29	11309250000	45237
30/05/2023 00:00	173.474	173.601	173.237	173.307	22	14246750000	56987
30/05/2023 04:00	173.307	173.397	173.074	173.382	21	25843000000	103372
30/05/2023 08:00	173.382	173.814	172.978	173.462	21	31381500000	125526
30/05/2023 12:00	173.461	174.264	173.41	173.699	21	31697000000	126788
30/05/2023 16:00	173.699	174.071	173.195	173.463	21	31302500000	125210
30/05/2023 20:00	173.463	173.517	173.055	173.514	21	22698250000	90793
31/05/2023 00:00	173.506	173.605	173.295	173.492	21	13981250000	55925
31/05/2023 04:00	173.492	173.637	173.112	173.232	21	25257750000	101031
31/05/2023 08:00	173.23	173.231	172.515	172.857	21	31828500000	127314
31/05/2023 12:00	172.869	173.154	172.539	172.842	21	28857750000	115431
31/05/2023 16:00	172.84	173.61	172.739	173.061	21	32767500000	131070
31/05/2023 20:00	173.062	173.378	172.943	173.331	21	26736250000	106945
01/06/2023 00:00	173.298	173.353	172.947	173.126	21	16203250000	64813
01/06/2023 04:00	173.126	173.568	173.043	173.314	21	26244000000	104976
01/06/2023 08:00	173.314	173.91	173.309	173.76	21	29181750000	116727
01/06/2023 12:00	173.76	174.164	173.591	173.666	21	30804500000	123218
01/06/2023 16:00	173.667	174.09	173.281	173.933	21	32267250000	129069
01/06/2023 20:00	173.937	174.011	173.765	173.836	22	21147750000	84591
02/06/2023 00:00	173.806	174.052	173.728	174.028	21	10296000000	41184
02/06/2023 04:00	174.028	174.154	173.842	174.037	21	23579750000	94319
02/06/2023 08:00	174.037	174.228	173.936	174.024	21	29440250000	117761
02/06/2023 12:00	174.022	174.313	173.836	174.245	19	30912750000	123651
02/06/2023 16:00	174.245	174.672	174.114	174.148	19	32597750000	130391
02/06/2023 20:00	174.148	174.34	174.14	174.249	20	23575000000	94300
05/06/2023 00:00	174.271	174.347	174.092	174.164	21	16681750000	66727
05/06/2023 04:00	174.166	174.326	174.03	174.147	21	25818250000	103273
05/06/2023 08:00	174.149	174.244	173.853	174.027	19	30178250000	120713
05/06/2023 12:00	174.027	174.053	173.32	173.458	19	28796000000	115184
05/06/2023 16:00	173.457	173.775	172.843	173.725	19	32110750000	128443
05/06/2023 20:00	173.725	173.827	173.405	173.606	19	24687750000	98751
06/06/2023 00:00	173.514	173.564	173.169	173.535	21	12217250000	48869
06/06/2023 04:00	173.535	173.763	173.493	173.606	21	21029750000	84119
06/06/2023 08:00	173.605	173.658	172.861	172.904	19	30416750000	121667
06/06/2023 12:00	172.904	173.394	172.671	173.327	19	28971250000	115885
06/06/2023 16:00	173.325	173.66	173.191	173.544	19	30923750000	123695
06/06/2023 20:00	173.546	173.618	173.43	173.467	19	21309000000	85236
07/06/2023 00:00	173.467	173.527	173.256	173.258	21	11176750000	44707
07/06/2023 04:00	173.258	173.274	172.892	172.989	21	25750750000	103003
07/06/2023 08:00	172.989	173.358	172.656	173.35	19	28889250000	115557
07/06/2023 12:00	173.352	173.935	173.155	173.932	19	29586750000	118347
07/06/2023 16:00	173.932	174.351	173.67	174.296	19	32856500000	131426
07/06/2023 20:00	174.293	174.42	174.143	174.219	19	25766500000	103066
08/06/2023 00:00	174.219	174.407	173.983	174.186	21	15572000000	62288
08/06/2023 04:00	174.186	174.362	173.894	174.002	21	27031000000	108124
08/06/2023 08:00	174.002	174.353	173.933	174.348	19	30409000000	121636
08/06/2023 12:00	174.348	174.397	173.914	174.026	19	29599750000	118399
08/06/2023 16:00	174.025	174.475	173.932	174.384	19	32963250000	131853
08/06/2023 20:00	174.385	174.508	174.324	174.466	19	23384250000	93537
09/06/2023 00:00	174.466	174.618	174.248	174.538	21	12553000000	50212
09/06/2023 04:00	174.538	174.851	174.527	174.712	21	26863750000	107455
09/06/2023 08:00	174.712	175.229	174.703	175.155	19	30073500000	120294
09/06/2023 12:00	175.157	175.249	174.721	175.061	19	30522750000	122091
09/06/2023 16:00	175.062	175.531	174.966	175.331	19	32438500000	129754
09/06/2023 20:00	175.331	175.393	175.146	175.3	19	22719000000	90876
12/06/2023 00:00	175.078	175.467	175.077	175.309	22	15074500000	60298
12/06/2023 04:00	175.302	175.454	175.196	175.295	21	24068750000	96275
12/06/2023 08:00	175.295	175.758	175.186	175.263	19	28981250000	115925
12/06/2023 12:00	175.263	175.407	174.643	174.703	19	30208250000	120833
12/06/2023 16:00	174.704	174.938	174.342	174.559	19	31589750000	126359
12/06/2023 20:00	174.56	174.679	174.47	174.627	19	23078250000	92313
13/06/2023 00:00	174.639	174.813	174.445	174.792	21	11947750000	47791
13/06/2023 04:00	174.792	174.838	174.548	174.795	21	21848500000	87394
13/06/2023 08:00	174.795	175.456	174.711	175.297	19	31074000000	124296
13/06/2023 12:00	175.298	175.92	174.918	175.249	19	31055500000	124222
13/06/2023 16:00	175.25	176.639	175.102	176.58	19	32898250000	131593
13/06/2023 20:00	176.58	176.842	176.412	176.819	19	25351000000	101404
14/06/2023 00:00	176.82	176.882	176.494	176.554	21	14957250000	59829
14/06/2023 04:00	176.554	176.721	176.489	176.694	21	25098000000	100392
14/06/2023 08:00	176.694	176.852	176.432	176.843	19	29937000000	119748
14/06/2023 12:00	176.843	177.136	176.75	177.044	19	29847250000	119389
14/06/2023 16:00	177.043	177.13	176.818	176.907	19	31061500000	124246
14/06/2023 20:00	176.907	177.401	176.64	177.362	19	30388750000	121555
15/06/2023 00:00	177.362	177.706	177.201	177.675	21	14754000000	59016
15/06/2023 04:00	177.674	178.579	177.661	178.522	21	29157000000	116628
15/06/2023 08:00	178.522	179.033	178.517	178.851	19	32015750000	128063
15/06/2023 12:00	178.854	178.881	178.118	178.236	19	45660750000	182643
15/06/2023 16:00	178.233	179.361	178.119	179.231	19	86833000000	347332
15/06/2023 20:00	179.231	179.388	179.099	179.278	19	48081000000	192324
16/06/2023 00:00	179.278	179.342	179.058	179.13	22	24120500000	96482
16/06/2023 04:00	179.13	179.844	178.811	179.705	21	59056750000	236227
16/06/2023 08:00	179.705	180.851	179.677	180.454	19	82385250000	329541
16/06/2023 12:00	180.454	181.269	180.09	181.066	19	76855750000	307423
16/06/2023 16:00	181.066	181.948	180.87	181.947	19	90560250000	362241
16/06/2023 20:00	181.947	182.031	181.768	181.915	19	55483500000	221934
19/06/2023 00:00	181.588	182.109	181.554	181.986	21	35232000000	140928
19/06/2023 04:00	181.986	181.99	181.21	181.292	21	62535250000	250141
19/06/2023 08:00	181.292	182.021	181.274	181.831	19	74102500000	296410
19/06/2023 12:00	181.83	181.953	181.571	181.707	19	67223500000	268894
19/06/2023 16:00	181.707	181.743	181.212	181.288	19	55176500000	220706
19/06/2023 20:00	181.288	181.657	181.274	181.604	19	19181750000	76727
20/06/2023 00:00	181.604	182.009	181.301	181.898	21	33267750000	133071
20/06/2023 04:00	181.898	182.077	181.144	181.523	21	73283750000	293135
20/06/2023 08:00	181.523	181.733	180.75	180.932	19	86605000000	346420
20/06/2023 12:00	180.932	181.106	180.107	180.218	19	89827250000	359309
20/06/2023 16:00	180.217	180.317	179.912	180.184	19	1.10457E+11	441827
20/06/2023 20:00	180.184	180.575	180.091	180.53	19	53275000000	213100
21/06/2023 00:00	180.53	180.789	180.312	180.781	21	38493000000	153972
21/06/2023 04:00	180.781	180.975	180.571	180.975	21	76456250000	305825
21/06/2023 08:00	180.975	181.592	180.549	180.609	19	89978730000	424900
21/06/2023 12:00	180.609	180.656	179.919	180.614	1	97195370000	395695
21/06/2023 16:00	180.614	181.236	180.564	181.049	19	66811540000	456802
21/06/2023 20:00	181.049	181.216	180.915	181.165	19	1.63305E+11	293100
22/06/2023 00:00	181.165	181.189	180.883	181.159	21	5.76404E+11	141896
22/06/2023 04:00	181.159	181.169	180.72	180.882	21	1.49806E+11	264315
22/06/2023 08:00	180.882	181.455	180.693	181.381	19	1.50491E+11	370775
22/06/2023 12:00	181.381	182.456	180.747	181.338	19	1.83448E+11	400315
22/06/2023 16:00	181.338	182.206	181.164	182.054	19	59264190000	437866
22/06/2023 20:00	182.054	182.553	181.94	182.416	19	1.26277E+11	251677
23/06/2023 00:00	182.416	182.497	182.182	182.378	21	6.79038E+11	158254
23/06/2023 04:00	182.378	182.423	181.632	181.816	21	3.43421E+11	325838
23/06/2023 08:00	181.816	182.446	181.23	181.692	19	3.73764E+11	424050
23/06/2023 12:00	181.692	182.472	181.575	181.603	17	69729900000	387199
23/06/2023 16:00	181.602	182.808	181.482	182.682	17	79509790000	423181
23/06/2023 20:00	182.681	182.944	182.6	182.791	1	1.39028E+11	247619
26/06/2023 00:00	182.281	182.829	182.229	182.638	1	3.5918E+11	181427
26/06/2023 04:00	182.64	182.985	182.446	182.556	21	1.17287E+11	304121
26/06/2023 08:00	182.556	182.681	181.999	182.327	17	73860210000	377822
26/06/2023 12:00	182.327	182.467	181.683	181.902	17	48801350000	180534
26/06/2023 16:00	181.902	182.656	181.868	182.647	17	19724890000	132936
26/06/2023 20:00	182.646	182.676	182.348	182.405	17	63327180000	95476
27/06/2023 00:00	182.405	182.478	182.22	182.298	38	3.79333E+11	66608
27/06/2023 04:00	182.298	182.685	182.223	182.651	21	1.47747E+11	118612
27/06/2023 08:00	182.651	183.045	182.647	183.041	17	24225490000	126364
27/06/2023 12:00	183.04	183.113	182.553	182.84	17	84687960000	198978
27/06/2023 16:00	182.84	183.69	182.617	183.557	17	49067500000	258282
27/06/2023 20:00	183.557	183.758	183.473	183.654	17	49881381000	102774
28/06/2023 00:00	183.649	183.685	183.236	183.249	21	1.57872E+11	67493
28/06/2023 04:00	183.249	183.38	183.06	183.227	21	64370190000	119738
28/06/2023 08:00	183.228	183.594	183.041	183.127	17	22515950000	126817
28/06/2023 12:00	183.123	183.167	182.405	182.516	17	20858570000	128372
28/06/2023 16:00	182.516	182.652	182.135	182.36	17	32656098000	132702
28/06/2023 20:00	182.359	182.609	182.281	182.538	17	52552117000	105198
29/06/2023 00:00	182.495	182.547	182.209	182.246	21	1.78903E+11	64392
29/06/2023 04:00	182.246	182.521	182.219	182.461	21	59013220000	115062
29/06/2023 08:00	182.461	182.859	182.239	182.417	17	30330860000	126414
29/06/2023 12:00	182.415	182.707	182.381	182.515	17	27422444000	124576
29/06/2023 16:00	182.516	182.872	182.313	182.84	17	40131731000	133741
29/06/2023 20:00	182.84	182.84	182.559	182.596	17	52470922000	97879
30/06/2023 00:00	182.54	182.846	182.459	182.796	21	1.33722E+11	60085
30/06/2023 04:00	182.794	182.958	182.58	182.678	21	72574250000	115044
30/06/2023 08:00	182.678	183.151	182.196	182.437	17	37241960000	123518
30/06/2023 12:00	182.427	183.304	182.393	183.24	17	35355250000	126540
30/06/2023 16:00	183.243	183.87	183.117	183.519	17	28289400000	132730
30/06/2023 20:00	183.518	183.591	183.118	183.205	1	38381374000	104189
03/07/2023 00:00	183.17	183.351	183.09	183.299	21	2.09193E+11	62990
03/07/2023 04:00	183.299	183.753	183.295	183.505	21	34747060000	113480
03/07/2023 08:00	183.505	183.73	183.221	183.355	17	33072810000	125786
03/07/2023 12:00	183.356	183.632	183.101	183.533	17	21024970000	126360
03/07/2023 16:00	183.534	183.73	183.091	183.703	17	43967270000	126252
03/07/2023 20:00	183.702	183.706	183.482	183.61	17	10159752000	59506
04/07/2023 00:00	183.609	183.631	183.383	183.416	21	1.81709E+11	52576
04/07/2023 04:00	183.416	183.602	183.371	183.51	21	32939220000	102897
04/07/2023 08:00	183.509	183.601	183.225	183.309	17	16544500000	116570
04/07/2023 12:00	183.306	183.852	183.258	183.816	17	6405760000	112827
04/07/2023 16:00	183.815	183.904	183.512	183.798	17	7329430000	111041
04/07/2023 20:00	183.798	183.888	183.609	183.647	17	9822334000	53018
05/07/2023 00:00	183.647	183.869	183.438	183.655	21	1.6726E+11	55552
05/07/2023 04:00	183.655	183.9	183.562	183.621	21	12780700000	99767
05/07/2023 08:00	183.621	184.007	183.195	183.507	17	7845740000	122496
05/07/2023 12:00	183.507	183.811	183.146	183.602	17	6470350000	122579
05/07/2023 16:00	183.602	183.876	183.314	183.79	17	5615970000	126479
05/07/2023 20:00	183.79	183.812	183.593	183.761	17	43021641000	99291
06/07/2023 00:00	183.761	183.761	183.054	183.126	21	1.95605E+11	60988
06/07/2023 04:00	183.127	183.502	182.726	182.887	21	14363900000	116448
06/07/2023 08:00	182.887	183.229	182.495	183.026	17	9240380000	128374
06/07/2023 12:00	183.026	183.899	182.936	183.79	17	22388739000	129429
06/07/2023 16:00	183.791	184.003	182.818	183.4	17	28966960000	134699
06/07/2023 20:00	183.401	183.71	183.37	183.519	17	30051562000	97390
07/07/2023 00:00	183.519	183.571	183.172	183.423	21	1.90165E+11	60158
07/07/2023 04:00	183.423	183.501	183.214	183.247	21	19945530000	108426
07/07/2023 08:00	183.248	183.272	182.043	182.045	17	9866070000	128443
07/07/2023 12:00	182.046	183.099	182.01	183.061	17	12779196600	124722
07/07/2023 16:00	183.062	183.109	182.079	182.589	17	13022880000	133276
07/07/2023 20:00	182.589	182.618	182.327	182.43	1	11977523000	100844
10/07/2023 00:00	182.41	182.795	182.313	182.74	21	2.72974E+11	70578
10/07/2023 04:00	182.741	183.214	182.634	183.162	21	14358036000	115725
10/07/2023 08:00	183.161	183.187	182.138	182.421	17	7326930000	123234
10/07/2023 12:00	182.42	182.643	181.5	181.632	17	5993040000	121491
10/07/2023 16:00	181.632	181.791	181.092	181.741	17	7044110000	129011
10/07/2023 20:00	181.741	181.827	181.565	181.726	17	51942511000	93133
11/07/2023 00:00	181.724	181.989	181.616	181.889	21	2.25591E+11	60323
11/07/2023 04:00	181.891	181.893	180.994	181.268	21	14969390000	114682
11/07/2023 08:00	181.268	181.765	180.789	181.105	17	7722360000	127885
11/07/2023 12:00	181.105	181.512	181.049	181.165	17	6641880000	125641
11/07/2023 16:00	181.168	181.848	181.061	181.34	17	7452930000	125993
11/07/2023 20:00	181.34	181.606	181.302	181.518	17	50420882000	94116
12/07/2023 00:00	181.518	181.518	180.767	180.912	21	2.30907E+11	64651
12/07/2023 04:00	180.912	181.14	180.66	180.872	21	17859450000	115065
12/07/2023 08:00	180.874	180.899	180.453	180.534	17	6347260000	122898
12/07/2023 12:00	180.535	180.643	179.805	180.323	17	19981690000	121649
12/07/2023 16:00	180.325	180.755	179.461	179.862	17	8050930000	135162
12/07/2023 20:00	179.863	179.956	179.496	179.838	17	38776183000	101757
13/07/2023 00:00	179.832	180.014	179.486	179.98	21	1.89572E+11	66317
13/07/2023 04:00	179.981	180.278	179.882	180.16	21	14988380000	113546
13/07/2023 08:00	180.16	180.845	179.872	180.477	17	11212726000	129728
13/07/2023 12:00	180.477	181.423	180.455	181.381	17	19467730000	125556
13/07/2023 16:00	181.381	181.46	180.786	181.055	17	7178340000	131290
13/07/2023 20:00	181.054	181.339	181.019	181.316	17	32674320000	99196
14/07/2023 00:00	181.315	181.318	180.597	180.64	21	2.36115E+11	70971
14/07/2023 04:00	180.641	180.832	180.188	180.803	21	13407880000	118654
14/07/2023 08:00	180.803	181.519	180.665	181.477	17	8144520000	126779
14/07/2023 12:00	181.477	182.044	181.429	182.006	17	6278710000	127485
14/07/2023 16:00	182.005	182.291	181.391	181.823	17	6476310000	132208
14/07/2023 20:00	181.823	181.925	181.665	181.72	1	19420757000	100251
17/07/2023 00:00	181.572	181.802	181.165	181.176	21	3.04193E+11	64914
17/07/2023 04:00	181.177	181.508	181.177	181.424	21	8444580000	105665
17/07/2023 08:00	181.423	181.755	180.936	181.22	17	6507750000	122817
17/07/2023 12:00	181.222	181.725	180.566	181.537	17	6391590000	125057
17/07/2023 16:00	181.536	182.142	181.449	181.485	17	6187740000	125773
17/07/2023 20:00	181.486	181.668	181.252	181.308	17	47562486000	94603
18/07/2023 00:00	181.299	181.611	181.191	181.55	21	2.36686E+11	64588
18/07/2023 04:00	181.553	181.648	181.234	181.3	21	13407570000	116537
18/07/2023 08:00	181.3	181.374	180.707	180.824	17	7862800000	127054
18/07/2023 12:00	180.829	181.472	180.628	180.761	19	12290270000	126872
18/07/2023 16:00	180.762	181.837	180.357	181.316	19	10120370000	132613
18/07/2023 20:00	181.316	181.358	180.926	180.971	19	59367966000	103651
19/07/2023 00:00	180.959	181.394	180.89	181.079	21	2.36776E+11	65532
19/07/2023 04:00	181.079	181.468	181.012	181.406	21	9582400000	112991
19/07/2023 08:00	181.41	181.63	180.274	180.704	19	9052483000	129966
19/07/2023 12:00	180.702	181.17	179.995	180.357	19	7265800000	127915
19/07/2023 16:00	180.354	180.387	179.818	180.236	19	14997730000	131334
19/07/2023 20:00	180.236	180.808	180.23	180.657	19	57484022000	100679
20/07/2023 00:00	180.596	180.705	180.454	180.519	21	2.43844E+11	65712
20/07/2023 04:00	180.518	180.548	180.25	180.394	21	19409410000	113621
20/07/2023 08:00	180.395	180.412	179.989	180.225	19	6823080000	125372
20/07/2023 12:00	180.224	180.224	179.717	179.98	19	9835570000	127132
20/07/2023 16:00	179.98	180.563	179.833	180.53	19	15040890000	131012
20/07/2023 20:00	180.53	180.538	180.133	180.219	19	44513258000	98866
21/07/2023 00:00	180.213	180.284	179.907	180.238	21	1.92522E+11	63996
21/07/2023 04:00	180.237	180.69	180.121	180.471	21	10643490000	106572
21/07/2023 08:00	180.471	182.525	180.444	182.469	19	8849331000	126898
21/07/2023 12:00	182.467	182.52	181.113	181.375	19	7042700000	128785
21/07/2023 16:00	181.375	182.196	181.342	182.162	19	7350240000	126264
21/07/2023 20:00	182.163	182.369	182.112	182.306	0	14680245000	94612
24/07/2023 00:00	181.875	182.337	181.874	182.275	21	1.96022E+11	65478
24/07/2023 04:00	182.276	182.279	181.738	181.963	21	14548450000	118105
24/07/2023 08:00	181.963	182.285	181.178	181.269	19	25830014000	125438
24/07/2023 12:00	181.268	181.51	180.835	180.97	19	34020935000	126572
24/07/2023 16:00	180.97	181.312	180.744	181.299	19	30525080000	129677
24/07/2023 20:00	181.301	181.542	181.281	181.448	20	74209320000	98660
25/07/2023 00:00	181.427	181.56	181.191	181.317	21	2.51664E+11	67258
25/07/2023 04:00	181.317	181.544	181.252	181.476	21	12207740000	111412
25/07/2023 08:00	181.476	182.008	181.458	181.633	19	7200850000	123851
25/07/2023 12:00	181.633	181.883	181.183	181.264	19	6860880000	120073
25/07/2023 16:00	181.264	181.664	181.145	181.643	19	13694590000	124931
25/07/2023 20:00	181.642	181.917	181.58	181.783	19	61328320000	102691
26/07/2023 00:00	181.783	181.869	181.601	181.777	21	2.28019E+11	64236
26/07/2023 04:00	181.777	181.876	181.662	181.767	21	16420480000	110922
26/07/2023 08:00	181.767	181.938	180.975	181.174	19	9776680000	126064
26/07/2023 12:00	181.174	181.41	180.905	181.03	19	7115670000	124177
26/07/2023 16:00	181.03	181.636	181.02	181.604	19	17518570000	125759
26/07/2023 20:00	181.604	181.669	181.204	181.465	19	1.62511E+11	117606
27/07/2023 00:00	181.468	181.744	181.278	181.614	21	2.5334E+11	65394
27/07/2023 04:00	181.614	181.652	180.81	181.461	21	14563250000	118321
27/07/2023 08:00	181.461	181.872	181.265	181.838	19	7540670000	130176
27/07/2023 12:00	181.838	181.919	181.241	181.461	19	14676264000	128925
27/07/2023 16:00	181.461	181.586	180.839	181.165	19	15898860000	134451
27/07/2023 20:00	181.165	181.167	177.409	178.331	19	31286078000	122439
28/07/2023 00:00	178.331	178.457	177.478	178.391	21	2.68186E+11	76865
28/07/2023 04:00	178.392	180.59	176.308	177.331	21	27779622000	126644
28/07/2023 08:00	177.331	179.08	177.057	178.876	19	20692120000	136800
28/07/2023 12:00	178.876	180.243	178.469	180.098	19	23933760000	128638
28/07/2023 16:00	180.099	181.453	180.05	181.318	19	16855940000	133030
28/07/2023 20:00	181.318	181.486	181.032	181.395	0	12706623000	110181
31/07/2023 00:00	180.962	181.357	180.866	181.155	21	2.78843E+11	80833
31/07/2023 04:00	181.155	182.423	181.047	182.286	21	22904570000	129374
31/07/2023 08:00	182.285	183.091	182.073	183.006	19	8714530000	133678
31/07/2023 12:00	183.01	183.184	182.645	182.856	19	8465360000	125229
31/07/2023 16:00	182.856	183.117	182.568	182.728	19	5657140000	131743
31/07/2023 20:00	182.73	182.841	182.496	182.591	19	38123770000	106161
01/08/2023 00:00	182.591	182.806	182.529	182.804	21	1.62553E+11	62697
01/08/2023 04:00	182.804	183.2	182.713	183.128	21	19421640000	125174
01/08/2023 08:00	183.128	183.194	182.854	183.003	19	7788500000	130430
01/08/2023 12:00	183.006	183.173	182.579	182.87	19	6618070000	128588
01/08/2023 16:00	182.872	183.245	182.606	182.977	19	7121950000	132375
01/08/2023 20:00	182.977	183.199	182.95	183.109	19	58808943000	104585
02/08/2023 00:00	183.108	183.108	182.434	182.865	21	2.85848E+11	86713
02/08/2023 04:00	182.865	183.125	182.602	182.707	21	12353310000	124366
02/08/2023 08:00	182.707	182.711	181.938	182.011	19	7022770000	135360
02/08/2023 12:00	182.01	182.605	181.928	182.175	19	25162840000	131205
02/08/2023 16:00	182.175	182.272	181.746	182.178	19	7368310000	135976
02/08/2023 20:00	182.177	182.355	182.125	182.155	19	27720361000	107975
03/08/2023 00:00	182.155	182.386	182.061	182.243	21	1.97421E+11	64377
03/08/2023 04:00	182.243	182.674	182.076	182.491	21	19676500000	121670
03/08/2023 08:00	182.489	182.757	180.996	181.059	19	8021190000	135777
03/08/2023 12:00	181.06	181.357	180.417	180.842	19	45379870000	133801
03/08/2023 16:00	180.839	181.33	180.548	181.259	19	10101177000	133911
03/08/2023 20:00	181.257	181.407	181.073	181.106	19	65555334000	109539
04/08/2023 00:00	181.106	181.723	181.055	181.624	21	1.76691E+11	68178
04/08/2023 04:00	181.624	181.735	181.227	181.347	21	16539120000	123479
04/08/2023 08:00	181.353	181.459	181.02	181.17	19	6263400000	128931
04/08/2023 12:00	181.168	181.429	181.029	181.288	19	26548140000	127349
04/08/2023 16:00	181.287	181.402	180.729	181.281	19	6892230000	134026
04/08/2023 20:00	181.28	181.44	180.6	180.73	0	21765880000	112772
07/08/2023 00:00	180.542	180.959	180.51	180.648	21	2.83919E+11	75992
07/08/2023 04:00	180.648	181.214	180.59	180.981	21	10713490000	117131
07/08/2023 08:00	180.979	181.251	180.756	181.118	19	7643550000	126518
07/08/2023 12:00	181.118	181.437	180.967	181.369	19	7336670000	121640
07/08/2023 16:00	181.369	182.055	181.239	182.053	19	6127270000	128340
07/08/2023 20:00	182.053	182.185	181.968	182.115	19	28232200000	98367
08/08/2023 00:00	182.115	182.685	181.987	182.672	21	1.82695E+11	61030
08/08/2023 04:00	182.672	182.951	182.5	182.782	21	14031520000	121515
08/08/2023 08:00	182.782	182.946	182.181	182.482	19	7331180000	129475
08/08/2023 12:00	182.484	182.513	181.372	181.755	19	6620850000	131756
08/08/2023 16:00	181.756	182.567	181.472	182.475	19	7451650000	131400
08/08/2023 20:00	182.474	182.902	182.385	182.755	19	34966138000	105710
09/08/2023 00:00	182.755	182.755	182.425	182.63	21	2.60097E+11	63704
09/08/2023 04:00	182.629	182.815	182.578	182.68	21	13123850000	114490
09/08/2023 08:00	182.68	183.001	182.52	182.744	19	7653880000	122284
09/08/2023 12:00	182.744	182.861	182.362	182.531	19	8715460000	123259
09/08/2023 16:00	182.531	183.013	182.489	182.745	19	16282070000	129346
09/08/2023 20:00	182.746	182.933	182.696	182.795	19	24366753000	104237
10/08/2023 00:00	182.786	182.929	182.664	182.82	21	1.86033E+11	55793
10/08/2023 04:00	182.82	183.178	182.687	183.095	21	12464830000	110975
10/08/2023 08:00	183.095	183.642	183.078	183.442	19	10113130000	122101
10/08/2023 12:00	183.442	183.853	183.362	183.816	19	7734410000	121666
10/08/2023 16:00	183.813	184.242	183.53	183.668	19	15531460000	134576
10/08/2023 20:00	183.669	183.698	183.294	183.426	19	38652777000	115744
11/08/2023 00:00	183.426	183.643	183.339	183.64	21	1.89242E+11	57487
11/08/2023 04:00	183.646	183.674	183.44	183.484	21	11380790000	112472
11/08/2023 08:00	183.484	184.112	183.454	183.706	19	6346110000	124491
11/08/2023 12:00	183.706	184.041	183.55	183.682	19	11840030000	124785
11/08/2023 16:00	183.68	184.238	183.626	183.922	19	18569930000	133206
11/08/2023 20:00	183.921	184.083	183.867	184.03	0	11981841000	104556
14/08/2023 00:00	183.841	184.195	183.798	183.875	0	1.98984E+11	68495
14/08/2023 04:00	183.876	183.893	183.474	183.609	21	12490700000	121986
14/08/2023 08:00	183.61	184.104	183.455	184.038	19	7676660000	126356
14/08/2023 12:00	184.038	184.323	183.842	183.958	19	8461080000	124800
14/08/2023 16:00	183.956	184.497	183.629	184.461	19	6714170000	131380
14/08/2023 20:00	184.461	184.74	184.371	184.583	19	43215031000	105897
15/08/2023 00:00	184.583	184.685	184.366	184.459	21	2.02292E+11	57721
15/08/2023 04:00	184.458	184.651	184.341	184.583	21	10913980000	116955
15/08/2023 08:00	184.583	185.261	184.371	185.133	19	11929472000	128908
15/08/2023 12:00	185.134	185.3	184.79	185.132	19	18443890000	128883
15/08/2023 16:00	185.132	185.318	184.829	185.195	19	10645170000	132475
15/08/2023 20:00	185.193	185.195	184.814	184.907	19	19321360000	106497
16/08/2023 00:00	184.907	184.965	184.737	184.833	21	2.05324E+11	59859
16/08/2023 04:00	184.833	184.958	184.701	184.824	21	10361410000	117061
16/08/2023 08:00	184.824	185.738	184.683	185.644	19	11439597000	123098
16/08/2023 12:00	185.645	185.814	185.47	185.548	19	16152160000	119163
16/08/2023 16:00	185.55	186.021	185.479	185.786	19	18331050000	130335
16/08/2023 20:00	185.785	186.323	185.72	186.299	19	34793037000	116613
17/08/2023 00:00	186.302	186.407	185.995	186.213	21	2.03461E+11	65858
17/08/2023 04:00	186.213	186.277	186.093	186.272	21	14267530000	120494
17/08/2023 08:00	186.272	186.462	185.857	185.889	19	9526710000	127137
17/08/2023 12:00	185.889	186.307	185.77	186.175	19	14933830000	129798
17/08/2023 16:00	186.174	186.457	186.013	186.453	19	9991450000	132343
17/08/2023 20:00	186.455	186.463	185.561	185.863	19	22998146000	112290
18/08/2023 00:00	185.863	185.917	185.573	185.59	21	1.81028E+11	61727
18/08/2023 04:00	185.593	185.78	185.284	185.394	21	11296850000	117044
18/08/2023 08:00	185.394	185.399	184.549	185.152	19	10457133000	126861
18/08/2023 12:00	185.153	185.361	184.635	185.114	19	11556220000	126321
18/08/2023 16:00	185.111	185.298	184.721	184.883	19	6620630000	129253
18/08/2023 20:00	184.882	185.218	184.805	185.136	0	10087774000	103781
21/08/2023 00:00	184.972	185.202	184.909	185.049	0	1.2121E+11	59782
21/08/2023 04:00	185.049	185.463	184.881	185.174	21	15348790000	107683
21/08/2023 08:00	185.175	185.315	185.003	185.307	19	6170090000	121539
21/08/2023 12:00	185.307	186.389	185.279	186.286	19	8077490000	123261
21/08/2023 16:00	186.284	186.479	186.014	186.477	19	7999630000	127294
21/08/2023 20:00	186.477	186.655	186.312	186.492	19	21600132000	100831
22/08/2023 00:00	186.492	186.761	186.336	186.605	21	1.41866E+11	55602
22/08/2023 04:00	186.606	186.624	186.326	186.444	21	13967700000	110884
22/08/2023 08:00	186.444	186.693	186.093	186.117	19	6126520000	123106
22/08/2023 12:00	186.117	186.243	185.916	185.975	19	6469870000	122101
22/08/2023 16:00	185.975	186.148	185.525	185.724	19	6182880000	127220
22/08/2023 20:00	185.724	185.852	185.536	185.725	19	17962200000	96544
23/08/2023 00:00	185.725	185.727	185.472	185.479	21	1.60901E+11	54940
23/08/2023 04:00	185.479	185.767	185.394	185.695	21	11747650000	107625
23/08/2023 08:00	185.693	185.932	184.108	184.295	19	40783687000	125943
23/08/2023 12:00	184.295	184.313	183.495	183.748	19	8360440000	128832
23/08/2023 16:00	183.747	184.057	183.365	183.968	19	5635830000	129511
23/08/2023 20:00	183.969	184.358	183.922	184.272	19	24690755000	107581
24/08/2023 00:00	184.272	184.272	183.892	184.127	21	1.45575E+11	62975
24/08/2023 04:00	184.127	184.638	184.113	184.623	21	14839740000	113609
24/08/2023 08:00	184.623	184.764	184.169	184.484	19	8472000000	122156
24/08/2023 12:00	184.484	184.612	184.18	184.32	19	21334540000	122679
24/08/2023 16:00	184.323	184.363	183.959	184.142	19	8542840000	129962
24/08/2023 20:00	184.142	184.187	183.586	183.677	19	20837625000	102286
25/08/2023 00:00	183.677	183.941	183.615	183.831	21	1.52867E+11	58512
25/08/2023 04:00	183.83	183.99	183.349	183.471	21	13321490000	111864
25/08/2023 08:00	183.47	183.882	183.375	183.757	19	19078330000	121268
25/08/2023 12:00	183.756	184.244	183.722	184.148	19	7767660000	119964
25/08/2023 16:00	184.147	184.379	183.7	184.105	19	10078870000	132186
25/08/2023 20:00	184.106	184.401	183.941	184.228	0	12392336000	106191
28/08/2023 00:00	184.183	184.56	184.118	184.507	21	1.51456E+11	63094
28/08/2023 04:00	184.507	184.637	184.461	184.54	21	12016550000	112875
28/08/2023 08:00	184.539	184.539	184.19	184.286	19	7495150000	117916
28/08/2023 12:00	184.286	184.517	184.171	184.413	19	7829680000	115337
28/08/2023 16:00	184.413	184.591	184.243	184.502	19	7125230000	124700
28/08/2023 20:00	184.502	184.701	184.422	184.628	19	20862900000	101830
29/08/2023 00:00	184.627	184.747	184.431	184.731	21	1.55207E+11	58784
29/08/2023 04:00	184.731	184.904	184.615	184.903	21	11203620000	108358
29/08/2023 08:00	184.902	184.98	184.6	184.769	19	6058960000	120627
29/08/2023 12:00	184.77	185.258	184.658	185.124	19	8760740000	125060
29/08/2023 16:00	185.126	185.146	184.064	184.145	19	10818582000	134541
29/08/2023 20:00	184.149	184.476	184.069	184.419	19	39717850000	108932
30/08/2023 00:00	184.419	184.643	184.282	184.436	21	1.71311E+11	57970
30/08/2023 04:00	184.435	184.694	184.395	184.568	21	22589290000	108892
30/08/2023 08:00	184.568	185.212	184.436	185.071	19	8490640000	126592
30/08/2023 12:00	185.071	185.547	185.057	185.447	19	16608660000	118026
30/08/2023 16:00	185.444	185.858	185.134	185.771	19	18576590000	131752
30/08/2023 20:00	185.771	186.057	185.735	186.008	19	52889693000	106425
31/08/2023 00:00	185.99	185.99	185.627	185.794	21	2.18522E+11	58948
31/08/2023 04:00	185.794	185.804	185.419	185.607	21	11789050000	108139
31/08/2023 08:00	185.607	185.742	185.1	185.278	19	9573080000	121477
31/08/2023 12:00	185.277	185.282	184.71	185.023	19	13638786000	126655
31/08/2023 16:00	185.022	185.313	184.073	184.239	19	14333080000	130783
31/08/2023 20:00	184.244	184.431	184.103	184.415	19	50208451000	104687
01/09/2023 00:00	184.407	184.493	184.181	184.323	21	1.78602E+11	54683
01/09/2023 04:00	184.325	184.362	184.089	184.304	21	10937360000	105195
01/09/2023 08:00	184.303	184.553	184.031	184.369	19	7814580000	111318
01/09/2023 12:00	184.369	184.506	183.531	183.687	19	9920015000	112506
01/09/2023 16:00	183.688	184.374	183.587	183.979	19	18853090000	134107
01/09/2023 20:00	183.979	184.146	183.934	184.124	0	6790828000	97730
04/09/2023 00:00	183.869	184.176	183.824	184.092	21	1.7752E+11	55667
04/09/2023 04:00	184.092	184.261	184.033	184.259	21	9974900000	98168
04/09/2023 08:00	184.259	184.983	184.251	184.97	19	12767580000	112500
04/09/2023 12:00	184.97	185.005	184.779	184.889	19	4918400000	110694
04/09/2023 16:00	184.889	185.075	184.728	184.984	19	4796120000	92690
04/09/2023 20:00	184.984	185.051	184.86	184.86	19	7165930000	41532
05/09/2023 00:00	184.86	185.136	184.674	185.039	21	1.41315E+11	47393
05/09/2023 04:00	185.039	185.211	184.964	185.176	21	10465880000	100650
05/09/2023 08:00	185.176	185.296	184.065	184.26	19	7166640000	124738
05/09/2023 12:00	184.26	185.161	184.235	185.101	19	13299060000	124732
05/09/2023 16:00	185.104	185.775	185.041	185.669	19	13794830000	129228
05/09/2023 20:00	185.669	185.736	185.523	185.572	19	44320471000	97005
06/09/2023 00:00	185.572	185.604	185.254	185.557	21	1.76654E+11	52202
06/09/2023 04:00	185.557	185.597	185.243	185.335	21	8949180000	102522
06/09/2023 08:00	185.337	185.466	184.922	185.108	19	30266580000	120881
06/09/2023 12:00	185.107	185.281	184.761	184.892	19	11681930000	118571
06/09/2023 16:00	184.892	185.047	184.243	184.514	19	18422760000	129783
06/09/2023 20:00	184.512	184.779	184.477	184.647	19	41688851000	96898
07/09/2023 00:00	184.634	184.762	184.463	184.634	21	2.03634E+11	52983
07/09/2023 04:00	184.634	184.698	184.304	184.418	21	8657900000	99135
07/09/2023 08:00	184.418	184.531	183.65	183.982	19	7599790000	119537
07/09/2023 12:00	183.982	184.159	183.426	183.538	19	13707910000	121167
07/09/2023 16:00	183.536	183.839	183.368	183.489	19	20251740000	127176
07/09/2023 20:00	183.489	183.753	183.488	183.691	19	17166910000	92707
08/09/2023 00:00	183.691	183.856	183.06	183.515	21	1.35835E+11	54169
08/09/2023 04:00	183.516	184.108	183.459	183.882	21	10432670000	103478
08/09/2023 08:00	183.883	184.251	183.73	184.057	19	8543000000	118647
08/09/2023 12:00	184.056	184.14	183.738	184.136	19	11441730000	121641
08/09/2023 16:00	184.136	184.459	184.088	184.14	19	6900650000	126150
08/09/2023 20:00	184.14	184.257	184.011	184.252	0	11814507000	97094
11/09/2023 00:00	183.582	183.769	182.957	183.49	21	2.78893E+11	80298
11/09/2023 04:00	183.49	183.658	182.902	183.023	21	10026010000	118580
11/09/2023 08:00	183.023	183.361	182.674	183.208	19	6305970000	124950
11/09/2023 12:00	183.208	183.906	183.109	183.512	19	5411700000	122230
11/09/2023 16:00	183.514	183.759	183.287	183.403	19	5889060000	124661
11/09/2023 20:00	183.402	183.439	183.236	183.351	19	18539327000	93331
12/09/2023 00:00	183.349	183.566	183.229	183.444	21	1.95793E+11	52614
12/09/2023 04:00	183.444	183.632	183.226	183.568	21	29490230000	99440
12/09/2023 08:00	183.568	183.929	182.941	183.005	19	8607440000	119789
12/09/2023 12:00	183.005	183.556	182.964	183.423	19	6259620000	120554
12/09/2023 16:00	183.421	183.713	183.347	183.641	19	6024470000	120984
12/09/2023 20:00	183.641	183.821	183.593	183.672	19	46463967000	98919
13/09/2023 00:00	183.672	184.058	183.591	184.036	21	1.59895E+11	53707
13/09/2023 04:00	184.038	184.232	183.925	184.155	21	9533210000	110715
13/09/2023 08:00	184.158	184.18	183.188	183.726	19	10636045000	124363
13/09/2023 12:00	183.724	184.179	183.584	184.076	19	18249120000	122998
13/09/2023 16:00	184.077	184.384	183.94	184.104	19	6911450000	130556
13/09/2023 20:00	184.103	184.211	184.021	184.154	19	19821962000	102245
14/09/2023 00:00	184.154	184.154	183.783	183.881	21	1.64885E+11	51909
14/09/2023 04:00	183.881	183.94	183.689	183.932	21	18884090000	99396
14/09/2023 08:00	183.932	184.062	183.7	183.91	19	6185370000	113381
14/09/2023 12:00	183.909	183.932	183.105	183.359	19	32880570000	117699
14/09/2023 16:00	183.365	183.404	182.511	182.771	19	6205750000	129978
14/09/2023 20:00	182.771	183.017	182.712	182.968	19	36504954000	93904
15/09/2023 00:00	182.968	183.027	182.811	183.005	21	1.78185E+11	51541
15/09/2023 04:00	183.006	183.224	182.767	183.203	21	16706580000	102184
15/09/2023 08:00	183.201	183.904	183.079	183.831	19	6253510000	121152
15/09/2023 12:00	183.831	183.845	183.23	183.302	19	9489600000	114459
15/09/2023 16:00	183.302	183.517	183.091	183.338	19	6656280000	127533
15/09/2023 20:00	183.338	183.338	183.017	183.084	0	14690174000	92762
18/09/2023 00:00	182.86	183.336	182.823	183.154	21	1.24133E+11	49657
18/09/2023 04:00	183.154	183.269	182.976	183.052	21	6806040000	92306
18/09/2023 08:00	183.052	183.102	182.716	182.774	19	5452450000	111920
18/09/2023 12:00	182.774	183.226	182.74	182.895	19	5098580000	111551
18/09/2023 16:00	182.895	183.105	182.756	182.976	19	10972360000	120795
18/09/2023 20:00	182.976	183.022	182.724	182.755	19	31611148000	89654
19/09/2023 00:00	182.745	182.943	182.714	182.804	21	1.54496E+11	51842
19/09/2023 04:00	182.803	182.961	182.775	182.883	21	10737700000	95485
19/09/2023 08:00	182.883	183.102	182.783	182.807	19	6030460000	111348
19/09/2023 12:00	182.806	183.483	182.716	183.317	19	5443970000	115072
19/09/2023 16:00	183.317	183.354	182.96	183.103	19	5764340000	118464
19/09/2023 20:00	183.103	183.293	183.068	183.204	19	54273932000	90435
20/09/2023 00:00	183.204	183.25	183.023	183.042	21	1.54009E+11	51799
20/09/2023 04:00	183.042	183.171	182.998	183.132	21	7733430000	95855
20/09/2023 08:00	183.132	183.294	182.452	183.163	19	7968993000	118366
20/09/2023 12:00	183.163	183.183	182.733	182.996	19	5017580000	116148
20/09/2023 16:00	182.996	183.339	182.958	183.195	19	11232730000	123047
20/09/2023 20:00	183.195	183.205	182.77	183.095	19	64771845000	115366
21/09/2023 00:00	183.095	183.095	182.666	182.73	21	1.7898E+11	55730
21/09/2023 04:00	182.73	182.854	182.38	182.75	21	6943060000	94652
21/09/2023 08:00	182.751	182.859	182.263	182.328	19	7363480000	113523
21/09/2023 12:00	182.328	182.419	180.782	181.498	19	7351909000	124494
21/09/2023 16:00	181.501	181.642	181.099	181.385	19	15280700000	124122
21/09/2023 20:00	181.385	181.493	181.268	181.427	19	21505915000	90870
22/09/2023 00:00	181.427	181.529	181.246	181.353	21	1.81705E+11	55628
22/09/2023 04:00	181.352	182.04	181.199	181.827	21	20775960000	109124
22/09/2023 08:00	181.827	182.304	181.471	181.694	19	7444920000	123854
22/09/2023 12:00	181.694	181.886	181.31	181.707	19	5640000000	119012
22/09/2023 16:00	181.707	182.053	181.562	181.673	19	13789290000	123501
22/09/2023 20:00	181.676	181.743	181.473	181.612	0	18276659000	96516
25/09/2023 00:00	181.628	181.813	181.446	181.683	21	2.59885E+11	75568
25/09/2023 04:00	181.683	181.735	181.545	181.603	21	11611220000	100316
25/09/2023 08:00	181.603	181.819	181.477	181.541	19	11852860000	115373
25/09/2023 12:00	181.54	181.949	181.399	181.706	19	6143890000	117620
25/09/2023 16:00	181.704	181.813	181.506	181.759	19	5307970000	126143
25/09/2023 20:00	181.759	181.84	181.617	181.786	19	29713739000	95716
26/09/2023 00:00	181.794	181.794	181.52	181.712	21	2.04706E+11	59818
26/09/2023 04:00	181.712	181.802	181.53	181.709	21	10533780000	111601
26/09/2023 08:00	181.709	181.725	181.115	181.434	19	8336590000	126308
26/09/2023 12:00	181.434	181.544	181.26	181.392	19	12246800000	123602
26/09/2023 16:00	181.392	181.535	181.043	181.252	19	12490760000	125802
26/09/2023 20:00	181.252	181.31	181.047	181.219	19	46230430000	96701
27/09/2023 00:00	181.219	181.24	180.917	180.956	21	1.8801E+11	58304
27/09/2023 04:00	180.956	181.069	180.879	181.009	21	9218240000	107294
27/09/2023 08:00	181.01	181.256	180.922	181.096	19	5538630000	120947
27/09/2023 12:00	181.095	181.315	180.986	181.173	19	17398580000	124401
27/09/2023 16:00	181.172	181.542	181.13	181.403	19	10790710000	129471
27/09/2023 20:00	181.405	181.67	181.186	181.554	19	34213823000	109885
28/09/2023 00:00	181.557	181.566	181.157	181.495	21	1.85485E+11	60274
28/09/2023 04:00	181.495	181.568	181.227	181.288	21	9248200000	111404
28/09/2023 08:00	181.287	181.837	181.051	181.808	19	11364250000	122880
28/09/2023 12:00	181.81	182.353	181.804	181.996	19	9428546000	125763
28/09/2023 16:00	181.995	182.416	181.867	182.116	19	17401640000	132236
28/09/2023 20:00	182.118	182.196	181.939	182.136	19	35533166000	103483
29/09/2023 00:00	182.089	182.346	181.932	182.26	21	1.67735E+11	53164
29/09/2023 04:00	182.26	182.657	182.24	182.551	21	9904360000	107544
29/09/2023 08:00	182.551	182.606	181.897	182.383	19	11608160000	125198
29/09/2023 12:00	182.374	183.016	182.291	182.891	19	21461450000	126324
29/09/2023 16:00	182.888	182.888	181.883	182.346	19	25517680000	133685
29/09/2023 20:00	182.346	182.4	182.102	182.216	0	19134167000	114028
02/10/2023 00:00	182.285	182.527	182.091	182.426	21	2.51438E+11	71065
02/10/2023 04:00	182.426	182.624	182.405	182.464	21	8557700000	101921
02/10/2023 08:00	182.462	182.811	182.19	182.471	19	5712870000	118768
02/10/2023 12:00	182.47	182.475	181.866	182.023	19	7077730000	122616
02/10/2023 16:00	182.021	182.028	181.394	181.399	19	6597220000	130889
02/10/2023 20:00	181.399	181.603	181.106	181.11	19	39784427000	106571
03/10/2023 00:00	181.109	181.192	180.948	181.139	21	1.66095E+11	59591
03/10/2023 04:00	181.139	181.146	180.769	180.809	21	33885000000	105621
03/10/2023 08:00	180.809	181.198	180.582	181.085	19	13110680000	119037
03/10/2023 12:00	181.084	181.151	180.665	180.999	19	5387300000	121370
03/10/2023 16:00	180.999	181.368	178.083	180.032	19	9692260000	131308
03/10/2023 20:00	180.034	180.133	179.621	179.905	19	18679910000	101503
04/10/2023 00:00	179.906	180.277	179.806	180.219	21	2.06871E+11	64383
04/10/2023 04:00	180.219	180.25	179.933	180.21	21	12779780000	108795
04/10/2023 08:00	180.21	180.479	179.556	180.471	19	6996010000	119501
04/10/2023 12:00	180.469	181.251	180.46	181.166	19	14453080000	122253
04/10/2023 16:00	181.164	181.24	180.406	180.915	19	4950660000	131580
04/10/2023 20:00	180.915	181.125	180.801	180.946	19	16411938000	110503
05/10/2023 00:00	180.93	180.942	180.397	180.48	21	1.72008E+11	57752
05/10/2023 04:00	180.476	180.661	180.284	180.572	21	11152530000	109265
05/10/2023 08:00	180.572	180.938	180.523	180.641	5	6342060000	119247
05/10/2023 12:00	180.641	180.949	180.445	180.663	5	6072270000	121763
05/10/2023 16:00	180.663	180.853	180.474	180.757	5	6745020000	132488
05/10/2023 20:00	180.757	181.071	180.594	181.048	5	43440500000	104092
06/10/2023 00:00	181.046	181.106	180.792	181.06	9	79394140000	52520
06/10/2023 04:00	181.06	181.189	180.843	181.134	9	18602690000	103099
06/10/2023 08:00	181.134	181.734	181.121	181.649	5	5979450000	115629
06/10/2023 12:00	181.65	182.078	180.959	181.134	5	9257090000	171732
06/10/2023 16:00	181.134	182.761	181.064	182.646	5	7765610000	149190
06/10/2023 20:00	182.646	182.982	182.594	182.695	0	32829924000	99178
09/10/2023 00:00	181.779	182.318	181.779	182.24	9	3.31674E+11	80545
09/10/2023 04:00	182.24	182.245	181.898	181.929	9	17477850000	103672
09/10/2023 08:00	181.93	182.202	181.442	181.62	5	6048620000	121243
09/10/2023 12:00	181.62	181.772	181.431	181.613	5	5774780000	117871
09/10/2023 16:00	181.613	181.914	181.254	181.404	5	5290390000	123772
09/10/2023 20:00	181.405	181.853	181.404	181.72	5	39211961000	95698
10/10/2023 00:00	181.72	182.039	181.543	181.893	9	98446980000	60758
10/10/2023 04:00	181.894	181.953	181.738	181.858	9	17440430000	103057
10/10/2023 08:00	181.862	182.642	181.555	182.63	5	5287510000	122668
10/10/2023 12:00	182.633	182.785	182.348	182.43	5	5060290000	122728
10/10/2023 16:00	182.428	182.693	182.353	182.585	5	6081430000	126565
10/10/2023 20:00	182.585	182.741	182.326	182.69	5	37164590000	96191
11/10/2023 00:00	182.69	182.734	182.439	182.725	9	87380130000	54021
11/10/2023 04:00	182.725	183.02	182.669	183.003	9	15727640000	93150
11/10/2023 08:00	183.001	183.122	182.486	182.568	5	4818420000	116905
11/10/2023 12:00	182.568	183.347	182.492	183.301	5	5733370000	119877
11/10/2023 16:00	183.3	183.747	183.182	183.404	5	5601520000	126825
11/10/2023 20:00	183.404	183.729	183.228	183.653	5	47560235000	102241
12/10/2023 00:00	183.653	183.694	183.322	183.636	9	95622590000	52136
12/10/2023 04:00	183.636	183.817	183.535	183.713	9	16866850000	102344
12/10/2023 08:00	183.712	183.784	183.284	183.312	5	5655210000	115462
12/10/2023 12:00	183.312	183.65	183.1	183.259	5	8082794000	115469
12/10/2023 16:00	183.257	183.329	182.668	182.698	5	11781525000	129234
12/10/2023 20:00	182.696	182.707	182.331	182.37	5	51198950000	103777
13/10/2023 00:00	182.37	182.595	182.325	182.508	9	99704000000	50278
13/10/2023 04:00	182.508	182.825	182.477	182.613	5	33942025000	92550
13/10/2023 08:00	182.615	182.946	182.42	182.843	5	12731925000	115347
13/10/2023 12:00	182.843	182.874	181.916	182.262	5	14400050000	125431
13/10/2023 16:00	182.264	182.282	181.51	181.53	5	12129132000	128548
13/10/2023 20:00	181.532	181.663	181.271	181.662	0	46126219000	104383
16/10/2023 00:00	181.111	181.811	181.111	181.589	9	1.29559E+11	68825
16/10/2023 04:00	181.591	181.733	181.582	181.712	9	28588700000	90016
16/10/2023 08:00	181.712	182.17	181.666	181.776	5	11100475000	117265
16/10/2023 12:00	181.775	182.138	181.528	181.976	5	11304825000	116016
16/10/2023 16:00	181.976	182.557	181.871	182.489	5	9763450000	117935
16/10/2023 20:00	182.488	182.739	182.445	182.643	5	47169175000	86700
17/10/2023 00:00	182.497	182.728	182.373	182.533	9	1.27579E+11	51895
17/10/2023 04:00	182.532	182.561	182.362	182.4	9	27574900000	87204
17/10/2023 08:00	182.4	182.49	181.85	181.92	5	9838008000	110585
17/10/2023 12:00	181.92	182.193	181.047	181.838	5	12827948000	116688
17/10/2023 16:00	181.839	182.802	181.791	182.582	5	11039125000	123984
17/10/2023 20:00	182.581	182.619	182.33	182.493	5	38202025000	88519
18/10/2023 00:00	182.487	182.528	182.083	182.161	9	1.11677E+11	52164
18/10/2023 04:00	182.162	182.374	182.066	182.311	9	29568475000	95149
18/10/2023 08:00	182.307	182.765	182.271	182.713	5	10991385000	115339
18/10/2023 12:00	182.713	182.814	182.267	182.322	5	12452500000	120156
18/10/2023 16:00	182.322	182.464	181.849	182.074	5	12506225000	128068
18/10/2023 20:00	182.073	182.327	181.923	182.003	5	48472775000	101447
19/10/2023 00:00	182.003	182.003	181.742	181.824	9	1.25794E+11	58641
19/10/2023 04:00	181.825	181.873	181.608	181.651	9	27178325000	95654
19/10/2023 08:00	181.651	181.894	181.328	181.398	5	10605625000	114258
19/10/2023 12:00	181.398	181.936	181.174	181.908	5	11406473000	115771
19/10/2023 16:00	181.909	182.522	181.83	182.29	5	12579825000	130878
19/10/2023 20:00	182.29	182.408	181.817	181.879	5	53530900000	109217
20/10/2023 00:00	181.885	181.904	181.629	181.701	9	1.21357E+11	55230
20/10/2023 04:00	181.701	181.959	181.653	181.845	9	29238200000	92070
20/10/2023 08:00	181.845	181.916	181.298	181.792	5	12373957000	116741
20/10/2023 12:00	181.792	182.162	181.625	182.064	5	12250075000	114842
20/10/2023 16:00	182.064	182.306	181.869	182.128	5	12614075000	121972
20/10/2023 20:00	182.131	182.371	182.063	182.301	0	38731850000	96194
23/10/2023 00:00	182.097	182.317	182.062	182.261	5	1.19328E+11	51343
23/10/2023 04:00	182.261	182.268	182.083	182.164	9	24155875000	74510
23/10/2023 08:00	182.164	182.626	182.107	182.351	5	13328500000	107590
23/10/2023 12:00	182.351	182.603	182.098	182.391	5	11056175000	113924
23/10/2023 16:00	182.391	183.28	182.189	183.109	5	12200125000	125520
23/10/2023 20:00	183.11	183.422	183.047	183.353	5	50605824000	98554
24/10/2023 00:00	183.353	183.527	183.071	183.434	5	1.14592E+11	50026
24/10/2023 04:00	183.434	183.589	183.261	183.552	5	30849025000	93467
24/10/2023 08:00	183.552	183.754	182.965	183.361	5	11981565000	115835
24/10/2023 12:00	183.361	183.392	182.74	182.813	5	10177675000	115509
24/10/2023 16:00	182.813	182.871	182.054	182.132	5	11832875000	122953
24/10/2023 20:00	182.131	182.349	182.121	182.263	5	54210309000	92710
25/10/2023 00:00	182.263	182.374	182.157	182.348	5	94257525000	51175
25/10/2023 04:00	182.347	182.438	182.266	182.435	9	26024525000	82928
25/10/2023 08:00	182.434	182.452	181.887	181.964	5	10261700000	105993
25/10/2023 12:00	181.964	181.979	181.628	181.863	5	12425975000	110016
25/10/2023 16:00	181.863	182.223	181.761	181.872	5	12260655000	125474
25/10/2023 20:00	181.871	181.996	181.639	181.906	5	47092087000	102520
26/10/2023 00:00	181.891	181.896	181.502	181.603	5	1.39631E+11	58764
26/10/2023 04:00	181.603	181.821	181.543	181.718	9	29318700000	94303
26/10/2023 08:00	181.718	182.114	181.129	181.676	5	11069700000	114683
26/10/2023 12:00	181.677	182.102	181.411	182.102	5	11993229000	112503
26/10/2023 16:00	182.11	182.356	181.888	182.078	5	11869625000	129338
26/10/2023 20:00	182.078	182.586	182.044	182.368	5	54236960000	102361
27/10/2023 00:00	182.368	182.5	182.271	182.361	5	1.20336E+11	54880
27/10/2023 04:00	182.361	182.374	182.191	182.271	9	30177675000	86126
27/10/2023 08:00	182.27	182.347	181.795	182.018	5	11643525000	111828
27/10/2023 12:00	182.018	182.176	181.6	181.81	5	11635347000	113581
27/10/2023 16:00	181.813	182.029	181.518	181.531	5	12569950000	125904
27/10/2023 20:00	181.531	181.531	181.042	181.4	0	47094748000	106778
30/10/2023 00:00	181.272	181.427	181.261	181.37	9	29470959000	77521
30/10/2023 04:00	181.403	181.403	181.189	181.272	5	23350900000	74754
30/10/2023 08:00	181.273	181.588	180.767	181.481	5	11446900000	110938
30/10/2023 12:00	181.48	181.877	181.395	181.778	5	11223650000	115266
30/10/2023 16:00	181.78	181.79	180.932	181.156	5	12323700000	119398
30/10/2023 20:00	181.156	181.492	181.111	181.349	5	45657435000	65720
31/10/2023 00:00	181.355	181.73	181.281	181.672	9	1.09877E+11	71266
31/10/2023 04:00	181.672	182.503	181.353	182.503	5	34091635000	103889
31/10/2023 08:00	182.5	183.772	182.358	183.695	5	10880184000	117781
31/10/2023 12:00	183.692	183.837	183.198	183.261	5	12220841000	121637
31/10/2023 16:00	183.266	184.102	183.142	184.056	5	12575280000	128691
31/10/2023 20:00	184.056	184.375	183.967	184.197	5	51251667000	80185
01/11/2023 00:00	184.213	184.277	183.602	183.672	9	1.44023E+11	77029
01/11/2023 04:00	183.672	183.757	183.522	183.634	5	20309150000	87032
01/11/2023 08:00	183.634	184.003	183.491	183.571	5	10255100000	107253
01/11/2023 12:00	183.571	183.625	183.01	183.146	5	13455386000	118781
01/11/2023 16:00	183.148	183.62	182.952	182.989	5	13057981000	118837
01/11/2023 20:00	182.989	183.438	182.947	183.378	5	54403135000	89903
02/11/2023 00:00	183.397	183.555	183.198	183.252	9	1.25736E+11	79898
02/11/2023 04:00	183.25	183.344	183.053	183.301	5	24316175000	87935
02/11/2023 08:00	183.303	183.308	182.741	183.146	5	11519420000	109263
02/11/2023 12:00	183.146	183.703	183.019	183.271	5	13318499000	121183
02/11/2023 16:00	183.273	183.523	183.016	183.519	5	12199700000	120936
02/11/2023 20:00	183.52	183.718	183.428	183.547	5	55508675000	75022
03/11/2023 00:00	183.556	183.635	183.222	183.402	9	88526950000	58992
03/11/2023 04:00	183.402	183.507	183.328	183.441	5	21431725000	78250
03/11/2023 08:00	183.441	183.607	183.263	183.586	5	9730225000	102287
03/11/2023 12:00	183.586	184.256	183.527	184.163	5	12630689000	118117
03/11/2023 16:00	184.207	185.019	184.157	184.972	5	11827419000	128493
03/11/2023 20:00	184.972	184.986	184.813	184.88	0	46276239000	68892
06/11/2023 00:00	184.6	185.114	184.6	184.962	9	98946950000	69190
06/11/2023 04:00	184.962	185.206	184.956	185.109	5	24310725000	87517
06/11/2023 08:00	185.109	185.726	185.063	185.573	5	9992175000	107886
06/11/2023 12:00	185.573	185.964	185.496	185.539	5	9573900000	108233
06/11/2023 16:00	185.539	185.736	185.316	185.385	5	10652775000	114279
06/11/2023 20:00	185.385	185.411	185.096	185.235	5	1.25566E+11	92161
07/11/2023 00:00	185.231	185.31	185.095	185.183	9	1.1176E+11	58082
07/11/2023 04:00	185.183	185.371	185.104	185.361	5	21581978000	85112
07/11/2023 08:00	185.361	185.459	185.026	185.085	5	10562650000	107848
07/11/2023 12:00	185.084	185.313	184.649	185.22	5	10911225000	116039
07/11/2023 16:00	185.22	185.302	184.678	184.748	5	10423500000	119620
07/11/2023 20:00	184.748	185.041	184.703	184.925	5	1.10623E+11	88916
08/11/2023 00:00	184.929	185.038	184.804	184.948	9	89519805000	61724
08/11/2023 04:00	184.948	184.985	184.778	184.915	5	22839725000	88569
08/11/2023 08:00	184.915	185.01	184.549	184.644	5	9189700000	109001
08/11/2023 12:00	184.646	185.113	184.553	185.069	5	8444150000	107986
08/11/2023 16:00	185.069	185.536	185.031	185.5	5	10163525000	122987
08/11/2023 20:00	185.501	185.675	185.438	185.439	5	1.24778E+11	99552
09/11/2023 00:00	185.451	185.512	185.261	185.406	9	1.53206E+11	63199
09/11/2023 04:00	185.406	185.489	185.322	185.444	5	23852825000	86532
09/11/2023 08:00	185.447	185.895	185.249	185.783	5	10365450000	110923
09/11/2023 12:00	185.779	185.853	185.13	185.269	5	9558850000	111008
09/11/2023 16:00	185.271	185.51	185.134	185.317	5	10554100000	121813
09/11/2023 20:00	185.316	185.359	184.844	184.975	5	1.65597E+11	110437
10/11/2023 00:00	184.975	184.99	184.817	184.878	9	73525450000	65809
10/11/2023 04:00	184.887	185.111	184.846	185.094	5	20981775000	87189
10/11/2023 08:00	185.095	185.219	184.861	185.023	5	12174717000	110517
10/11/2023 12:00	185.022	185.164	184.808	185.019	5	10057400000	112244
10/11/2023 16:00	185.022	185.178	184.638	185.158	5	12508956000	123990
10/11/2023 20:00	185.158	185.339	185.13	185.273	0	1.55316E+11	93047
13/11/2023 00:00	184.885	185.471	184.865	185.446	5	64247725000	61165
13/11/2023 04:00	185.446	185.651	185.386	185.62	5	22187250000	78724
13/11/2023 08:00	185.622	185.914	185.594	185.826	5	9017025000	102908
13/11/2023 12:00	185.826	185.965	185.697	185.91	5	9645550000	101979
13/11/2023 16:00	185.911	186.051	185.263	186.03	5	10190175000	115153
13/11/2023 20:00	186.03	186.313	185.977	186.289	5	1.32249E+11	79376
14/11/2023 00:00	186.289	186.324	185.969	186.215	5	51208775000	51949
14/11/2023 04:00	186.215	186.235	186.09	186.13	5	20857125000	73548
14/11/2023 08:00	186.13	186.634	186.116	186.629	5	9083300000	100220
14/11/2023 12:00	186.631	187.288	186.224	187.259	5	10490403000	107677
14/11/2023 16:00	187.259	188.287	187.248	188.139	5	11786950000	129108
14/11/2023 20:00	188.139	188.141	187.739	187.938	5	1.38097E+11	87328
15/11/2023 00:00	187.938	188.184	187.698	187.986	5	68341128000	65363
15/11/2023 04:00	187.983	188.237	187.941	188.158	5	22911200000	85776
15/11/2023 08:00	188.158	188.223	187.357	187.438	5	11805900000	113685
15/11/2023 12:00	187.439	187.678	187.18	187.604	5	12793812000	112750
15/11/2023 16:00	187.605	187.921	187.495	187.784	5	11164500000	125384
15/11/2023 20:00	187.784	188.002	187.707	187.867	5	1.38204E+11	87979
16/11/2023 00:00	187.896	187.926	187.48	187.537	5	50454800000	58047
16/11/2023 04:00	187.537	187.579	187.302	187.542	5	19531225000	81898
16/11/2023 08:00	187.545	187.716	187.337	187.604	5	10351275000	106919
16/11/2023 12:00	187.604	187.664	187.267	187.429	5	10030199000	110354
16/11/2023 16:00	187.43	187.449	186.829	187.012	5	12710300000	126583
16/11/2023 20:00	187.012	187.15	186.854	187.099	5	1.24442E+11	80814
17/11/2023 00:00	187.099	187.142	186.782	186.968	9	44980900000	56599
17/11/2023 04:00	186.968	187.012	186.628	187.002	5	19975750000	80917
17/11/2023 08:00	187.002	187.054	185.319	185.67	5	11766400000	110311
17/11/2023 12:00	185.67	185.909	185.502	185.865	5	11700575000	119532
17/11/2023 16:00	185.865	186.256	185.721	186.16	5	11021625000	121688
17/11/2023 20:00	186.161	186.562	186.146	186.482	0	1.27736E+11	85789
20/11/2023 00:00	186.285	186.787	186.057	186.416	9	94292275000	75153
20/11/2023 04:00	186.416	186.485	185.763	186.061	5	27420850000	102631
20/11/2023 08:00	186.061	186.165	185.084	185.408	5	11059825000	114399
20/11/2023 12:00	185.408	185.408	184.63	185.241	5	11610000000	110545
20/11/2023 16:00	185.241	185.523	185.185	185.449	5	10582525000	112499
20/11/2023 20:00	185.449	185.623	185.365	185.516	5	1.2839E+11	84895
21/11/2023 00:00	185.516	185.642	185.161	185.273	5	58883793000	65248
21/11/2023 04:00	185.267	185.428	184.584	185.12	5	27642675000	97678
21/11/2023 08:00	185.118	185.234	184.466	185.173	5	10683600000	113668
21/11/2023 12:00	185.173	185.256	184.939	185.112	5	10278575000	109390
21/11/2023 16:00	185.112	185.655	184.943	185.649	5	10848247000	118517
21/11/2023 20:00	185.648	186.094	185.561	186.042	5	1.20119E+11	88810
22/11/2023 00:00	186.041	186.041	185.63	185.901	9	69086625000	66634
22/11/2023 04:00	185.901	186.381	185.743	186.325	5	25225125000	84144
22/11/2023 08:00	186.324	187.026	186.297	186.825	5	11363375000	114605
22/11/2023 12:00	186.825	186.868	186.208	186.776	5	11034745000	116087
22/11/2023 16:00	186.775	186.795	186.32	186.711	5	13502108000	123905
22/11/2023 20:00	186.71	186.947	186.706	186.821	5	1.22461E+11	81529
23/11/2023 00:00	186.805	186.847	186.349	186.41	9	58431775000	55766
23/11/2023 04:00	186.41	186.591	186.287	186.41	5	20645800000	77135
23/11/2023 08:00	186.41	187.671	186.344	187.417	5	11473500000	108713
23/11/2023 12:00	187.418	187.537	187.188	187.399	5	9035175000	102133
23/11/2023 16:00	187.399	187.588	187.337	187.495	5	7282175000	83634
23/11/2023 20:00	187.498	187.524	187.397	187.397	5	65275893000	35271
24/11/2023 00:00	187.397	187.644	187.265	187.389	9	59583625000	59634
24/11/2023 04:00	187.381	187.428	187.138	187.247	5	18153950000	77989
24/11/2023 08:00	187.247	187.887	187.105	187.78	5	9011325000	103845
24/11/2023 12:00	187.778	188.16	187.694	188.144	5	8916875000	104709
24/11/2023 16:00	188.144	188.662	188.122	188.515	5	9566390000	105510
24/11/2023 20:00	188.513	188.548	188.157	188.333	0	18295064000	74472
27/11/2023 00:00	188.216	188.526	187.906	187.933	9	66576400000	67744
27/11/2023 04:00	187.934	188.088	187.603	188.07	5	22771025000	95258
27/11/2023 08:00	188.07	188.27	187.77	188.236	5	9147650000	109981
27/11/2023 12:00	188.236	188.346	187.77	187.881	5	10430825000	112422
27/11/2023 16:00	187.881	188.032	187.636	187.739	5	10820775000	120598
27/11/2023 20:00	187.739	187.826	187.613	187.728	5	1.1704E+11	85765
28/11/2023 00:00	187.728	187.778	187.106	187.245	9	61472072000	69527
28/11/2023 04:00	187.245	187.338	187.054	187.221	5	21117875000	92496
28/11/2023 08:00	187.221	187.868	187.129	187.583	5	9565825000	114556
28/11/2023 12:00	187.582	187.876	187.282	187.563	5	9268725000	114200
28/11/2023 16:00	187.563	187.723	187.134	187.281	5	11954450000	132036
28/11/2023 20:00	187.278	187.296	187.07	187.182	5	1.43624E+11	96833
29/11/2023 00:00	187.175	187.257	186.619	186.841	5	1.04988E+11	78552
29/11/2023 04:00	186.84	187.267	186.725	187.068	5	25218150000	99101
29/11/2023 08:00	187.066	187.394	186.843	187.126	5	11455000000	121434
29/11/2023 12:00	187.125	187.538	186.976	187.408	5	12180483000	120937
29/11/2023 16:00	187.407	187.524	186.692	186.989	5	11646700000	125389
29/11/2023 20:00	186.989	187.237	186.846	186.902	5	1.43004E+11	93217
30/11/2023 00:00	186.874	186.886	186.435	186.629	9	76157800000	68753
30/11/2023 04:00	186.629	186.878	186.611	186.714	5	22508525000	93469
30/11/2023 08:00	186.712	186.928	186.233	186.46	5	10669340000	118984
30/11/2023 12:00	186.46	186.799	186.459	186.708	5	12502422000	122293
30/11/2023 16:00	186.709	187.567	186.694	187.04	5	12732458000	130035
30/11/2023 20:00	187.04	187.167	186.989	187.048	5	1.4817E+11	96164
01/12/2023 00:00	186.997	187.112	186.68	186.896	9	76579050000	76454
01/12/2023 04:00	186.896	187.243	186.867	187.211	5	24565375000	93328
01/12/2023 08:00	187.21	187.52	187.048	187.303	5	11124175000	113640
01/12/2023 12:00	187.305	187.49	187.093	187.156	5	10204860000	114311
01/12/2023 16:00	187.155	187.176	186.196	186.423	5	13523994000	133080
01/12/2023 20:00	186.423	186.658	186.385	186.575	5	1.48138E+11	99043
04/12/2023 00:00	186.031	186.492	185.523	185.889	5	49267814000	94393
04/12/2023 04:00	185.889	186.155	185.773	186.119	5	20230293000	96244
04/12/2023 08:00	186.117	186.336	185.738	185.824	5	11623240000	120626
04/12/2023 12:00	185.824	185.929	185.52	185.618	5	10697625000	120607
04/12/2023 16:00	185.619	185.909	185.074	185.864	5	11088450000	128200
04/12/2023 20:00	185.864	186.048	185.805	185.949	5	1.25009E+11	84728
05/12/2023 00:00	185.919	186.19	185.717	185.953	7	92786650000	76088
05/12/2023 04:00	185.953	185.996	185.806	185.826	5	20590981000	89540
05/12/2023 08:00	185.826	185.899	185.065	185.757	5	10456675000	119487
05/12/2023 12:00	185.756	185.954	185.452	185.493	5	10320450000	118813
05/12/2023 16:00	185.492	185.765	185.282	185.313	5	11686720000	128796
05/12/2023 20:00	185.313	185.417	185.223	185.299	5	1.28332E+11	82791
06/12/2023 00:00	185.266	185.677	185.156	185.588	5	65847232000	67261
06/12/2023 04:00	185.588	185.794	185.536	185.604	5	21463650000	90179
06/12/2023 08:00	185.604	185.663	185.14	185.627	5	10125000000	114178
06/12/2023 12:00	185.627	185.807	184.982	185.304	5	12187856000	116749
06/12/2023 16:00	185.304	185.508	185.106	185.213	5	11388803000	122580
06/12/2023 20:00	185.213	185.238	184.982	184.999	5	1.25596E+11	79615
07/12/2023 00:00	184.999	184.999	184.399	184.481	9	65612200000	69608
07/12/2023 04:00	184.481	184.52	183.861	183.91	5	23630050000	103167
07/12/2023 08:00	183.91	184.025	182.272	182.326	5	11891725000	129134
07/12/2023 12:00	182.326	182.671	181.887	182.254	5	14179357000	129665
07/12/2023 16:00	182.253	182.261	178.566	180.572	5	15307325000	132432
07/12/2023 20:00	180.572	181.54	180.205	181.464	5	1.46221E+11	100991
08/12/2023 00:00	181.451	181.664	179.551	180.512	9	1.08793E+11	87909
08/12/2023 04:00	180.51	181.497	180.123	181.179	5	33774550000	111116
08/12/2023 08:00	181.176	181.588	180.64	181.182	5	12815850000	124324
08/12/2023 12:00	181.182	182.042	180.747	180.901	5	14128457000	126785
08/12/2023 16:00	180.9	181.746	180.464	181.667	5	13642627000	132843
08/12/2023 20:00	181.665	181.954	181.644	181.911	0	1.3924E+11	92716
11/12/2023 00:00	181.534	182.706	181.534	182.472	9	89423525000	84123
11/12/2023 04:00	182.472	182.618	182.263	182.56	5	30675175000	102563
11/12/2023 08:00	182.563	183.724	182.331	183.522	5	12726700000	120585
11/12/2023 12:00	183.522	184.327	183.486	184.048	5	10994750000	116777
11/12/2023 16:00	184.048	184.072	183.595	183.672	5	10522700000	123708
11/12/2023 20:00	183.673	183.729	183.444	183.479	5	1.31147E+11	86889
12/12/2023 00:00	183.479	183.565	182.904	183.121	9	67228893000	69078
12/12/2023 04:00	183.122	183.258	182.774	182.821	5	22159475000	89284
12/12/2023 08:00	182.821	182.986	182.489	182.716	5	9908940000	109254
12/12/2023 12:00	182.716	183.019	182.275	182.693	5	11033467000	111591
12/12/2023 16:00	182.687	183	182.335	182.738	5	12320575000	126151
12/12/2023 20:00	182.738	183.019	182.648	182.708	5	1.40473E+11	88332
13/12/2023 00:00	182.702	182.862	182.47	182.587	9	81355600000	71965
13/12/2023 04:00	182.585	182.851	182.513	182.789	5	24198800000	97144
13/12/2023 08:00	182.787	183.151	182.495	182.677	5	12021300000	120028
13/12/2023 12:00	182.677	182.695	182.11	182.112	5	11668562000	119609
13/12/2023 16:00	182.112	182.112	181.559	181.579	5	11877025000	120201
13/12/2023 20:00	181.579	181.688	180.187	180.261	5	98285240000	122179
14/12/2023 00:00	180.259	180.414	179.295	179.898	5	1.25429E+11	94848
14/12/2023 04:00	179.898	179.981	178.346	178.69	5	33536550000	124158
14/12/2023 08:00	178.689	179.467	178.634	179.227	5	13142760000	133187
14/12/2023 12:00	179.228	180.668	178.921	180.549	5	14099817000	133012
14/12/2023 16:00	180.549	181.22	180.313	181.023	5	12390350000	135375
14/12/2023 20:00	181.022	181.189	180.725	181.092	5	1.45777E+11	106289
15/12/2023 00:00	181.093	181.737	180.989	181.566	9	77485675000	78151
15/12/2023 04:00	181.567	181.632	180.756	181.034	5	28199150000	110890
15/12/2023 08:00	181.029	181.36	180.461	181.113	5	11814818000	124791
15/12/2023 12:00	181.113	181.198	180.408	180.896	5	11885972000	125810
15/12/2023 16:00	180.895	180.924	179.817	180.463	5	11560800000	130319
15/12/2023 20:00	180.463	180.499	180.051	180.235	0	1.65773E+11	105688
18/12/2023 00:00	180.04	180.583	179.86	180.394	9	87719500000	79467
18/12/2023 04:00	180.393	180.64	180.331	180.504	5	24913625000	103633
18/12/2023 08:00	180.504	180.896	180.378	180.492	5	11321674000	118313
18/12/2023 12:00	180.493	180.919	180.485	180.909	5	12635350000	124277
18/12/2023 16:00	180.912	181.178	180.591	180.837	5	12643050000	125382
18/12/2023 20:00	180.838	180.843	180.519	180.519	5	1.33188E+11	97582
19/12/2023 00:00	180.519	180.673	180.039	180.365	9	81165150000	73368
19/12/2023 04:00	180.365	181.966	180.308	181.638	5	30035950000	100278
19/12/2023 08:00	181.645	183.609	180.456	183.552	5	13039525000	121903
19/12/2023 12:00	183.551	184.179	183.426	183.872	5	13815598000	122157
19/12/2023 16:00	183.872	184.01	183.037	183.18	5	12264025000	122618
19/12/2023 20:00	183.18	183.237	182.976	183.105	5	1.30052E+11	86109
20/12/2023 00:00	183.105	183.336	182.862	182.953	9	75073300000	70849
20/12/2023 04:00	182.953	183.166	182.421	182.67	5	20186750000	94632
20/12/2023 08:00	182.671	182.825	181.279	181.827	5	14879953000	120693
20/12/2023 12:00	181.83	181.84	181.274	181.493	5	11688350000	116910
20/12/2023 16:00	181.495	182.332	181.489	182.314	5	12976468000	121150
20/12/2023 20:00	182.315	182.36	181.356	181.427	5	1.8362E+11	106790
21/12/2023 00:00	181.389	181.41	180.7	180.791	9	1.35409E+11	72305
21/12/2023 04:00	180.791	180.892	180.441	180.81	5	48407775000	85404
21/12/2023 08:00	180.807	181.115	180.519	180.696	5	12461950000	112891
21/12/2023 12:00	180.697	180.996	180.261	180.315	5	17071869000	118615
21/12/2023 16:00	180.314	180.577	179.779	180.144	5	26627640000	130304
21/12/2023 20:00	180.142	180.482	180.142	180.283	5	43016614000	95461
22/12/2023 00:00	180.288	180.553	179.938	180.46	9	16373614000	71072
22/12/2023 04:00	180.458	180.78	180.409	180.583	5	20297613000	97764
22/12/2023 08:00	180.585	180.918	180.245	180.292	5	20096342000	110615
22/12/2023 12:00	180.292	181.053	180.287	180.831	5	15662284000	114226
22/12/2023 16:00	180.83	181.332	180.545	181.046	5	31813053000	115995
22/12/2023 20:00	181.046	181.068	180.758	180.871	0	32160858000	71974
26/12/2023 04:00	180.756	180.803	180.696	180.751	13	15410400000	21751
26/12/2023 08:00	180.751	180.869	180.574	180.845	5	11511179000	61977
26/12/2023 12:00	180.845	180.892	180.642	180.87	8	11850137000	76977
26/12/2023 16:00	180.87	181.246	180.853	181.034	8	11777966000	78098
26/12/2023 20:00	181.035	181.288	180.971	181.173	5	25502613000	53856
27/12/2023 00:00	181.177	181.661	180.944	181.471	9	15864145000	52657
27/12/2023 04:00	181.471	181.583	181.266	181.513	9	18450293000	64646
27/12/2023 08:00	181.513	181.868	181.116	181.362	5	12592384000	95782
27/12/2023 12:00	181.362	181.928	181.188	181.85	5	13406797000	94294
27/12/2023 16:00	181.85	182.189	181.53	181.736	5	15680385000	109983
27/12/2023 20:00	181.735	181.802	181.176	181.488	5	49900573000	86125
28/12/2023 00:00	181.457	181.457	180.716	181.164	9	26130191000	57706
28/12/2023 04:00	181.166	181.2	180.726	180.798	8	18592391000	73918
28/12/2023 08:00	180.798	180.904	180	180.057	5	14400164000	98449
28/12/2023 12:00	180.057	180.183	179.645	179.813	5	12746468000	102051
28/12/2023 16:00	179.816	180.351	178.996	179.895	5	17296385000	116107
28/12/2023 20:00	179.891	180.086	179.82	179.976	5	23918193000	82430
29/12/2023 00:00	179.913	180.457	179.821	180.201	9	28827446000	60669
29/12/2023 04:00	180.201	180.387	180.032	180.353	8	26015600000	71078
29/12/2023 08:00	180.353	180.462	180.072	180.286	5	20150295000	99187
29/12/2023 12:00	180.286	180.528	179.814	180.413	5	17574772000	109587
29/12/2023 16:00	180.413	180.417	179.302	179.749	5	15676344000	118176
29/12/2023 20:00	179.749	179.87	179.493	179.561	0	18042200000	73874
02/01/2024 00:00	179.199	179.986	179.153	179.917	9	15876267000	61571
02/01/2024 04:00	179.916	180.221	179.859	180.033	6	28407789000	84619
02/01/2024 08:00	180.033	180.645	179.927	180.02	5	20353238000	114030
02/01/2024 12:00	180.018	180.181	179.293	179.529	5	18393324000	124747
02/01/2024 16:00	179.519	179.546	178.731	179.35	5	24328075000	127256
02/01/2024 20:00	179.35	179.374	178.962	179.093	5	66278384000	88339
03/01/2024 00:00	179.122	179.467	178.912	179.343	9	18137235000	67852
03/01/2024 04:00	179.343	179.53	179.278	179.507	7	29852414000	91860
03/01/2024 08:00	179.507	180.347	179.449	180.117	5	17092199000	120618
03/01/2024 12:00	180.112	180.661	180.034	180.627	5	17834940000	125666
03/01/2024 16:00	180.626	181.741	180.546	181.587	5	28889372000	127875
03/01/2024 20:00	181.587	181.751	181.248	181.455	5	58307079000	104225
04/01/2024 00:00	181.455	181.644	181.014	181.611	9	78408129000	70103
04/01/2024 04:00	181.611	182.258	181.489	182.102	5	21814625000	94688
04/01/2024 08:00	182.101	183.044	181.681	183.006	5	11757775000	121264
04/01/2024 12:00	183.011	183.353	182.84	183.176	5	12351300000	120430
04/01/2024 16:00	183.176	183.781	183.171	183.398	5	16124775000	125888
04/01/2024 20:00	183.398	183.524	183.225	183.406	5	1.36153E+11	85020
05/01/2024 00:00	183.407	183.887	183.224	183.728	9	61593571000	67924
05/01/2024 04:00	183.727	183.829	183.402	183.437	5	26640825000	100038
05/01/2024 08:00	183.438	184.13	183.413	183.806	5	13124975000	122985
05/01/2024 12:00	183.805	184.288	183.666	184.125	5	13898900000	119868
05/01/2024 16:00	184.128	184.328	183.558	184.169	5	12166399000	136312
05/01/2024 20:00	184.17	184.305	183.892	183.964	0	1.54484E+11	105435
08/01/2024 00:00	183.696	184.219	183.644	183.661	9	73634975000	62892
08/01/2024 04:00	183.661	183.801	183.397	183.401	5	23017150000	94237
08/01/2024 08:00	183.4	183.684	183.023	183.106	5	11340650000	119427
08/01/2024 12:00	183.107	184.005	183.082	183.627	5	12261175000	119934
08/01/2024 16:00	183.627	183.76	183.292	183.622	5	12311650000	125997
08/01/2024 20:00	183.622	183.912	183.621	183.851	5	1.49916E+11	92385
09/01/2024 00:00	183.851	183.911	183.036	183.089	9	71929719000	73030
09/01/2024 04:00	183.089	183.324	183.022	183.242	5	24015275000	96448
09/01/2024 08:00	183.242	183.783	183.107	183.307	5	10807300000	115077
09/01/2024 12:00	183.307	183.48	182.907	182.952	5	10802940000	117487
09/01/2024 16:00	182.952	183.663	182.756	183.548	5	7867795000	125284
09/01/2024 20:00	183.546	183.649	183.346	183.606	5	98941503000	94999
10/01/2024 00:00	183.607	184.076	183.407	183.977	9	41398632000	65380
10/01/2024 04:00	183.977	184.138	183.785	183.89	5	15768525000	84511
10/01/2024 08:00	183.896	184.494	183.811	184.416	5	6707740000	115359
10/01/2024 12:00	184.416	184.931	184.297	184.878	5	8125205000	114362
10/01/2024 16:00	184.878	185.522	184.798	185.424	5	7678350000	119796
10/01/2024 20:00	185.422	185.74	185.341	185.706	5	1.01108E+11	90895
11/01/2024 00:00	185.71	185.818	185.368	185.493	9	44667570000	67175
11/01/2024 04:00	185.493	185.806	185.437	185.697	5	15301190000	96085
11/01/2024 08:00	185.698	185.849	185.312	185.419	5	7809720000	114056
11/01/2024 12:00	185.419	185.905	185.2	185.895	5	13500962000	122478
11/01/2024 16:00	185.893	186.164	185.304	185.662	5	8570455000	137087
11/01/2024 20:00	185.662	185.939	185.323	185.33	5	1.23459E+11	113843
12/01/2024 00:00	185.33	185.621	185.085	185.458	9	67259175000	80383
12/01/2024 04:00	185.458	185.658	185.053	185.526	5	14418495000	96234
12/01/2024 08:00	185.526	185.556	184.986	185.08	5	7250695000	113064
12/01/2024 12:00	185.082	185.37	184.644	184.684	5	11513690000	117024
12/01/2024 16:00	184.681	184.9	184.478	184.664	5	8930325000	131283
12/01/2024 20:00	184.664	184.824	184.608	184.786	0	92222530000	97906
15/01/2024 00:00	184.654	184.92	184.584	184.848	9	46086975000	75157
15/01/2024 04:00	184.848	185.296	184.839	185.262	5	15450340000	97766
15/01/2024 08:00	185.262	185.561	185.209	185.376	5	8086555000	113528
15/01/2024 12:00	185.376	185.758	185.28	185.55	5	7462160000	114361
15/01/2024 16:00	185.55	185.728	185.37	185.566	5	6708205000	100416
15/01/2024 20:00	185.566	185.625	185.41	185.41	5	33102860000	31317
16/01/2024 00:00	185.404	185.531	185.052	185.216	9	52862895000	75976
16/01/2024 04:00	185.216	185.509	185.152	185.347	5	17800960000	100882
16/01/2024 08:00	185.344	185.505	184.949	185.237	5	10679755000	120515
16/01/2024 12:00	185.237	185.646	185.122	185.373	5	10335325000	125505
16/01/2024 16:00	185.368	186.185	185.333	185.906	5	10203455000	136185
16/01/2024 20:00	185.908	186.049	185.82	185.984	5	1.02302E+11	99155
17/01/2024 00:00	185.984	186.351	185.797	185.992	5	45990516000	75632
17/01/2024 04:00	185.991	186.18	185.875	186.098	5	20324930000	108818
17/01/2024 08:00	186.098	187.348	186.092	187.32	5	15691117000	131054
17/01/2024 12:00	187.316	187.531	187.022	187.149	5	10688285000	126608
17/01/2024 16:00	187.15	188.125	187.033	187.926	5	8481375000	132808
17/01/2024 20:00	187.926	188.042	187.785	187.787	5	1.08811E+11	106324
18/01/2024 00:00	187.787	187.935	187.608	187.854	5	50668760000	76889
18/01/2024 04:00	187.853	187.903	187.565	187.613	5	16900115000	105418
18/01/2024 08:00	187.613	187.799	187.377	187.384	5	8959265000	125588
18/01/2024 12:00	187.382	187.757	187.356	187.548	5	10931921000	124557
18/01/2024 16:00	187.55	188.061	187.32	187.962	5	9693275000	133354
18/01/2024 20:00	187.962	188.256	187.844	188.231	5	1.11462E+11	102602
19/01/2024 00:00	188.238	188.522	187.919	188.514	9	59739420000	74632
19/01/2024 04:00	188.514	188.823	188.292	188.773	5	17026030000	89210
19/01/2024 08:00	188.773	188.934	187.628	187.699	5	10170892000	120852
19/01/2024 12:00	187.699	187.892	187.412	187.757	5	8711570000	122368
19/01/2024 16:00	187.756	188.113	187.664	187.938	5	9051165000	129746
19/01/2024 20:00	187.937	188.255	187.931	188.241	0	1.05051E+11	94173
22/01/2024 00:00	188.074	188.376	187.76	187.912	9	59397500000	82537
22/01/2024 04:00	187.912	188.374	187.873	188.308	5	15363125000	98695
22/01/2024 08:00	188.308	188.393	187.967	188.172	5	9261830000	123344
22/01/2024 12:00	188.172	188.187	187.878	187.959	5	9240170000	123696
22/01/2024 16:00	187.961	188.379	187.909	188.255	5	9312620000	125544
22/01/2024 20:00	188.255	188.356	188.024	188.204	5	1.01012E+11	99235
23/01/2024 00:00	188.208	188.417	187.956	188.395	5	47222355000	66489
23/01/2024 04:00	188.394	188.912	188.149	188.417	5	22621191000	108778
23/01/2024 08:00	188.417	188.717	187.35	188.011	5	10604265000	129341
23/01/2024 12:00	188.011	188.252	187.838	188.146	5	10016470000	126978
23/01/2024 16:00	188.146	188.186	187.879	188.09	5	9880915000	128738
23/01/2024 20:00	188.09	188.291	188.031	188.141	5	93035592000	92414
24/01/2024 00:00	188.141	188.283	187.847	187.873	9	52170850000	74457
24/01/2024 04:00	187.873	188.092	187.625	187.839	5	14962850000	95747
24/01/2024 08:00	187.839	188.474	187.465	188.319	5	7466569000	119533
24/01/2024 12:00	188.319	188.376	187.291	187.374	5	8520125000	120644
24/01/2024 16:00	187.375	187.86	187.122	187.639	5	11841153000	132063
24/01/2024 20:00	187.639	187.837	187.569	187.694	5	97208060000	101934
25/01/2024 00:00	187.688	187.847	187.422	187.711	9	52661875000	78478
25/01/2024 04:00	187.709	187.909	187.652	187.859	5	16010465000	100054
25/01/2024 08:00	187.859	188.194	187.671	187.894	5	9833345000	118346
25/01/2024 12:00	187.894	188.049	187.505	187.698	5	9826219000	122204
25/01/2024 16:00	187.699	187.706	187.159	187.602	5	8865230000	132801
25/01/2024 20:00	187.601	187.772	187.516	187.622	5	1.02445E+11	100905
26/01/2024 00:00	187.618	187.843	187.392	187.512	9	53811475000	73506
26/01/2024 04:00	187.514	187.786	187.481	187.704	5	16279375000	86562
26/01/2024 08:00	187.704	188.129	187.335	187.962	5	7888645000	119877
26/01/2024 12:00	187.962	188.358	187.91	188.236	5	8152495000	120424
26/01/2024 16:00	188.236	188.565	188.019	188.146	5	9474610000	126762
26/01/2024 20:00	188.145	188.232	188.036	188.168	0	73836990000	86486
29/01/2024 00:00	187.996	188.292	187.91	188.129	5	60293396000	76426
29/01/2024 04:00	188.13	188.245	188.029	188.029	5	11770785000	88259
29/01/2024 08:00	188.029	188.089	187.669	187.691	5	7370315000	119829
29/01/2024 12:00	187.691	188.025	187.591	187.831	5	9040125000	118782
29/01/2024 16:00	187.831	187.859	187.114	187.279	5	9097405000	122677
29/01/2024 20:00	187.279	187.502	187.17	187.428	5	1.18597E+11	94987
30/01/2024 00:00	187.428	187.514	187.177	187.244	9	51820600000	70676
30/01/2024 04:00	187.245	187.457	187.179	187.264	5	16516120000	91883
30/01/2024 08:00	187.264	187.293	186.683	186.904	5	6948640000	117148
30/01/2024 12:00	186.904	187.002	186.633	186.981	5	7527135000	119686
30/01/2024 16:00	186.982	187.455	186.511	187.432	5	9725756000	129586
30/01/2024 20:00	187.432	187.486	187.3	187.425	5	97533695000	90782
31/01/2024 00:00	187.417	187.455	186.913	187.157	9	52149920000	74636
31/01/2024 04:00	187.156	187.384	187.097	187.275	5	15195880000	90710
31/01/2024 08:00	187.274	187.421	186.915	187.22	5	7958840000	120031
31/01/2024 12:00	187.222	187.601	187.146	187.406	5	13161259000	125026
31/01/2024 16:00	187.406	187.488	185.989	186.142	5	8685925000	135900
31/01/2024 20:00	186.142	186.686	185.952	186.349	5	91301738000	126485
01/02/2024 00:00	186.349	186.475	185.957	186.105	9	64178210000	82067
01/02/2024 04:00	186.105	186.173	185.941	186.047	5	17020700000	104912
01/02/2024 08:00	186.046	186.14	185.393	185.775	5	8327615000	126782
01/02/2024 12:00	185.775	186.593	185.289	185.66	5	10713200000	130850
01/02/2024 16:00	185.66	186.478	185.231	186.408	5	11171682000	138849
01/02/2024 20:00	186.408	186.647	186.313	186.58	5	1.20037E+11	112321
02/02/2024 00:00	186.58	186.728	186.321	186.544	9	56849992000	71070
02/02/2024 04:00	186.545	186.806	186.509	186.695	5	15845820000	94987
02/02/2024 08:00	186.688	187.33	186.632	187.145	5	8277645000	122670
02/02/2024 12:00	187.147	187.579	186.753	187.492	5	10287440000	124052
02/02/2024 16:00	187.492	187.733	186.973	187.419	5	9223320000	135474
02/02/2024 20:00	187.419	187.508	187.195	187.454	0	1.025E+11	105053
05/02/2024 00:00	187.407	187.614	187.116	187.119	5	60948615000	89213
05/02/2024 04:00	187.119	187.235	187.027	187.072	5	15834340000	109127
05/02/2024 08:00	187.072	187.525	186.97	187.132	5	8184395000	124244
05/02/2024 12:00	187.131	187.149	186.393	186.492	5	8463630000	124399
05/02/2024 16:00	186.493	186.572	186.175	186.31	5	7808282000	127456
05/02/2024 20:00	186.31	186.441	186.213	186.342	5	95273500000	91550
06/02/2024 00:00	186.337	186.438	186.249	186.346	9	44631310000	67847
06/02/2024 04:00	186.346	186.517	186.286	186.326	5	17751575000	102609
06/02/2024 08:00	186.327	186.674	186.194	186.482	5	8681490000	122126
06/02/2024 12:00	186.483	186.755	186.442	186.724	5	6398165000	124518
06/02/2024 16:00	186.723	186.779	186.183	186.306	5	2334950000	131795
06/02/2024 20:00	186.308	186.394	186.244	186.352	5	20729690000	99995
07/02/2024 00:00	186.352	186.407	186.175	186.39	9	11449508000	75591
07/02/2024 04:00	186.389	186.559	186.32	186.504	5	4037400000	96733
07/02/2024 08:00	186.504	186.949	186.442	186.865	5	2669450000	122007
07/02/2024 12:00	186.865	187.264	186.858	187.085	5	5164355000	123672
07/02/2024 16:00	187.085	187.176	186.543	186.995	5	5183440400	130642
07/02/2024 20:00	186.993	187.125	186.905	187.075	5	44943190000	95108
08/02/2024 00:00	187.077	187.423	186.87	187.343	9	25810535000	74335
08/02/2024 04:00	187.343	187.75	187.343	187.671	5	11366090000	106194
08/02/2024 08:00	187.671	188.009	187.663	187.888	5	5372460000	123715
08/02/2024 12:00	187.888	188.228	187.84	187.948	5	6160305000	129580
08/02/2024 16:00	187.943	188.484	187.784	188.469	5	5973700000	130205
08/02/2024 20:00	188.469	188.485	188.323	188.374	5	45570240000	100192
09/02/2024 00:00	188.368	188.483	188.226	188.373	9	23439330000	70620
09/02/2024 04:00	188.374	188.573	188.345	188.461	5	8976695000	87629
09/02/2024 08:00	188.461	188.866	188.26	188.437	5	4968075000	119642
09/02/2024 12:00	188.437	188.548	188.227	188.533	5	7842370000	127339
09/02/2024 16:00	188.531	188.816	188.435	188.628	5	3301875000	127249
09/02/2024 20:00	188.628	188.758	188.486	188.542	0	41079540000	89068
12/02/2024 00:00	188.332	188.601	188.301	188.506	9	26988071000	70110
12/02/2024 04:00	188.506	188.538	188.399	188.446	5	8969215000	83250
12/02/2024 08:00	188.445	188.644	188.168	188.217	5	3141770000	117649
12/02/2024 12:00	188.218	188.296	187.857	188.137	5	3277105000	124634
12/02/2024 16:00	188.138	188.712	188.135	188.654	5	3192430000	128227
12/02/2024 20:00	188.653	188.721	188.547	188.594	5	46967905000	100530
13/02/2024 00:00	188.588	188.678	188.456	188.505	5	24954435000	65465
13/02/2024 04:00	188.505	188.716	188.438	188.659	5	10193680000	86271
13/02/2024 08:00	188.661	189.333	188.574	189.283	5	2937605000	119412
13/02/2024 12:00	189.283	189.562	188.896	189.444	5	4908840000	126360
13/02/2024 16:00	189.444	190.08	189.299	189.982	5	3961895000	134226
13/02/2024 20:00	189.983	190.012	189.693	189.866	5	49550210000	105926
14/02/2024 00:00	189.866	189.873	189.503	189.638	9	28116553000	76764
14/02/2024 04:00	189.638	189.731	189.551	189.696	5	10646850000	100530
14/02/2024 08:00	189.694	189.831	188.758	188.898	5	3471545000	125637
14/02/2024 12:00	188.897	189.306	188.85	189.257	5	3709430000	129194
14/02/2024 16:00	189.258	189.274	188.865	189.008	5	3653150000	134242
14/02/2024 20:00	189.009	189.25	188.977	189.158	5	49199195000	103893
15/02/2024 00:00	189.158	189.213	188.621	188.687	9	26726205000	72647
15/02/2024 04:00	188.687	188.857	188.606	188.701	5	9793295000	97656
15/02/2024 08:00	188.704	188.771	188.241	188.349	5	4927775000	122199
15/02/2024 12:00	188.349	188.496	187.967	188.325	6	6960775000	123556
15/02/2024 16:00	188.325	188.994	188.325	188.911	7	7138205000	134406
15/02/2024 20:00	188.912	188.96	188.772	188.872	7	43918150000	103145
16/02/2024 00:00	188.845	189.031	188.648	188.897	9	19189305000	74124
16/02/2024 04:00	188.897	189.155	188.885	188.959	7	5424305000	101592
16/02/2024 08:00	188.959	189.336	188.909	189.145	7	7403575000	121335
16/02/2024 12:00	189.146	189.257	189.043	189.158	7	7716340000	123619
16/02/2024 16:00	189.158	189.424	188.881	189.395	7	7038910000	133952
16/02/2024 20:00	189.396	189.516	189.199	189.252	0	44210180000	106331
19/02/2024 00:00	189.129	189.359	189.06	189.178	9	22973236000	79684
19/02/2024 04:00	189.178	189.323	189.093	189.295	7	5675745000	97164
19/02/2024 08:00	189.295	189.388	189.002	189.143	7	5927110000	117100
19/02/2024 12:00	189.143	189.3	188.934	188.951	7	6020970000	118736
19/02/2024 16:00	188.952	189.129	188.905	189.109	7	5330055000	104248
19/02/2024 20:00	189.108	189.194	188.991	189.027	7	10849935000	32541
20/02/2024 00:00	189.027	189.213	188.871	189.104	9	19969780000	81367
20/02/2024 04:00	189.104	189.275	189.074	189.259	7	5632265000	104410
20/02/2024 08:00	189.258	189.497	189.131	189.395	7	6430415000	128328
20/02/2024 12:00	189.396	189.667	189.079	189.624	7	8187009000	134919
20/02/2024 16:00	189.623	189.723	189.316	189.396	7	6710805000	132269
20/02/2024 20:00	189.396	189.407	189.198	189.329	7	43190030000	106370
21/02/2024 00:00	189.333	189.477	189.096	189.408	9	16502279000	76167
21/02/2024 04:00	189.407	189.525	189.344	189.486	7	5561435000	102240
21/02/2024 08:00	189.486	189.668	189.153	189.295	7	6377020000	126147
21/02/2024 12:00	189.294	189.476	189.168	189.459	7	6447495000	127907
21/02/2024 16:00	189.459	189.769	189.353	189.626	7	6662615000	131835
21/02/2024 20:00	189.626	189.929	189.562	189.929	7	54782625000	117491
22/02/2024 00:00	189.899	190.232	189.689	189.992	9	24939922000	79373
22/02/2024 04:00	189.992	190.116	189.898	190.035	7	5284215000	102422
22/02/2024 08:00	190.035	190.83	189.957	190.364	7	11026529000	126625
22/02/2024 12:00	190.364	190.597	190.111	190.139	7	7303150000	127011
22/02/2024 16:00	190.139	190.659	189.854	190.618	7	7880215000	135160
22/02/2024 20:00	190.619	190.643	190.489	190.561	7	42890575000	111957
23/02/2024 00:00	190.559	190.567	190.4	190.517	9	19520095000	72213
23/02/2024 04:00	190.517	190.73	190.472	190.693	7	5317040000	94529
23/02/2024 08:00	190.692	190.955	190.64	190.787	7	6296715000	123455
23/02/2024 12:00	190.786	191.141	190.777	191.005	7	6659770000	132159
23/02/2024 16:00	191.008	191.018	190.503	190.69	7	6781175000	134277
23/02/2024 20:00	190.691	190.771	190.6	190.748	0	67583266000	107165
26/02/2024 00:00	190.667	190.777	190.335	190.46	9	21954804000	80929
26/02/2024 04:00	190.462	190.686	190.445	190.552	7	5644790000	99815
26/02/2024 08:00	190.552	191.018	190.476	190.997	7	6113215000	121013
26/02/2024 12:00	190.997	191.321	190.91	191.274	7	6167835000	122890
26/02/2024 16:00	191.274	191.31	191.044	191.121	7	6614455000	131847
26/02/2024 20:00	191.12	191.195	191.062	191.153	7	45056775000	103347
27/02/2024 00:00	191.152	191.158	190.793	190.828	7	20983385000	71901
27/02/2024 04:00	190.828	190.878	190.72	190.86	7	5448445000	101288
27/02/2024 08:00	190.861	190.946	190.489	190.675	7	6262605000	124456
27/02/2024 12:00	190.673	190.792	190.366	190.576	7	7175260000	128331
27/02/2024 16:00	190.575	190.99	190.47	190.817	7	6677265000	131283
27/02/2024 20:00	190.816	190.955	190.748	190.905	7	40429515000	102380
28/02/2024 00:00	190.905	190.939	190.623	190.645	7	21190065000	70118
28/02/2024 04:00	190.645	190.792	190.562	190.65	7	6248945000	102039
28/02/2024 08:00	190.648	190.878	190.278	190.314	7	6239455000	120918
28/02/2024 12:00	190.314	190.665	190.265	190.554	13	7152645000	125373
28/02/2024 16:00	190.552	190.932	190.479	190.778	13	6929915000	132211
28/02/2024 20:00	190.778	190.819	190.628	190.785	13	21525625000	104010
29/02/2024 00:00	190.785	190.785	190.115	190.157	13	13466680000	76111
29/02/2024 04:00	190.157	190.178	189.601	189.875	13	5764090000	107911
29/02/2024 08:00	189.872	189.881	189.36	189.751	13	6386675000	126900
29/02/2024 12:00	189.751	190.039	189.459	189.507	13	8229355000	131967
29/02/2024 16:00	189.507	189.749	189.049	189.255	13	6795525000	133399
29/02/2024 20:00	189.255	189.364	189.121	189.325	13	21860855000	103787
01/03/2024 00:00	189.324	189.968	189.111	189.967	13	15369970000	82288
01/03/2024 04:00	189.966	190.038	189.853	189.959	13	5165540000	101679
01/03/2024 08:00	189.958	190.397	189.835	190.25	13	6042440000	117217
01/03/2024 12:00	190.251	190.313	189.715	190.268	13	6416375000	127619
01/03/2024 16:00	190.269	190.283	189.611	190.031	13	6906555000	133972
01/03/2024 20:00	190.031	190.096	189.862	189.979	0	19652720000	108324
04/03/2024 00:00	189.701	190.132	189.695	190.057	13	11429600000	73139
04/03/2024 04:00	190.057	190.346	190.016	190.32	13	4147610000	79857
04/03/2024 08:00	190.319	190.644	190.239	190.476	13	6215355000	118644
04/03/2024 12:00	190.476	190.798	190.472	190.747	13	6384145000	125514
04/03/2024 16:00	190.747	191.19	190.735	191.107	13	6596165000	125933
04/03/2024 20:00	191.107	191.116	190.942	191.037	13	19337300000	87632
05/03/2024 00:00	191.037	191.049	190.822	190.942	13	12194745000	73276
05/03/2024 04:00	190.942	191.031	190.849	190.884	13	4661985000	91956
05/03/2024 08:00	190.884	190.921	190.538	190.811	13	6126470000	118049
05/03/2024 12:00	190.811	190.867	190.415	190.481	13	6089915000	119604
05/03/2024 16:00	190.481	191.037	190.407	190.788	13	10428830000	133843
05/03/2024 20:00	190.788	190.789	190.31	190.623	13	21358171000	107318
06/03/2024 00:00	190.623	190.673	190.312	190.431	13	12262370000	73500
06/03/2024 04:00	190.431	190.519	190.342	190.446	13	4630365000	86255
06/03/2024 08:00	190.446	190.69	189.859	190.511	13	6039795000	119371
06/03/2024 12:00	190.512	190.605	190.007	190.058	13	6380985000	126385
06/03/2024 16:00	190.058	190.463	189.96	190.305	13	7899700000	134828
06/03/2024 20:00	190.305	190.353	190.142	190.143	13	22910117000	110091
07/03/2024 00:00	190.143	190.162	189.144	189.197	13	12586494000	85416
07/03/2024 04:00	189.197	189.385	189.052	189.271	13	5746460000	113049
07/03/2024 08:00	189.271	189.307	188.249	188.681	13	6497910000	127088
07/03/2024 12:00	188.681	188.707	188.242	188.435	13	6441260000	126845
07/03/2024 16:00	188.434	189.578	188.402	189.459	13	6864540000	134829
07/03/2024 20:00	189.462	189.721	189.447	189.609	13	22100218000	101871
08/03/2024 00:00	189.609	189.718	189.116	189.543	13	13965533000	81722
08/03/2024 04:00	189.542	189.672	189.293	189.334	13	5369340000	106548
08/03/2024 08:00	189.334	189.619	188.389	188.743	13	6182690000	122029
08/03/2024 12:00	188.744	189.26	188.536	189.054	13	6308415000	124301
08/03/2024 16:00	189.053	189.497	188.902	188.916	13	7142370000	138560
08/03/2024 20:00	188.917	189.127	188.778	189.089	0	20731145000	106660
11/03/2024 00:00	189.068	189.068	188.46	188.812	13	21327360000	95260
11/03/2024 04:00	188.815	188.993	188.745	188.851	13	4986465000	98627
11/03/2024 08:00	188.852	188.975	188.147	188.285	13	6261195000	124382
11/03/2024 12:00	188.286	188.595	188.172	188.469	13	6451615000	125186
11/03/2024 16:00	188.471	188.601	187.963	188.188	13	6554855000	127638
11/03/2024 20:00	188.189	188.325	187.974	188.312	13	13910215000	80106
12/03/2024 00:00	188.325	188.431	187.983	188.384	13	14039140000	88157
12/03/2024 04:00	188.384	189.204	188.372	189.134	13	5448900000	104616
12/03/2024 08:00	189.134	189.18	188.232	188.559	13	6847375000	118437
12/03/2024 12:00	188.561	189.043	188.344	188.612	13	1097320000	113825
12/03/2024 16:00	188.616	188.937	188.546	188.928	13	709600000	118550
12/03/2024 20:00	188.927	188.947	188.652	188.855	13	8755595000	69555
13/03/2024 00:00	188.872	188.916	188.409	188.589	13	9278870000	72589
13/03/2024 04:00	188.59	188.833	188.467	188.787	13	509185000	84107
13/03/2024 08:00	188.787	189.257	188.577	189.066	13	1255400000	118010
13/03/2024 12:00	189.067	189.541	189.05	189.163	15	1540410000	121072
13/03/2024 16:00	189.163	189.404	188.801	189.071	15	1840075000	121015
13/03/2024 20:00	189.073	189.19	188.836	188.933	15	9109700000	67087
14/03/2024 00:00	188.953	189.059	188.814	189.018	15	10761165000	73541
14/03/2024 04:00	189.018	189.266	189.005	189.171	15	1011450000	94832
14/03/2024 08:00	189.171	189.514	189.148	189.387	15	1295355000	109021
14/03/2024 12:00	189.387	189.509	188.589	189.055	15	1937550000	118291
14/03/2024 16:00	189.056	189.136	188.757	189.063	15	1708555000	136116
14/03/2024 20:00	189.063	189.175	188.955	189.108	15	31873160000	92392
15/03/2024 00:00	189.124	189.175	188.96	189.102	15	39837155000	94561
15/03/2024 04:00	189.102	189.273	188.843	188.927	15	1203495000	113884
15/03/2024 08:00	188.926	189.687	188.584	189.648	15	1220720000	134318
15/03/2024 12:00	189.649	189.904	189.519	189.76	15	28958925000	132799
15/03/2024 16:00	189.761	190.02	189.646	189.711	15	2686655000	119396
15/03/2024 20:00	189.712	189.908	189.7	189.838	0	3856430000	60024
18/03/2024 00:00	189.803	190.115	189.606	189.971	15	10572920000	75498
18/03/2024 04:00	189.971	190.006	189.653	189.861	15	1118845000	81168
18/03/2024 08:00	189.861	190.152	189.839	190.013	15	1240930000	104071
18/03/2024 12:00	190.014	190.046	189.827	189.995	15	1299065000	108693
18/03/2024 16:00	189.994	190.053	189.53	189.733	15	1536870000	111798
18/03/2024 20:00	189.733	189.866	189.602	189.797	15	10099460000	51593
19/03/2024 00:00	189.815	189.973	189.649	189.885	15	14957040000	73474
19/03/2024 04:00	189.885	191.19	189.597	191.008	15	25232155000	100542
19/03/2024 08:00	191.007	191.199	190.571	190.93	15	4559100000	121857
19/03/2024 12:00	190.93	191.332	190.749	191.332	15	3124530000	118206
19/03/2024 16:00	191.332	192.161	191.306	192.08	15	1348105000	110837
19/03/2024 20:00	192.08	192.084	191.782	191.848	15	10113170000	58243
20/03/2024 00:00	191.859	192.382	191.848	192.23	15	9724305000	75403
20/03/2024 04:00	192.229	192.768	192.218	192.737	15	2752000000	97490
20/03/2024 08:00	192.737	192.848	192.29	192.518	15	2966900000	111141
20/03/2024 12:00	192.517	192.736	192.426	192.712	15	1320920000	109811
20/03/2024 16:00	192.712	192.859	192.542	192.738	15	1834750000	107233
20/03/2024 20:00	192.725	193.524	192.425	193.295	15	28451075000	94777
21/03/2024 00:00	193.306	193.372	192.337	192.566	15	33273479000	98932
21/03/2024 04:00	192.566	193.121	192.404	193.108	15	2543125000	102766
21/03/2024 08:00	193.109	193.503	192.905	192.95	15	3037184000	125239
21/03/2024 12:00	192.949	192.985	192.23	192.408	15	7174315000	126284
21/03/2024 16:00	192.416	192.528	191.864	192.009	15	2845870000	121388
21/03/2024 20:00	192.009	192.071	191.828	191.861	15	10028470000	63596
22/03/2024 00:00	191.872	192.234	191.795	192.029	15	6581420000	72520
22/03/2024 04:00	192.028	192.039	191.408	191.511	15	1381060000	100721
22/03/2024 08:00	191.51	191.515	190.499	190.84	15	2493135000	114359
22/03/2024 12:00	190.84	190.87	190.386	190.781	15	2583909000	117167
22/03/2024 16:00	190.781	190.822	190.499	190.666	15	1238320000	114092
22/03/2024 20:00	190.665	190.838	190.609	190.833	0	3833515000	58505
25/03/2024 00:00	190.72	190.775	190.335	190.769	15	11723750000	78481
25/03/2024 04:00	190.768	190.85	190.556	190.734	15	1706300000	87976
25/03/2024 08:00	190.734	191.016	190.593	190.983	15	1828150000	102532
25/03/2024 12:00	190.983	191.345	190.87	191.281	15	1494175000	104980
25/03/2024 16:00	191.279	191.562	191.274	191.494	15	1066255000	95988
25/03/2024 20:00	191.494	191.512	191.287	191.314	15	7981770000	53431
26/03/2024 00:00	191.326	191.373	191.209	191.348	15	7179535000	67227
26/03/2024 04:00	191.348	191.45	191.256	191.42	15	1150295000	82627
26/03/2024 08:00	191.419	191.54	191.177	191.415	15	1064935000	101292
26/03/2024 12:00	191.416	191.673	191.315	191.42	15	1157705000	107956
26/03/2024 16:00	191.419	191.458	191.098	191.375	15	1560840000	108860
26/03/2024 20:00	191.375	191.42	191.156	191.222	15	8477925000	58301
27/03/2024 00:00	191.234	191.347	191.048	191.294	15	8422150000	61594
27/03/2024 04:00	191.294	191.529	191.109	191.291	15	1170740000	77216
27/03/2024 08:00	191.291	191.515	190.736	190.988	15	1464575000	109725
27/03/2024 12:00	190.988	190.996	190.499	190.812	15	1723250000	112433
27/03/2024 16:00	190.811	191.096	190.736	191.048	15	1079975000	106478
27/03/2024 20:00	191.048	191.183	190.805	191.079	15	6951735000	53959
28/03/2024 00:00	191.082	191.249	190.765	191.025	15	43257535000	85507
28/03/2024 04:00	191.025	191.166	190.995	191.116	15	730975000	77480
28/03/2024 08:00	191.116	191.142	190.562	190.666	15	1300495000	96836
28/03/2024 12:00	190.666	191.262	190.639	191.245	15	922165000	110782
28/03/2024 16:00	191.241	191.322	190.845	191.063	15	1426915000	112371
28/03/2024 20:00	191.063	191.121	190.917	191.015	15	10900000000	61684
29/03/2024 00:00	191.033	191.199	190.876	191.025	15	38683080000	61961
29/03/2024 04:00	191.025	191.034	190.788	190.962	15	27124078000	61024
29/03/2024 08:00	190.962	191.137	190.836	190.847	15	27266499000	48021
29/03/2024 12:00	190.854	191.21	190.764	191.167	15	19670450000	61037
29/03/2024 16:00	191.167	191.172	190.83	190.921	15	10825400000	52471
29/03/2024 20:00	190.921	191.053	190.831	191.047	0	7282200000	16816
01/04/2024 00:00	191.043	191.346	190.889	191.257	15	13601080000	58484
01/04/2024 04:00	191.258	191.293	190.99	191.171	15	747695000	80155
01/04/2024 08:00	191.171	191.212	190.935	191.021	15	1157385000	83406
01/04/2024 12:00	191.02	191.091	190.854	191.013	15	1197705000	86836
01/04/2024 16:00	191.013	191.04	190.268	190.31	15	3166470000	107441
01/04/2024 20:00	190.31	190.338	190.176	190.32	15	4850030000	70568
02/04/2024 00:00	190.317	190.516	190.039	190.316	15	9152725000	49184
02/04/2024 04:00	190.317	190.412	190.171	190.376	15	1092525000	75958
02/04/2024 08:00	190.376	190.507	190.237	190.488	15	1618540000	98226
02/04/2024 12:00	190.488	190.713	190.452	190.467	15	1151290000	99819
02/04/2024 16:00	190.466	190.626	190.332	190.572	15	2063950000	114893
02/04/2024 20:00	190.572	190.66	190.497	190.605	15	5027790000	69420
03/04/2024 00:00	190.601	190.67	190.371	190.543	15	9314640000	45273
03/04/2024 04:00	190.543	190.709	190.47	190.676	15	891290000	78146
03/04/2024 08:00	190.676	190.901	190.577	190.827	15	2820865000	94542
03/04/2024 12:00	190.826	191.039	190.673	190.912	15	1897645000	102148
03/04/2024 16:00	190.914	191.813	190.881	191.766	15	4780763000	121609
03/04/2024 20:00	191.767	191.929	191.722	191.912	15	4818805000	71823
04/04/2024 00:00	191.907	191.907	191.684	191.769	15	16863940000	51191
04/04/2024 04:00	191.767	191.953	191.749	191.93	15	720950000	77150
04/04/2024 08:00	191.93	192.184	191.833	192.114	15	1231900000	94030
04/04/2024 12:00	192.113	192.22	191.915	192.082	15	1659430000	91968
04/04/2024 16:00	192.082	192.242	192.028	192.066	15	964230000	105661
04/04/2024 20:00	192.067	192.13	191.015	191.303	15	10191340000	97837
05/04/2024 00:00	191.303	191.303	190.727	190.853	15	19124765000	72636
05/04/2024 04:00	190.854	191.021	190.672	190.914	15	1682950000	91524
05/04/2024 08:00	190.914	191.403	190.753	191.333	15	1433405000	100922
05/04/2024 12:00	191.334	191.4	190.856	191.007	15	6441485000	104450
05/04/2024 16:00	191.006	191.548	190.781	191.514	15	2582125000	122863
05/04/2024 20:00	191.515	191.64	191.447	191.635	0	3909020000	77595
08/04/2024 00:00	191.371	191.609	191.32	191.398	15	14077580000	63706
08/04/2024 04:00	191.398	191.818	191.386	191.699	15	6490700000	103065
08/04/2024 08:00	191.7	191.839	191.602	191.728	15	1156820000	103522
08/04/2024 12:00	191.728	191.859	191.618	191.762	15	1056075000	92848
08/04/2024 16:00	191.762	192.134	191.762	192.044	15	1565855000	120399
08/04/2024 20:00	192.044	192.182	191.983	192.059	15	7826875000	83557
09/04/2024 00:00	192.056	192.239	191.89	192.218	15	12979460000	56095
09/04/2024 04:00	192.218	192.27	192.146	192.236	15	1476445000	91164
09/04/2024 08:00	192.237	192.34	192.131	192.292	15	1592225000	103404
09/04/2024 12:00	192.293	192.775	192.162	192.696	15	1650895000	108666
09/04/2024 16:00	192.694	192.847	192.133	192.153	15	2035720000	119994
09/04/2024 20:00	192.155	192.413	192.086	192.347	15	4415410000	83012
10/04/2024 00:00	192.347	192.413	192.204	192.302	15	18813260000	55400
10/04/2024 04:00	192.302	192.42	192.251	192.417	15	2393120000	98636
10/04/2024 08:00	192.417	192.764	192.356	192.763	15	1192605000	100386
10/04/2024 12:00	192.763	192.933	191.554	192.18	15	3392472000	102430
10/04/2024 16:00	192.18	192.189	191.466	191.686	15	2407960000	130997
10/04/2024 20:00	191.683	192.12	191.472	192.028	15	10566325000	111143
11/04/2024 00:00	192.03	192.03	191.56	191.612	15	13982350000	69813
11/04/2024 04:00	191.611	191.905	191.565	191.835	15	1895130000	95116
11/04/2024 08:00	191.835	192.578	191.817	192.319	15	1780025000	116228
11/04/2024 12:00	192.319	192.377	191.818	192.076	15	2887086000	125033
11/04/2024 16:00	192.077	192.348	191.771	192.104	15	2476450000	132275
11/04/2024 20:00	192.106	192.428	192.069	192.362	15	6647205000	97908
12/04/2024 00:00	192.362	192.398	192.045	192.057	15	13254780000	58159
12/04/2024 04:00	192.054	192.35	192.054	192.12	15	2752575000	95753
12/04/2024 08:00	192.12	192.19	191.712	191.752	15	2134145000	113525
12/04/2024 12:00	191.752	191.79	190.331	190.365	15	1574680000	122513
12/04/2024 16:00	190.365	190.78	189.985	190.595	15	1319685000	135934
12/04/2024 20:00	190.595	190.88	190.543	190.791	0	5895355000	105656
15/04/2024 00:00	190.359	191.091	190.275	191.091	15	19468800000	76270
15/04/2024 04:00	191.091	191.661	191.048	191.623	15	1334545000	103366
15/04/2024 08:00	191.623	192.208	191.62	192.051	15	2349365000	123543
15/04/2024 12:00	192.051	192.45	191.94	192.41	15	1608240000	120895
15/04/2024 16:00	192.411	192.711	191.725	192.213	15	1781060000	131481
15/04/2024 20:00	192.213	192.213	191.739	191.976	15	9892135000	103190
16/04/2024 00:00	191.976	192.004	191.798	191.892	15	22339200000	61895
16/04/2024 04:00	191.894	191.97	191.682	191.802	15	1354315000	103783
16/04/2024 08:00	191.803	192.342	191.642	192.151	15	1613955000	120937
16/04/2024 12:00	192.151	192.806	192.149	192.688	15	1582980000	116607
16/04/2024 16:00	192.687	192.803	191.875	192.224	15	4178455000	131562
16/04/2024 20:00	192.224	192.491	192.002	192.216	15	12229550000	110034
17/04/2024 00:00	192.217	192.325	192.078	192.267	15	16585185000	64493
17/04/2024 04:00	192.267	192.38	192.165	192.212	15	912810000	96597
17/04/2024 08:00	192.212	192.82	192.002	192.756	15	2151235000	118559
17/04/2024 12:00	192.758	192.817	192.511	192.514	15	1652980000	108727
17/04/2024 16:00	192.515	192.835	191.73	191.742	15	9138297000	132337
17/04/2024 20:00	191.742	192.367	191.679	192.243	15	8861705000	108744
18/04/2024 00:00	192.208	192.262	192.067	192.125	15	15440700000	62019
18/04/2024 04:00	192.125	192.43	191.901	192.409	15	1991775000	94737
18/04/2024 08:00	192.409	192.594	192.26	192.538	15	1297670000	111789
18/04/2024 12:00	192.543	192.777	192.265	192.323	15	1377970000	113435
18/04/2024 16:00	192.323	192.749	192.228	192.475	15	1860405000	125628
18/04/2024 20:00	192.475	192.486	192.233	192.302	15	7598710000	97034
19/04/2024 00:00	192.299	192.335	192.089	192.158	15	12775990000	56876
19/04/2024 04:00	192.158	192.167	190.291	191.658	15	21432617000	130207
19/04/2024 08:00	191.658	192.355	191.273	192.087	15	1883200000	124956
19/04/2024 12:00	192.088	192.596	192.072	192.37	15	2329005000	117790
19/04/2024 16:00	192.37	192.723	191.275	191.52	15	2255935000	127734
19/04/2024 20:00	191.52	191.589	191.159	191.291	0	4490355000	100048
22/04/2024 00:00	191.191	191.55	190.966	191.367	15	11810995000	65919
22/04/2024 04:00	191.367	191.696	191.359	191.627	15	869030000	87363
22/04/2024 08:00	191.627	191.685	190.966	191.322	15	4065440000	108060
22/04/2024 12:00	191.323	191.352	190.468	190.509	15	1215215000	112422
22/04/2024 16:00	190.509	191.161	190.312	191.122	15	983045000	115210
22/04/2024 20:00	191.122	191.365	191.095	191.205	15	6751570000	82950
23/04/2024 00:00	191.203	191.25	191.088	191.227	15	9804480000	47700
23/04/2024 04:00	191.226	191.276	191.044	191.122	15	905180000	91591
23/04/2024 08:00	191.121	191.812	190.828	191.539	15	3807339000	111443
23/04/2024 12:00	191.539	192.032	191.089	191.826	15	1216655000	110200
23/04/2024 16:00	191.823	192.762	191.714	192.672	15	3408450000	123616
23/04/2024 20:00	192.672	192.844	192.441	192.739	15	7045715000	92368
24/04/2024 00:00	192.685	192.899	192.545	192.846	15	9427240000	46888
24/04/2024 04:00	192.846	192.953	192.813	192.844	15	577685000	82439
24/04/2024 08:00	192.844	192.933	192.411	192.477	15	1239515000	99518
24/04/2024 12:00	192.477	192.909	192.456	192.782	15	2819470000	101655
24/04/2024 16:00	192.783	193.067	192.659	193.058	15	3725410000	120669
24/04/2024 20:00	193.057	193.628	193.051	193.594	15	9119940000	89099
25/04/2024 00:00	193.591	193.695	193.197	193.621	15	13143515000	50279
25/04/2024 04:00	193.621	194.022	193.519	193.972	15	1003505000	96351
25/04/2024 08:00	193.972	194.943	193.969	194.914	15	3186455000	111757
25/04/2024 12:00	194.914	194.925	193.959	194.254	15	5464775000	112544
25/04/2024 16:00	194.255	194.655	193.598	194.612	15	6716850000	128749
25/04/2024 20:00	194.613	194.815	194.504	194.757	15	11243415000	104797
26/04/2024 00:00	194.757	194.757	194.51	194.615	15	21196440000	52580
26/04/2024 04:00	194.615	195.294	194.354	195.253	15	4800670000	93295
26/04/2024 08:00	195.255	196.411	193.948	196.116	15	7469336000	115561
26/04/2024 12:00	196.118	196.597	195.644	196.165	15	8084860000	112676
26/04/2024 16:00	196.169	196.945	195.864	196.861	15	7405830000	127981
26/04/2024 20:00	196.863	197.916	196.788	197.828	0	9629870000	92518
29/04/2024 00:00	196.929	198.11	196.877	197.98	15	25432260000	67913
29/04/2024 04:00	197.981	200.534	194.736	196.043	15	19253866000	109162
29/04/2024 08:00	196.043	197.045	193.609	195.134	15	11958905000	126249
29/04/2024 12:00	195.135	196.213	194.503	195.985	15	4921665000	113602
29/04/2024 16:00	195.983	196.778	194.901	195.795	15	5005800000	120295
29/04/2024 20:00	195.769	196.404	195.443	196.365	15	8939610000	94190
30/04/2024 00:00	196.344	196.936	196.069	196.873	15	18935015000	62899
30/04/2024 04:00	196.873	197.056	196.543	196.655	15	4176815000	96049
30/04/2024 08:00	196.655	196.843	196.149	196.779	15	5981670000	111180
30/04/2024 12:00	196.782	197.115	196.562	197.101	15	7889145000	112117
30/04/2024 16:00	197.101	197.37	196.858	196.936	15	5313775000	124955
30/04/2024 20:00	196.937	197.238	196.886	197.103	15	12725790000	87088
01/05/2024 00:00	197.038	197.111	196.837	196.954	15	24222665000	64878
01/05/2024 04:00	196.954	197.105	196.886	196.964	15	3198205000	74016
01/05/2024 08:00	196.964	197.407	196.85	197.406	15	4414765000	87926
01/05/2024 12:00	197.405	197.42	196.991	197.031	15	5349781000	95529
01/05/2024 16:00	197.032	197.134	196.546	196.718	15	5352375000	115007
01/05/2024 20:00	196.718	197.213	191.753	193.545	15	24767225000	124606
02/05/2024 00:00	193.499	195.554	193.06	195.449	15	29494399000	84653
02/05/2024 04:00	195.448	195.747	195.179	195.314	15	6559415000	107578
02/05/2024 08:00	195.315	195.376	194.214	194.256	15	9416012000	126454
02/05/2024 12:00	194.256	194.444	193.334	193.381	15	6324040000	123846
02/05/2024 16:00	193.38	193.564	191.877	192.454	15	6123630000	134647
02/05/2024 20:00	192.46	192.844	191.853	192.487	15	15968580000	108523
03/05/2024 00:00	192.45	192.699	191.708	192.102	15	18831295000	72388
03/05/2024 04:00	192.102	192.211	191.768	191.872	15	4377780000	98489
03/05/2024 08:00	191.872	192.558	191.842	192.399	15	4950435000	112963
03/05/2024 12:00	192.4	192.51	191.718	191.858	15	7919690000	116158
03/05/2024 16:00	191.858	192.055	191.356	191.743	15	6710340000	132022
03/05/2024 20:00	191.743	191.999	191.705	191.999	0	7239100000	90170
06/05/2024 00:00	191.793	192.827	191.642	192.542	15	13579040000	59872
06/05/2024 04:00	192.539	193.18	192.527	193.08	15	4280790000	97283
06/05/2024 08:00	193.079	193.448	192.959	193.405	15	6068985000	107972
06/05/2024 12:00	193.404	193.506	193.166	193.292	15	5919865000	107747
06/05/2024 16:00	193.292	193.665	193.262	193.355	15	9317605000	116880
06/05/2024 20:00	193.355	193.483	193.289	193.292	15	8888175000	89830
07/05/2024 00:00	193.24	193.763	193.197	193.476	15	12534745000	60900
07/05/2024 04:00	193.474	194.125	193.407	193.912	15	7237335000	101475
07/05/2024 08:00	193.912	193.991	192.986	193.611	15	4864400000	113450
07/05/2024 12:00	193.611	194.026	193.554	193.832	15	5408945000	108853
07/05/2024 16:00	193.832	194.001	193.517	193.535	15	9249225000	116929
07/05/2024 20:00	193.535	193.621	193.364	193.472	15	10438490000	91082
08/05/2024 00:00	193.201	193.589	193.2	193.55	15	13498585000	57532
08/05/2024 04:00	193.551	193.857	193.509	193.76	15	3965235000	106475
08/05/2024 08:00	193.76	193.987	193.641	193.899	15	4976050000	110317
08/05/2024 12:00	193.9	194.269	193.845	194.191	15	4947725000	112691
08/05/2024 16:00	194.192	194.411	194.058	194.396	15	6101015000	118518
08/05/2024 20:00	194.395	194.509	194.315	194.315	15	9102605000	83194
09/05/2024 00:00	194.223	194.448	193.834	194.372	15	12825725000	55727
09/05/2024 04:00	194.371	194.467	194.225	194.334	15	4405850000	97756
09/05/2024 08:00	194.334	194.472	194.304	194.385	15	4911810000	103197
09/05/2024 12:00	194.385	194.856	194.056	194.661	15	5846325000	114060
09/05/2024 16:00	194.662	194.815	194.429	194.746	15	5274945000	123153
09/05/2024 20:00	194.746	194.811	194.612	194.617	15	9251880000	92612
10/05/2024 00:00	194.616	194.812	194.473	194.724	15	13548185000	56856
10/05/2024 04:00	194.724	194.99	194.681	194.825	15	4333650000	96364
10/05/2024 08:00	194.825	195.31	194.762	195.142	15	6249245000	115726
10/05/2024 12:00	195.142	195.225	195.024	195.125	15	6375860000	114279
10/05/2024 16:00	195.125	195.331	194.827	195.317	15	6106070000	123463
10/05/2024 20:00	195.317	195.337	195.043	195.115	0	7073855000	82224
13/05/2024 00:00	194.81	195.261	194.779	195.239	15	10050235000	50059
13/05/2024 04:00	195.239	195.258	194.742	195.135	15	4421740000	98493
13/05/2024 08:00	195.135	195.352	195.044	195.35	15	4943145000	107694
13/05/2024 12:00	195.35	195.663	195.228	195.56	15	4725575000	107621
13/05/2024 16:00	195.56	196.272	195.505	196.225	15	5100520000	120151
13/05/2024 20:00	196.226	196.248	196.071	196.157	15	8313580000	81841
14/05/2024 00:00	196.115	196.374	196.004	196.261	15	15799190000	48302
14/05/2024 04:00	196.261	196.483	196.259	196.353	15	4258960000	91431
14/05/2024 08:00	196.353	196.619	195.717	196.01	15	5830305000	104332
14/05/2024 12:00	196.011	196.679	195.941	196.555	15	5209545000	105339
14/05/2024 16:00	196.555	197.053	196.455	196.935	15	5258260000	122142
14/05/2024 20:00	196.934	197.021	196.858	196.93	15	7391105000	75092
15/05/2024 00:00	196.931	197.066	196.71	196.863	15	12889095000	46154
15/05/2024 04:00	196.863	197.087	196.764	196.901	15	3442475000	86314
15/05/2024 08:00	196.901	196.963	196.132	196.306	15	5222065000	110915
15/05/2024 12:00	196.306	196.75	195.808	196.142	15	6594914000	114289
15/05/2024 16:00	196.142	196.598	196.044	196.42	15	6592555000	130522
15/05/2024 20:00	196.42	196.545	196.128	196.441	15	8943605000	92505
16/05/2024 00:00	196.392	196.413	195.056	195.137	15	19426070000	69710
16/05/2024 04:00	195.135	195.738	195.042	195.3	15	5220745000	109452
16/05/2024 08:00	195.3	196.203	195.205	196.085	15	5607355000	115856
16/05/2024 12:00	196.085	196.562	195.795	196.532	15	6210765000	113223
16/05/2024 16:00	196.53	196.901	196.463	196.763	15	6923350000	120275
16/05/2024 20:00	196.762	196.912	196.666	196.832	15	8468965000	85844
17/05/2024 00:00	196.832	197.031	196.74	196.865	15	16343895000	51784
17/05/2024 04:00	196.865	197.328	196.809	197.172	15	4327915000	95897
17/05/2024 08:00	197.172	197.325	197.034	197.144	15	5567365000	107973
17/05/2024 12:00	197.144	197.3	197.085	197.219	15	5192605000	105519
17/05/2024 16:00	197.22	197.675	197.18	197.655	15	5302070000	120897
17/05/2024 20:00	197.655	197.853	197.536	197.694	0	10833730000	83112
20/05/2024 00:00	197.474	198.032	197.368	198.028	15	10706430000	52325
20/05/2024 04:00	198.029	198.091	197.75	197.946	15	4824745000	94266
20/05/2024 08:00	197.947	197.977	197.384	197.788	15	5558680000	110640
20/05/2024 12:00	197.788	198.394	197.666	198.251	15	5578905000	112063
20/05/2024 16:00	198.248	198.543	198.189	198.528	15	5313915000	118644
20/05/2024 20:00	198.528	198.638	198.337	198.509	15	8142210000	80248
21/05/2024 00:00	198.504	198.854	198.378	198.801	15	13212595000	48569
21/05/2024 04:00	198.804	198.903	198.651	198.843	15	4388785000	96721
21/05/2024 08:00	198.843	198.891	198.406	198.613	15	5250880000	110226
21/05/2024 12:00	198.613	198.836	198.482	198.546	15	7478135000	109046
21/05/2024 16:00	198.544	198.591	198.26	198.386	15	5568510000	122702
21/05/2024 20:00	198.386	198.608	198.351	198.431	15	8827030000	84340
22/05/2024 00:00	198.431	198.695	198.289	198.673	15	10260210000	45978
22/05/2024 04:00	198.671	198.783	198.65	198.716	15	8546135000	93237
22/05/2024 08:00	198.716	199.539	198.627	199.168	15	6198905000	112388
22/05/2024 12:00	199.165	199.242	198.87	199.223	15	5734805000	114908
22/05/2024 16:00	199.222	199.482	199.098	199.427	15	5448020000	125537
22/05/2024 20:00	199.426	199.497	199.019	199.358	15	10816365000	103082
23/05/2024 00:00	199.358	199.484	199.18	199.443	15	15544965000	56485
23/05/2024 04:00	199.444	199.588	199.331	199.433	15	5439365000	97608
23/05/2024 08:00	199.433	199.721	199.079	199.398	15	9435648000	112681
23/05/2024 12:00	199.398	199.595	199.129	199.571	15	5912035000	113101
23/05/2024 16:00	199.571	199.89	199.216	199.64	15	5960135000	128479
23/05/2024 20:00	199.64	199.647	199.013	199.21	15	9914275000	99734
24/05/2024 00:00	199.055	199.44	198.994	199.312	15	14301470000	57863
24/05/2024 04:00	199.312	199.438	199.204	199.328	15	3749575000	89233
24/05/2024 08:00	199.328	199.504	198.987	199.462	15	6030635000	108097
24/05/2024 12:00	199.461	199.799	199.44	199.769	15	6819800000	111035
24/05/2024 16:00	199.77	200.061	199.671	199.783	15	5978330000	119552
24/05/2024 20:00	199.783	199.983	199.749	199.964	0	8641035000	76641
27/05/2024 00:00	199.684	199.985	199.667	199.771	15	10836685000	49358
27/05/2024 04:00	199.771	199.816	199.606	199.759	15	4014820000	82717
27/05/2024 08:00	199.761	199.998	199.677	199.976	15	5248770000	96801
27/05/2024 12:00	199.976	200.147	199.889	200.047	15	4553670000	95711
27/05/2024 16:00	200.046	200.426	200.019	200.348	15	4413790000	92325
27/05/2024 20:00	200.348	200.389	200.173	200.213	15	5232440000	42567
28/05/2024 00:00	200.156	200.421	200.132	200.373	15	10519675000	48292
28/05/2024 04:00	200.373	200.42	200.148	200.158	15	4742590000	96715
28/05/2024 08:00	200.158	200.458	200.157	200.3	15	5063770000	109792
28/05/2024 12:00	200.3	200.526	200.289	200.424	15	5805420000	111393
28/05/2024 16:00	200.424	200.621	200.363	200.543	15	6540080000	124243
28/05/2024 20:00	200.543	200.641	200.386	200.531	15	9157450000	99257
29/05/2024 00:00	200.51	200.737	200.337	200.708	15	15870500000	55779
29/05/2024 04:00	200.708	200.734	200.478	200.53	15	5522190000	97848
29/05/2024 08:00	200.53	200.612	200.115	200.387	15	5698490000	118580
29/05/2024 12:00	200.389	200.605	200.271	200.335	15	6058435000	120220
29/05/2024 16:00	200.334	200.523	200.042	200.519	15	6147530000	130247
29/05/2024 20:00	200.518	200.519	200.162	200.164	15	9660025000	94358
30/05/2024 00:00	200.124	200.234	199.674	199.751	15	11560620000	56374
30/05/2024 04:00	199.751	199.978	199.457	199.544	15	4382120000	103577
30/05/2024 08:00	199.544	199.612	198.749	199.512	15	6076960000	125993
30/05/2024 12:00	199.513	199.667	199.122	199.321	15	9052400000	121148
30/05/2024 16:00	199.323	199.732	198.992	199.648	15	9936255000	124638
30/05/2024 20:00	199.648	199.761	199.56	199.61	15	10709655000	94783
31/05/2024 00:00	199.59	199.888	199.35	199.532	15	19383150000	60449
31/05/2024 04:00	199.533	199.733	199.234	199.341	15	4898745000	112490
31/05/2024 08:00	199.341	199.986	199.315	199.914	15	5359420000	120298
31/05/2024 12:00	199.913	200.262	199.607	199.937	15	6473040000	119620
31/05/2024 16:00	199.938	200.245	199.698	200.079	15	8180325000	132222
31/05/2024 20:00	200.079	200.505	200.025	200.452	0	14073925000	102683
03/06/2024 00:00	200.148	200.495	200.138	200.343	15	18203800000	61158
03/06/2024 04:00	200.343	200.645	200.152	200.589	15	5519800000	102899
03/06/2024 08:00	200.589	200.622	199.47	199.531	15	8152425000	120577
03/06/2024 12:00	199.53	199.78	199.219	199.592	15	8791100000	123761
03/06/2024 16:00	199.592	199.906	199.356	199.435	15	10937006000	132937
03/06/2024 20:00	199.434	200.034	199.403	199.831	15	15752450000	106373
04/06/2024 00:00	199.831	200.401	199.686	200.357	15	18164525000	61338
04/06/2024 04:00	200.357	200.417	200.164	200.209	15	5651975000	98700
04/06/2024 08:00	200.209	200.217	198.303	198.419	15	8808300000	124534
04/06/2024 12:00	198.419	198.498	197.198	198.01	15	9762700000	131682
04/06/2024 16:00	198.01	198.152	197.523	197.909	15	10670925000	133559
04/06/2024 20:00	197.906	197.957	197.652	197.745	15	13187825000	106582
05/06/2024 00:00	197.745	198.468	197.485	198.303	15	14244275000	57519
05/06/2024 04:00	198.305	198.782	198.277	198.738	15	6985300000	104306
05/06/2024 08:00	198.738	199.629	198.635	199.6	15	7831450000	120327
05/06/2024 12:00	199.599	199.727	199.208	199.677	15	9006550000	120459
05/06/2024 16:00	199.678	199.743	199.157	199.486	15	38682421000	131848
05/06/2024 20:00	199.486	199.741	199.417	199.554	15	12341525000	93700
06/06/2024 00:00	199.554	199.639	199.196	199.264	15	15311650000	59362
06/06/2024 04:00	199.264	199.541	198.966	199.26	15	6218775000	105510
06/06/2024 08:00	199.26	199.937	199.232	199.679	15	7875825000	115619
06/06/2024 12:00	199.679	199.784	199.306	199.701	15	9219300000	116730
06/06/2024 16:00	199.702	199.798	199.055	199.081	15	9369350000	130435
06/06/2024 20:00	199.081	199.286	198.823	198.989	15	15018900000	104766
07/06/2024 00:00	198.989	199.297	198.799	199.204	15	12526375000	52621
07/06/2024 04:00	199.204	199.369	198.903	198.99	15	6438400000	107591
07/06/2024 08:00	198.99	199.132	198.394	198.676	15	9574575000	123490
07/06/2024 12:00	198.675	199.804	198.639	199.698	15	9802475000	123373
07/06/2024 16:00	199.698	199.806	199.059	199.34	15	8077075000	134843
07/06/2024 20:00	199.335	199.435	199.141	199.383	0	8447600000	106092
10/06/2024 00:00	199.529	199.759	199.248	199.561	15	19034200000	67917
10/06/2024 04:00	199.561	199.919	199.485	199.8	15	5855325000	102014
10/06/2024 08:00	199.799	199.81	199.379	199.452	15	7556125000	125736
10/06/2024 12:00	199.452	199.806	198.929	199.553	15	8152300000	128113
10/06/2024 16:00	199.554	199.885	199.309	199.827	15	7649500000	125091
10/06/2024 20:00	199.827	200.044	199.788	199.859	15	14654000000	99152
11/06/2024 00:00	199.859	200.154	199.675	200.097	15	18125575000	60910
11/06/2024 04:00	200.097	200.34	199.975	200.267	15	7269450000	104967
11/06/2024 08:00	200.267	200.388	199.955	200.054	15	7908261000	115475
11/06/2024 12:00	200.055	200.391	199.816	199.938	15	8074900000	129520
11/06/2024 16:00	199.94	200.34	199.676	200.328	15	7497575000	128891
11/06/2024 20:00	200.328	200.33	200.005	200.128	15	12675900000	100881
12/06/2024 00:00	200.128	200.242	199.899	200.145	15	12888025000	43715
12/06/2024 04:00	200.145	200.34	200.067	200.31	15	5120150000	85021
12/06/2024 08:00	200.31	200.709	200.262	200.676	15	7545075000	112847
12/06/2024 12:00	200.675	200.936	200.382	200.711	15	10472740000	121850
12/06/2024 16:00	200.714	200.718	199.936	200.131	15	7703425000	132095
12/06/2024 20:00	200.131	200.795	199.995	200.528	15	29968248000	117538
13/06/2024 00:00	200.528	200.744	200.344	200.619	15	17084075000	62183
13/06/2024 04:00	200.619	200.811	200.498	200.7	15	7783550000	102777
13/06/2024 08:00	200.7	201.28	200.698	201.261	15	7369875000	115761
13/06/2024 12:00	201.263	201.31	200.49	200.745	15	7823825000	118690
13/06/2024 16:00	200.745	201.023	199.689	199.906	15	8104600000	136060
13/06/2024 20:00	199.906	200.527	199.809	200.296	15	19423150000	105190
14/06/2024 00:00	200.296	200.501	200.159	200.441	15	20651800000	56617
14/06/2024 04:00	200.441	201.452	200.087	201.363	15	13457425000	103528
14/06/2024 08:00	201.363	201.611	200.229	200.357	15	7425950000	127778
14/06/2024 12:00	200.358	200.391	199.192	199.554	15	8630700000	137264
14/06/2024 16:00	199.554	199.728	198.92	199.573	15	7099300000	127439
14/06/2024 20:00	199.573	199.706	199.426	199.667	0	8685800000	86945
17/06/2024 00:00	199.485	199.912	199.427	199.715	15	22425025000	63251
17/06/2024 04:00	199.715	199.795	199.519	199.608	15	5013050000	95820
17/06/2024 08:00	199.608	199.891	199.059	199.801	15	6495350000	119094
17/06/2024 12:00	199.801	200.082	199.498	200	15	6060150000	114200
17/06/2024 16:00	200	200.349	199.891	200.326	15	6325600000	118458
17/06/2024 20:00	200.326	200.448	200.274	200.331	15	11366950000	84566
18/06/2024 00:00	200.331	200.497	200.141	200.407	15	13258475000	49494
18/06/2024 04:00	200.407	200.434	200.025	200.202	15	5144400000	92145
18/06/2024 08:00	200.201	200.766	200.141	200.532	15	6376825000	118106
18/06/2024 12:00	200.531	200.673	200.015	200.305	15	8122375000	118832
18/06/2024 16:00	200.303	200.839	200.172	200.326	15	6807800000	123435
18/06/2024 20:00	200.324	200.634	200.316	200.578	15	10707475000	87697
19/06/2024 00:00	200.538	200.654	200.377	200.565	15	14037775000	47569
19/06/2024 04:00	200.565	200.656	200.458	200.563	15	4488625000	83820
19/06/2024 08:00	200.563	200.918	200.41	200.917	15	6039850000	106687
19/06/2024 12:00	200.917	201.113	200.748	200.816	15	5988650000	103110
19/06/2024 16:00	200.816	201.07	200.788	200.898	15	5789125000	85802
19/06/2024 20:00	200.898	201.105	200.807	201.009	15	7461875000	27775
20/06/2024 00:00	201.009	201.052	200.588	200.941	15	16354675000	48178
20/06/2024 04:00	200.94	201.107	200.884	201.054	15	4271075000	79010
20/06/2024 08:00	201.054	201.276	200.835	201.162	15	6031975000	112576
20/06/2024 12:00	201.161	201.351	200.811	200.999	15	6964300000	118682
20/06/2024 16:00	200.999	201.383	200.938	201.168	15	6921675000	120803
20/06/2024 20:00	201.168	201.376	201.086	201.112	15	13691650000	91154
21/06/2024 00:00	201.112	201.387	201.013	201.36	15	15815925000	52826
21/06/2024 04:00	201.36	201.371	201.13	201.173	15	4311125000	81602
21/06/2024 08:00	201.173	201.485	200.47	200.982	15	7254025000	112359
21/06/2024 12:00	200.982	201.12	200.774	201.018	15	7114750000	111665
21/06/2024 16:00	201.018	201.642	200.813	201.56	15	8634600000	125083
21/06/2024 20:00	201.56	202.104	201.53	202.104	0	7980525000	83866
24/06/2024 00:00	201.83	202.155	201.761	201.982	15	16753125000	58135
24/06/2024 04:00	201.983	202.008	201.721	202.006	15	6136025000	96605
24/06/2024 08:00	202.006	202.334	201.938	202.248	15	7840325000	115327
24/06/2024 12:00	202.248	202.272	201.136	201.87	15	8147925000	124970
24/06/2024 16:00	201.873	202.697	201.862	202.525	15	7164550000	121566
24/06/2024 20:00	202.525	202.683	202.336	202.343	15	12195450000	90272
25/06/2024 00:00	202.343	202.557	202.144	202.203	15	11908725000	57148
25/06/2024 04:00	202.203	202.508	201.953	202.377	15	5162700000	98401
25/06/2024 08:00	202.377	202.588	202.219	202.546	15	6222000000	115068
25/06/2024 12:00	202.546	202.608	202.124	202.452	15	6947800000	115989
25/06/2024 16:00	202.452	202.573	202.323	202.529	15	7033750000	122986
25/06/2024 20:00	202.529	202.721	202.438	202.513	15	11449675000	84773
26/06/2024 00:00	202.513	202.643	202.422	202.595	15	16122725000	49043
26/06/2024 04:00	202.594	202.874	202.58	202.651	15	4520900000	88541
26/06/2024 08:00	202.651	202.77	202.492	202.598	15	6102950000	113962
26/06/2024 12:00	202.595	203.034	202.525	202.763	15	7482800000	127808
26/06/2024 16:00	202.763	203.147	202.412	202.816	15	9557275000	126868
26/06/2024 20:00	202.815	203.035	202.754	202.908	15	10961800000	91567
27/06/2024 00:00	202.908	202.931	202.524	202.697	15	12527875000	57662
27/06/2024 04:00	202.7	202.749	202.495	202.603	15	5123400000	96170
27/06/2024 08:00	202.603	202.961	202.551	202.858	15	6206425000	114338
27/06/2024 12:00	202.858	203.08	202.84	202.982	15	7388000000	117180
27/06/2024 16:00	202.982	203.382	202.858	203.314	15	8284075000	127036
27/06/2024 20:00	203.313	203.331	203.106	203.106	15	13187675000	89533
28/06/2024 00:00	203.106	203.498	203.059	203.475	15	11381600000	53574
28/06/2024 04:00	203.473	203.588	203.182	203.277	15	5658025000	107297
28/06/2024 08:00	203.277	203.584	203.204	203.317	15	6575725000	116546
28/06/2024 12:00	203.317	203.32	202.94	203.049	15	7570650000	123931
28/06/2024 16:00	203.045	203.441	202.563	203.345	15	7090800000	132875
28/06/2024 20:00	203.344	203.466	203.147	203.403	0	11444175000	95648
01/07/2024 00:00	203.334	203.925	203.161	203.698	15	27079500000	63503
01/07/2024 04:00	203.698	203.871	203.6	203.869	15	4812975000	94084
01/07/2024 08:00	203.869	204.25	203.797	204.057	15	5959075000	116841
01/07/2024 12:00	204.057	204.409	203.96	204.358	15	7368800000	114909
01/07/2024 16:00	204.358	204.737	204.195	204.293	12	6727775000	129569
01/07/2024 20:00	204.293	204.304	204.067	204.181	12	13434125000	94531
02/07/2024 00:00	204.181	204.335	204.1	204.182	15	16437450000	50531
02/07/2024 04:00	204.182	204.341	204.081	204.242	15	6752625000	89661
02/07/2024 08:00	204.243	204.379	203.877	204.064	12	6827275000	116128
02/07/2024 12:00	204.061	204.593	204.042	204.544	12	6084100000	115376
02/07/2024 16:00	204.545	204.83	204.458	204.686	12	6906350000	126591
02/07/2024 20:00	204.686	204.853	204.642	204.727	12	10971700000	82613
03/07/2024 00:00	204.727	205.044	204.479	204.994	15	13405075000	52259
03/07/2024 04:00	204.994	205.187	204.926	205.158	15	5004575000	83809
03/07/2024 08:00	205.159	205.537	205.092	205.468	12	6799950000	112163
03/07/2024 12:00	205.469	205.892	205.366	205.813	12	7326825000	113192
03/07/2024 16:00	205.812	206.161	205.339	206.016	12	6929900000	131602
03/07/2024 20:00	206.015	206.085	205.715	205.939	12	9244425000	72971
04/07/2024 00:00	205.939	206.054	205.758	205.842	15	12340450000	44870
04/07/2024 04:00	205.842	205.893	205.495	205.801	15	4319275000	80753
04/07/2024 08:00	205.801	205.867	205.608	205.672	12	6488025000	108258
04/07/2024 12:00	205.672	205.723	205.285	205.433	12	7312925000	109229
04/07/2024 16:00	205.434	205.721	205.388	205.617	12	5417200000	90768
04/07/2024 20:00	205.616	205.802	205.584	205.635	12	15436400000	42649
05/07/2024 00:00	205.635	205.851	205.315	205.595	15	15567425000	59114
05/07/2024 04:00	205.595	205.666	204.983	205.143	15	5833725000	103109
05/07/2024 08:00	205.143	205.515	205.074	205.412	12	6075300000	108163
05/07/2024 12:00	205.411	206.176	205.171	206.049	12	8417525000	113103
05/07/2024 16:00	206.051	206.44	205.755	205.906	12	7637800000	131939
05/07/2024 20:00	205.906	206.097	205.888	206.068	0	8538025000	87262
08/07/2024 00:00	205.652	205.993	205.473	205.66	15	19066925000	65324
08/07/2024 04:00	205.661	205.79	205.288	205.719	15	5550175000	101356
08/07/2024 08:00	205.719	206.536	205.618	206.501	12	6762100000	121421
08/07/2024 12:00	206.503	206.661	206.196	206.293	12	7066350000	122181
08/07/2024 16:00	206.292	206.508	206.029	206.072	12	7078850000	124865
08/07/2024 20:00	206.073	206.086	205.887	205.888	12	13078825000	77921
09/07/2024 00:00	205.89	206.159	205.761	206.072	15	11736325000	48944
09/07/2024 04:00	206.072	206.294	206.027	206.158	15	4928225000	93352
09/07/2024 08:00	206.158	206.244	205.859	206.234	12	6789775000	110892
09/07/2024 12:00	206.235	206.454	206.147	206.347	12	6544425000	115314
09/07/2024 16:00	206.345	206.578	206.181	206.218	12	8422590000	130530
09/07/2024 20:00	206.219	206.292	206.171	206.214	12	9654850000	86279
10/07/2024 00:00	206.214	206.505	206.078	206.442	15	15356375000	49407
10/07/2024 04:00	206.441	206.617	206.438	206.549	15	5398275000	91967
10/07/2024 08:00	206.549	206.697	206.455	206.677	12	6820075000	113410
10/07/2024 12:00	206.678	206.99	206.678	206.785	12	6638800000	117417
10/07/2024 16:00	206.786	207.788	206.772	207.704	12	6945375000	124251
10/07/2024 20:00	207.704	207.811	207.6	207.69	12	12389225000	88922
11/07/2024 00:00	207.69	207.762	207.517	207.689	15	11243750000	44175
11/07/2024 04:00	207.689	207.946	207.672	207.885	15	4019325000	77063
11/07/2024 08:00	207.885	208.098	207.833	207.973	12	5867700000	106794
11/07/2024 12:00	207.973	208.107	204.95	205.16	12	8938850000	114573
11/07/2024 16:00	205.165	205.26	203.836	204.716	12	7232500000	133765
11/07/2024 20:00	204.717	205.204	204.674	204.997	12	12422575000	95731
12/07/2024 00:00	204.997	205.921	203.819	205.356	15	21233895000	80376
12/07/2024 04:00	205.36	205.659	204.902	205.428	15	6721525000	109569
12/07/2024 08:00	205.428	206.014	205.184	205.971	12	6469625000	122553
12/07/2024 12:00	205.972	206.331	205.419	205.895	12	6695475000	119853
12/07/2024 16:00	205.895	205.932	204.154	205.035	12	8235900000	130617
12/07/2024 20:00	205.034	205.218	204.881	205.087	0	7664175000	88678
15/07/2024 00:00	204.943	205.395	204.835	205.007	15	25454150000	70505
15/07/2024 04:00	205.007	205.12	204.795	204.99	15	4703950000	92975
15/07/2024 08:00	204.99	205.203	204.779	204.985	12	5926775000	112434
15/07/2024 12:00	204.985	205.233	204.92	204.988	12	7398475000	115959
15/07/2024 16:00	204.987	205.291	204.127	204.669	12	7816698000	127673
15/07/2024 20:00	204.67	205.094	204.623	204.89	12	10615450000	91940
16/07/2024 00:00	204.89	205.36	204.766	205.313	15	24427475000	56962
16/07/2024 04:00	205.313	205.765	205.31	205.637	15	4987700000	95597
16/07/2024 08:00	205.637	205.782	205.211	205.428	12	6112225000	116236
16/07/2024 12:00	205.428	205.624	205.16	205.536	12	6848225000	120619
16/07/2024 16:00	205.535	205.602	205.299	205.378	12	6777000000	128700
16/07/2024 20:00	205.377	205.512	205.304	205.365	12	13307875000	98237
17/07/2024 00:00	205.365	205.613	205.109	205.541	15	13426100000	61018
17/07/2024 04:00	205.541	205.685	205.175	205.175	15	4873775000	92044
17/07/2024 08:00	205.176	205.208	203.385	203.56	12	7029700000	125853
17/07/2024 12:00	203.561	204.357	203.41	204.034	12	7073400000	127624
17/07/2024 16:00	204.032	204.089	203.127	203.248	12	7452350000	134518
17/07/2024 20:00	203.253	203.508	203.013	203.138	12	12755950000	105729
18/07/2024 00:00	203.138	203.282	202.095	202.51	15	21224250000	83330
18/07/2024 04:00	202.509	203.584	202.468	203.268	15	6183425000	106072
18/07/2024 08:00	203.269	203.405	202.675	203.18	12	7046750000	126205
18/07/2024 12:00	203.181	203.289	202.802	203.07	12	6873400000	121791
18/07/2024 16:00	203.071	203.862	202.921	203.842	12	7354925000	135322
18/07/2024 20:00	203.842	203.851	203.555	203.652	12	18183400000	109345
19/07/2024 00:00	203.652	203.776	203.342	203.5	15	16232225000	72755
19/07/2024 04:00	203.5	203.824	203.46	203.75	15	5913725000	104074
19/07/2024 08:00	203.75	204.221	203.069	203.131	12	6933025000	123088
19/07/2024 12:00	203.131	203.747	202.946	203.711	12	6822275000	119032
19/07/2024 16:00	203.713	203.725	203.142	203.284	12	7333950000	129388
19/07/2024 20:00	203.284	203.468	203.171	203.299	0	7867400000	91581
22/07/2024 00:00	203.317	203.593	203.181	203.524	15	22216575000	69007
22/07/2024 04:00	203.524	203.607	203.37	203.377	15	5222625000	98183
22/07/2024 08:00	203.376	203.377	201.885	202.694	12	7157525000	126676
22/07/2024 12:00	202.694	203.078	202.384	202.513	12	6523075000	120726
22/07/2024 16:00	202.512	202.928	202.414	202.903	12	6808500000	129026
22/07/2024 20:00	202.904	203.124	202.885	203.021	12	9264300000	85513
23/07/2024 00:00	203.021	203.153	202.47	202.525	15	16273075000	63437
23/07/2024 04:00	202.525	202.84	201.958	202.071	15	6539825000	113196
23/07/2024 08:00	202.071	202.373	201.323	201.619	12	6656125000	123187
23/07/2024 12:00	201.619	201.832	201.144	201.361	12	6742975000	124912
23/07/2024 16:00	201.362	201.687	201.032	201.112	12	6686150000	125874
23/07/2024 20:00	201.112	201.145	200.711	200.711	12	13283000000	94541
24/07/2024 00:00	200.711	201.175	200.658	200.962	15	25954700000	60329
24/07/2024 04:00	200.962	201.023	199.161	199.246	15	9859625000	118544
24/07/2024 08:00	199.246	199.804	198.976	199.712	12	8563525000	123785
24/07/2024 12:00	199.711	199.82	198.746	198.847	12	6633275000	120549
24/07/2024 16:00	198.847	198.992	197.773	198.374	12	7306425000	132076
24/07/2024 20:00	198.373	198.812	198.351	198.5	12	13317000000	100213
25/07/2024 00:00	198.402	198.604	197.116	197.615	15	27811400000	83066
25/07/2024 04:00	197.615	197.752	196.26	196.706	15	8729275000	117338
25/07/2024 08:00	196.705	197.154	195.933	196.775	12	7325825000	132191
25/07/2024 12:00	196.774	197.914	195.858	197.656	12	7884275000	126282
25/07/2024 16:00	197.656	198.799	197.255	198.424	12	7263800000	137766
25/07/2024 20:00	198.431	198.466	197.657	197.757	12	18994000000	113498
26/07/2024 00:00	197.757	198.179	197.178	197.887	15	26396450000	77231
26/07/2024 04:00	197.887	198.098	197.356	197.682	15	6113525000	103953
26/07/2024 08:00	197.683	198.664	197.454	198.515	12	6881425000	124812
26/07/2024 12:00	198.51	199.135	198.204	198.416	12	6842775000	126122
26/07/2024 16:00	198.416	198.421	196.882	197.984	12	7038400000	134753
26/07/2024 20:00	197.985	198.08	197.785	197.874	0	9603825000	101566
29/07/2024 00:00	197.588	198.61	197.581	197.979	15	22281125000	84500
29/07/2024 04:00	197.979	198.12	197.194	197.516	15	6707675000	123975
29/07/2024 08:00	197.517	197.792	196.833	196.921	12	6795625000	128586
29/07/2024 12:00	196.92	197.734	196.782	197.558	12	6685950000	128393
29/07/2024 16:00	197.559	198.048	197.315	197.879	12	7219525000	134739
29/07/2024 20:00	197.882	198.165	197.876	198.032	12	17438000000	103602
30/07/2024 00:00	198.024	198.185	197.486	197.894	15	27589550000	68365
30/07/2024 04:00	197.894	198.586	197.687	198.567	15	6494625000	111471
30/07/2024 08:00	198.567	199.473	198.551	198.885	12	6756100000	124301
30/07/2024 12:00	198.888	199.26	198.703	198.767	12	5966450000	115448
30/07/2024 16:00	198.767	198.769	196.556	196.654	12	7913150000	139042
30/07/2024 20:00	196.656	196.89	195.889	195.998	12	19186275000	116959
31/07/2024 00:00	195.996	196.522	195.334	195.656	15	37276025000	91681
31/07/2024 04:00	195.655	197.589	194.713	195.961	15	27429900000	119259
31/07/2024 08:00	195.961	196.68	192.508	193.633	12	8170475000	133983
31/07/2024 12:00	193.635	193.647	192.467	193.14	12	6942925000	133889
31/07/2024 16:00	193.142	193.455	192.165	193.265	12	7537400000	138346
31/07/2024 20:00	193.265	193.973	192.402	192.704	12	27849625000	128615
01/08/2024 00:00	192.704	193.238	191.973	192.084	15	40421750000	79468
01/08/2024 04:00	192.081	192.509	190.958	192.339	15	6778250000	123809
01/08/2024 08:00	192.341	192.744	190.984	191.299	12	7044450000	135934
01/08/2024 12:00	191.299	193.252	191.005	193.25	12	7157700000	132766
01/08/2024 16:00	193.251	193.252	190.994	191.169	12	7867525000	139597
01/08/2024 20:00	191.168	191.23	190.163	190.196	12	29193925000	125399
02/08/2024 00:00	190.196	190.306	189.504	190.059	15	39298950000	91991
02/08/2024 04:00	190.058	190.511	189.728	189.924	15	6218075000	118992
02/08/2024 08:00	189.924	190.111	188.99	189.841	12	6947850000	132279
02/08/2024 12:00	189.842	190.074	187.581	188.755	12	6984100000	130148
02/08/2024 16:00	188.749	189.89	187.376	187.792	12	7243675000	141597
02/08/2024 20:00	187.792	188.067	187.502	187.638	0	24763475000	118118
05/08/2024 00:00	187.454	187.673	185.667	186.028	15	57991525000	96985
05/08/2024 04:00	186.028	186.212	181.962	183.258	15	10232600000	135296
05/08/2024 08:00	183.252	184.323	180.091	181.736	12	10538600000	139092
05/08/2024 12:00	181.737	182.313	180.696	181.406	12	7407225000	132169
05/08/2024 16:00	181.408	185.19	181.407	184.062	12	8004475000	139066
05/08/2024 20:00	184.06	184.541	182.93	184.126	12	33851850000	115430
06/08/2024 00:00	184.126	187.098	183.561	185.694	15	66423575000	89361
06/08/2024 04:00	185.693	186.523	184.46	185.864	15	8250425000	116933
06/08/2024 08:00	185.864	186.701	184.022	184.516	12	8390650000	136041
06/08/2024 12:00	184.516	184.79	183.128	183.339	12	6925650000	135580
06/08/2024 16:00	183.34	184.779	182.804	184.691	12	7316575000	138293
06/08/2024 20:00	184.694	184.714	182.962	183.059	12	30062675000	119384
07/08/2024 00:00	183.059	184.395	182.954	183.842	15	48624450000	84991
07/08/2024 04:00	183.841	188.077	183.633	187.534	15	10920325000	117844
07/08/2024 08:00	187.534	187.809	185.375	186.972	12	6916350000	132607
07/08/2024 12:00	186.971	187.714	186.783	187.007	12	6796475000	129850
07/08/2024 16:00	187.008	187.885	186.384	187.026	12	7149075000	135780
07/08/2024 20:00	187.027	187.263	186.046	186.054	12	23988075000	120776
08/08/2024 00:00	186.054	186.266	184.472	185.146	15	64474300000	80984
08/08/2024 04:00	185.146	186.373	185.086	185.525	15	6604750000	120679
08/08/2024 08:00	185.525	185.952	184.81	185.668	12	6847550000	132265
08/08/2024 12:00	185.67	186.676	184.944	186.412	12	7102464000	131888
08/08/2024 16:00	186.41	187.653	186.297	187.629	12	7023100000	136337
08/08/2024 20:00	187.627	187.882	187.404	187.501	12	26533725000	112636
09/08/2024 00:00	187.501	188.417	187.431	187.899	15	83466325000	81940
09/08/2024 04:00	187.909	188.213	187.187	187.271	15	5791525000	113854
09/08/2024 08:00	187.273	188.04	187.037	187.903	12	6587325000	127581
09/08/2024 12:00	187.908	188.015	186.464	186.954	12	6432800000	126124
09/08/2024 16:00	186.955	187.386	186.56	187.04	12	6873175000	134296
09/08/2024 20:00	187.04	187.313	186.954	187.084	0	21815150000	109513
12/08/2024 00:00	187.015	187.593	186.991	187.335	15	37046325000	65767
12/08/2024 04:00	187.335	187.815	187.146	187.774	15	4851025000	96719
12/08/2024 08:00	187.775	188.191	187.718	188.083	12	8244025000	117222
12/08/2024 12:00	188.082	188.545	187.789	188.54	12	5842125000	114068
12/08/2024 16:00	188.54	189.326	187.961	187.993	12	6792325000	134082
12/08/2024 20:00	187.99	188.123	187.718	187.845	12	14010950000	95421
13/08/2024 00:00	187.95	188.061	187.577	188.001	15	1.56051E+11	64582
13/08/2024 04:00	188.002	188.844	188.002	188.754	15	5367800000	100444
13/08/2024 08:00	188.754	189.513	188.633	189.208	12	6021375000	117656
13/08/2024 12:00	189.209	189.278	188.159	188.776	12	6554450000	123065
13/08/2024 16:00	188.775	188.903	187.989	188.476	12	6516200000	129560
13/08/2024 20:00	188.476	188.998	188.466	188.705	12	17403500000	110474
14/08/2024 00:00	188.702	189.316	188.584	189.206	15	19957950000	67385
14/08/2024 04:00	189.206	189.303	187.86	188.849	15	7057275000	117074
14/08/2024 08:00	188.849	189.361	188.436	188.907	12	6854575000	121030
14/08/2024 12:00	188.907	189.415	188.37	189.147	12	6654025000	121636
14/08/2024 16:00	189.145	189.427	188.331	188.639	12	6648225000	131043
14/08/2024 20:00	188.639	189.149	188.608	188.861	12	15075500000	88058
15/08/2024 00:00	188.86	189.052	188.742	188.848	15	17247875000	56321
15/08/2024 04:00	188.848	189.342	188.794	189.087	15	5577825000	101976
15/08/2024 08:00	189.088	189.328	188.888	189.231	12	6059250000	111722
15/08/2024 12:00	189.232	191.112	189.194	190.926	12	7019725000	115305
15/08/2024 16:00	190.926	191.687	190.859	191.535	12	6378550000	126356
15/08/2024 20:00	191.536	191.995	191.435	191.762	12	15022850000	78983
16/08/2024 00:00	191.873	191.948	191.503	191.845	15	8426775000	63611
16/08/2024 04:00	191.844	191.926	191.477	191.627	15	5489925000	103409
16/08/2024 08:00	191.628	192.005	191.567	191.619	12	6104750000	113140
16/08/2024 12:00	191.62	191.882	190.422	190.468	12	6158775000	119479
16/08/2024 16:00	190.468	191.328	190.366	191.223	12	6084350000	120585
16/08/2024 20:00	191.223	191.24	190.979	191.084	0	8562050000	76292
19/08/2024 00:00	190.791	191.622	190.785	191.344	15	18616875000	63263
19/08/2024 04:00	191.343	191.434	188.959	189.352	15	6239950000	111155
19/08/2024 08:00	189.352	189.622	188.232	189.487	12	6439575000	125218
19/08/2024 12:00	189.486	189.917	189.028	189.356	12	5890825000	117457
19/08/2024 16:00	189.354	190.378	189.354	190.177	12	6043925000	118746
19/08/2024 20:00	190.178	190.565	190.166	190.264	12	11953075000	81170
20/08/2024 00:00	190.233	190.761	189.818	190.039	15	19255375000	57400
20/08/2024 04:00	190.038	190.995	189.475	190.703	15	5458450000	107933
20/08/2024 08:00	190.703	191.262	190.164	190.48	12	6192125000	122131
20/08/2024 12:00	190.482	190.64	190.226	190.413	12	6016500000	117391
20/08/2024 16:00	190.418	190.499	189.371	189.372	12	6587425000	130859
20/08/2024 20:00	189.371	189.531	189.185	189.193	12	13086775000	84261
21/08/2024 00:00	189.188	189.7	188.924	189.582	15	32236150000	77496
21/08/2024 04:00	189.582	189.854	189.229	189.753	15	5646650000	111640
21/08/2024 08:00	189.753	190.296	189.523	190.025	12	6086875000	120599
21/08/2024 12:00	190.022	190.709	189.987	190.161	12	5989800000	118987
21/08/2024 16:00	190.162	191.482	189.641	190.037	12	6897550000	132823
21/08/2024 20:00	190.038	190.175	189.448	190.113	12	14785225000	101097
22/08/2024 00:00	189.945	190.328	189.632	190.207	15	24466375000	64649
22/08/2024 04:00	190.207	190.552	189.688	189.856	15	5226400000	104015
22/08/2024 08:00	189.856	191.131	189.723	190.948	12	6070375000	115671
22/08/2024 12:00	190.948	191.722	190.822	191.563	12	5930300000	116071
22/08/2024 16:00	191.564	191.932	190.85	191.458	12	7015700000	129705
22/08/2024 20:00	191.459	191.691	191.266	191.307	12	12606750000	92304
23/08/2024 00:00	191.268	191.566	191.096	191.305	15	22513025000	63198
23/08/2024 04:00	191.306	191.367	190.364	191.069	15	5685975000	105705
23/08/2024 08:00	191.069	191.659	190.647	191.592	12	5896275000	113204
23/08/2024 12:00	191.592	191.869	191.463	191.496	12	5808625000	111557
23/08/2024 16:00	191.493	192.024	190.817	191.036	12	7910655000	135959
23/08/2024 20:00	191.035	191.11	190.271	190.849	0	9840624000	105106
26/08/2024 00:00	190.418	190.684	189.604	189.908	15	41486775000	82098
26/08/2024 04:00	189.906	190.241	189.609	190.144	15	5620450000	108895
26/08/2024 08:00	190.145	190.344	189.495	189.862	12	5830750000	115486
26/08/2024 12:00	189.863	190.446	189.795	190.014	12	6586175000	117768
26/08/2024 16:00	190.015	190.784	189.853	190.663	12	6610500000	125638
26/08/2024 20:00	190.665	190.77	190.444	190.448	12	16620875000	83180
27/08/2024 00:00	190.464	190.939	190.229	190.927	15	33995075000	64546
27/08/2024 04:00	190.926	191.181	190.791	190.816	15	4982125000	94793
27/08/2024 08:00	190.816	191.918	190.806	191.735	12	6371575000	123426
27/08/2024 12:00	191.736	191.86	190.664	190.77	12	7159425000	132143
27/08/2024 16:00	190.77	191.247	190.617	190.726	12	7127350000	131731
27/08/2024 20:00	190.727	191.005	190.703	190.719	12	15743800000	100428
28/08/2024 00:00	190.739	191.241	190.517	191.082	15	21002400000	75272
28/08/2024 04:00	191.085	191.426	191.002	191.141	15	6055250000	109551
28/08/2024 08:00	191.142	191.308	190.858	190.968	12	6502400000	126686
28/08/2024 12:00	190.969	191.242	190.534	191.158	12	6728450000	129222
28/08/2024 16:00	191.159	191.447	190.433	190.845	12	7200850000	134946
28/08/2024 20:00	190.846	190.914	190.354	190.651	12	20609850000	114105
29/08/2024 00:00	190.654	190.952	190.243	190.736	15	15917725000	74886
29/08/2024 04:00	190.737	191.15	190.681	191.141	15	6063600000	111032
29/08/2024 08:00	191.14	191.487	190.313	190.819	12	6678750000	126882
29/08/2024 12:00	190.818	191.415	190.442	191.35	12	7351275000	130619
29/08/2024 16:00	191.343	191.539	191.025	191.149	12	7907925000	135654
29/08/2024 20:00	191.15	191.157	190.539	190.761	12	19003150000	116958
30/08/2024 00:00	190.796	190.978	190.483	190.567	15	24971750000	62892
30/08/2024 04:00	190.567	190.753	190.488	190.678	15	5241150000	102922
30/08/2024 08:00	190.678	191.383	190.641	191.295	12	6369850000	117242
30/08/2024 12:00	191.294	191.768	191.175	191.587	12	6673025000	125155
30/08/2024 16:00	191.586	191.843	191.056	191.834	12	7092825000	136863
30/08/2024 20:00	191.835	192.016	191.627	191.939	0	18883700000	107231
02/09/2024 00:00	191.721	192.491	191.597	191.997	15	32206775000	67069
02/09/2024 04:00	191.997	192.148	191.326	191.544	15	5601325000	108425
02/09/2024 08:00	191.544	192.956	191.538	192.687	12	6158275000	118014
02/09/2024 12:00	192.688	193.243	192.582	193.169	12	5550875000	109373
02/09/2024 16:00	193.168	193.48	192.927	192.946	12	5156725000	97480
02/09/2024 20:00	192.946	193.144	192.935	192.935	12	4071000000	28049
03/09/2024 00:00	192.938	193.355	192.758	193.279	15	21933350000	58303
03/09/2024 04:00	193.28	193.304	192.138	192.319	15	6121350000	119973
03/09/2024 08:00	192.319	192.409	191.069	191.329	12	7427525000	128301
03/09/2024 12:00	191.317	192.044	191.178	191.549	12	7030575000	129156
03/09/2024 16:00	191.549	191.613	190.319	190.995	12	7267475000	136014
03/09/2024 20:00	190.993	191.073	190.689	190.689	12	20360000000	110972
04/09/2024 00:00	190.684	190.835	189.941	190.231	15	43897225000	77329
04/09/2024 04:00	190.23	190.844	190.222	190.531	15	6560675000	113341
04/09/2024 08:00	190.531	190.626	189.698	190.514	12	7355650000	127739
04/09/2024 12:00	190.514	190.634	189.974	190.384	12	7074475000	124153
04/09/2024 16:00	190.379	190.54	189.316	189.43	12	7135700000	135133
04/09/2024 20:00	189.426	189.432	188.875	188.875	12	19031450000	116604
05/09/2024 00:00	188.873	188.993	188.232	188.891	15	32533500000	77701
05/09/2024 04:00	188.891	189.266	188.639	188.754	15	5959600000	115503
05/09/2024 08:00	188.756	189.184	188.062	189.074	12	6972075000	128387
05/09/2024 12:00	189.072	189.172	188.111	188.329	12	7698050000	126528
05/09/2024 16:00	188.33	189.778	188.305	188.939	12	7152850000	135294
05/09/2024 20:00	188.94	189.083	188.546	189.02	12	17837900000	114160
06/09/2024 00:00	188.969	189.051	188.648	188.677	15	24538800000	60900
06/09/2024 04:00	188.677	188.9	188.271	188.44	15	5213825000	100321
06/09/2024 08:00	188.441	188.45	187.253	187.784	12	6920200000	130404
06/09/2024 12:00	187.785	189.446	187.724	188.885	12	7509675000	127347
06/09/2024 16:00	188.883	189.383	186.511	186.887	12	7654100000	141136
06/09/2024 20:00	186.893	187.182	186.73	186.883	0	11818300000	121562
09/09/2024 00:00	186.675	187.528	186.423	187.36	15	43049825000	80175
09/09/2024 04:00	187.36	187.804	187.328	187.575	15	5893975000	115924
09/09/2024 08:00	187.575	187.745	187.166	187.657	12	6247100000	121774
09/09/2024 12:00	187.656	188.121	187.332	187.39	12	6601075000	124847
09/09/2024 16:00	187.39	187.448	186.543	187.127	12	6751575000	130332
09/09/2024 20:00	187.127	187.194	186.727	187.058	12	16000725000	104437
10/09/2024 00:00	187.06	187.426	186.792	187.404	15	14911575000	63944
10/09/2024 04:00	187.404	187.549	187.035	187.104	15	5135250000	101658
10/09/2024 08:00	187.104	188.095	187.025	187.788	12	6389475000	120905
10/09/2024 12:00	187.789	187.798	186.66	186.726	12	6751100000	127521
10/09/2024 16:00	186.727	187.036	185.721	186.171	12	6958225000	135007
10/09/2024 20:00	186.169	186.385	186.001	186.2	12	17913275000	107742
11/09/2024 00:00	186.066	186.371	185.696	185.997	15	16186675000	64456
11/09/2024 04:00	185.997	186.204	184.53	184.853	15	6433950000	119830
11/09/2024 08:00	184.853	185.362	184.468	185.165	12	6714175000	130138
11/09/2024 12:00	185.165	186.004	184.998	185.854	12	6709628000	128144
11/09/2024 16:00	185.857	186.148	183.716	185.048	12	7089450000	139419
11/09/2024 20:00	185.049	185.809	185.014	185.607	12	24224575000	120366
12/09/2024 00:00	185.592	186.357	185.447	185.97	15	27002350000	65343
12/09/2024 04:00	185.972	186.369	185.42	186.317	15	6071700000	119476
12/09/2024 08:00	186.318	186.635	185.85	186.028	12	6560700000	128884
12/09/2024 12:00	186.028	186.408	185.344	185.494	12	7502975000	127805
12/09/2024 16:00	185.494	186.728	185.284	186.585	12	7936115000	138119
12/09/2024 20:00	186.585	186.646	185.92	186.043	12	27688875000	125095
13/09/2024 00:00	186.046	186.206	185.548	185.607	15	15321000000	67712
13/09/2024 04:00	185.607	185.676	184.947	185.319	15	6121925000	116624
13/09/2024 08:00	185.319	185.639	184.567	184.929	12	6482750000	127713
13/09/2024 12:00	184.92	184.996	184.364	184.879	12	6712250000	131671
13/09/2024 16:00	184.879	185.166	184.399	184.902	12	7132925000	135679
13/09/2024 20:00	184.902	185.04	184.729	184.84	0	11147575000	114663
16/09/2024 00:00	184.741	185.017	184.381	184.662	15	36171675000	70909
16/09/2024 04:00	184.662	184.767	184.166	184.423	15	5837300000	109117
16/09/2024 08:00	184.423	184.515	183.762	184.436	12	6873925000	127088
16/09/2024 12:00	184.435	185.268	184.394	185.088	12	6994750000	129443
16/09/2024 16:00	185.087	185.915	185.055	185.74	12	7105775000	134220
16/09/2024 20:00	185.739	186.037	185.645	185.766	12	17745825000	111743
17/09/2024 00:00	185.752	186.509	185.532	185.699	15	18582550000	69889
17/09/2024 04:00	185.7	185.82	185.316	185.739	15	6348650000	116843
17/09/2024 08:00	185.741	186.034	185.288	185.943	12	6716625000	124226
17/09/2024 12:00	185.943	186.353	185.705	186.226	12	7076950000	126138
17/09/2024 16:00	186.225	187.168	186.057	186.496	12	7287900000	136870
17/09/2024 20:00	186.495	187.433	186.442	187.369	12	24565650000	123094
18/09/2024 00:00	187.345	187.361	186.452	186.532	15	24897475000	70803
18/09/2024 04:00	186.532	186.647	185.823	185.957	15	5630275000	110219
18/09/2024 08:00	185.957	187.408	185.891	187.129	12	7361700000	125949
18/09/2024 12:00	187.129	187.623	187.032	187.596	12	8299225000	128634
18/09/2024 16:00	187.598	187.978	187.277	187.43	12	8071725000	133382
18/09/2024 20:00	187.432	188.054	186.695	187.933	12	33828000000	136178
19/09/2024 00:00	187.723	189.137	187.425	188.988	15	22352150000	79217
19/09/2024 04:00	188.988	189.411	188.826	189.115	15	7436375000	130211
19/09/2024 08:00	189.115	189.39	188.167	189.387	12	7418225000	134662
19/09/2024 12:00	189.387	190.392	189.344	190.33	12	8519600000	136642
19/09/2024 16:00	190.331	190.383	189.053	189.963	12	7553950000	138025
19/09/2024 20:00	189.964	190.046	189.266	189.381	12	18813975000	120388
20/09/2024 00:00	189.388	189.781	189.077	189.077	15	25467825000	68865
20/09/2024 04:00	189.077	189.664	188.7	188.999	15	6544950000	116301
20/09/2024 08:00	188.999	191.367	188.929	191.271	12	7144730000	130652
20/09/2024 12:00	191.271	191.99	191.026	191.37	12	6984025000	131219
20/09/2024 16:00	191.37	191.845	190.904	191.563	12	7506250000	139092
20/09/2024 20:00	191.564	191.918	191.403	191.781	0	14761900000	123419
23/09/2024 00:00	191.412	192.01	191.314	191.84	15	24222600000	74450
23/09/2024 04:00	191.842	192.301	191.842	192.087	15	5584775000	107166
23/09/2024 08:00	192.087	192.168	190.13	190.562	12	8037357000	128413
23/09/2024 12:00	190.561	191.706	190.489	191.605	12	7828300000	132738
23/09/2024 16:00	191.605	192.433	191.176	191.265	12	7781825000	138204
23/09/2024 20:00	191.265	191.732	191.15	191.61	12	21923425000	113724
24/09/2024 00:00	191.602	191.839	191.35	191.557	15	35267550000	65965
24/09/2024 04:00	191.555	192.247	191.332	192.14	15	8216150000	123129
24/09/2024 08:00	192.141	193.278	192.141	193.013	12	7741100000	134413
24/09/2024 12:00	193.013	193.321	192.169	192.72	12	6718925000	128555
24/09/2024 16:00	192.721	193.012	192.064	192.096	12	7950475000	135521
24/09/2024 20:00	192.097	192.433	191.957	192.038	12	22047125000	115224
25/09/2024 00:00	192.038	192.318	191.757	192.182	15	22554800000	70721
25/09/2024 04:00	192.182	192.525	192.08	192.206	15	6429800000	118045
25/09/2024 08:00	192.206	192.832	191.96	192.571	12	7061800000	123329
25/09/2024 12:00	192.571	193.225	192.521	193.158	12	7569450000	128547
25/09/2024 16:00	193.159	193.265	192.539	192.695	12	7361650000	134890
25/09/2024 20:00	192.695	192.879	192.471	192.814	12	26186250000	116344
26/09/2024 00:00	192.631	192.839	192.507	192.572	15	42678650000	70545
26/09/2024 04:00	192.572	193.417	192.547	193.009	15	6014725000	106083
26/09/2024 08:00	193.009	193.755	192.929	193.356	12	7174425000	129046
26/09/2024 12:00	193.357	193.7	192.684	193.308	12	7619225000	128157
26/09/2024 16:00	193.309	194.35	192.852	194.245	12	7625400000	138149
26/09/2024 20:00	194.244	194.334	193.87	194.178	12	35075275000	121722
27/09/2024 00:00	194.166	194.932	194.04	194.893	15	31946275000	71582
27/09/2024 04:00	194.893	195.171	194.165	195.148	15	7697150000	115410
27/09/2024 08:00	195.147	195.973	190.984	191.435	12	12190255000	134784
27/09/2024 12:00	191.424	191.973	191.054	191.322	12	7330125000	129594
27/09/2024 16:00	191.323	191.813	190.565	190.718	12	7279550000	137980
27/09/2024 20:00	190.717	190.812	190.004	190.17	0	12668300000	122193
30/09/2024 00:00	190.146	191.282	190.037	190.95	15	30726850000	79059
30/09/2024 04:00	190.952	191.177	190.215	190.284	15	6444725000	115001
30/09/2024 08:00	190.284	191.357	189.56	191.244	12	7888525000	129286
30/09/2024 12:00	191.245	191.382	190.866	191.349	12	6838500000	124536
30/09/2024 16:00	191.35	192.166	190.995	191.8	12	8166850000	136119
30/09/2024 20:00	191.802	192.311	191.561	192.038	12	25716575000	123251
01/10/2024 00:00	192.038	192.745	191.854	192.546	15	18547325000	68206
01/10/2024 04:00	192.546	193.157	192.272	193.044	15	5765175000	112406
01/10/2024 08:00	193.044	193.358	191.568	191.714	12	7129825000	129373
01/10/2024 12:00	191.712	191.907	191.238	191.834	12	7492675000	131493
01/10/2024 16:00	191.833	191.978	189.978	190.381	12	7937506000	137741
01/10/2024 20:00	190.38	191.068	189.845	190.658	12	29355350000	128643
02/10/2024 00:00	190.593	191.058	190.46	190.934	15	37981625000	63061
02/10/2024 04:00	190.934	191.547	190.542	190.715	15	5378950000	107043
02/10/2024 08:00	190.715	191.909	190.41	191.902	12	7321725000	128321
02/10/2024 12:00	191.902	193.082	191.441	192.951	12	7238750000	127034
02/10/2024 16:00	192.959	194.023	192.843	193.794	12	7414975000	136470
02/10/2024 20:00	193.794	194.42	193.679	194.267	12	26185275000	112478
03/10/2024 00:00	193.998	195	193.924	194.931	15	29699450000	71900
03/10/2024 04:00	194.932	195.169	194.273	194.321	15	6195000000	111456
03/10/2024 08:00	194.32	194.393	192.224	192.481	12	7501450000	130717
03/10/2024 12:00	192.48	192.89	192.127	192.468	12	7641100000	128156
03/10/2024 16:00	192.468	192.847	192.136	192.568	12	7482725000	136492
03/10/2024 20:00	192.568	192.864	192.369	192.749	12	23353650000	110040
04/10/2024 00:00	192.749	192.88	192.522	192.553	15	12456425000	61033
04/10/2024 04:00	192.553	192.578	191.845	191.959	15	5840800000	108383
04/10/2024 08:00	191.959	192.715	191.732	192.527	12	8100050000	123262
04/10/2024 12:00	192.527	194.528	192.471	194.404	12	8542600000	123225
04/10/2024 16:00	194.404	195.363	194.236	195.332	12	7898100000	137896
04/10/2024 20:00	195.332	195.521	194.879	195.185	0	16438075000	121269
07/10/2024 00:00	194.975	195.613	194.661	194.76	15	14683675000	74284
07/10/2024 04:00	194.761	195.16	194.594	194.834	15	6043000000	112142
07/10/2024 08:00	194.834	194.899	194.054	194.125	12	7031350000	127816
07/10/2024 12:00	194.126	194.228	193.555	193.782	12	8232225000	132637
07/10/2024 16:00	193.781	193.979	193.34	193.729	12	8890250000	136463
07/10/2024 20:00	193.729	193.869	193.49	193.8	12	24191350000	118103
08/10/2024 00:00	193.683	193.925	193.121	193.647	15	16968525000	75807
08/10/2024 04:00	193.647	193.915	193.071	193.832	15	7130375000	125275
08/10/2024 08:00	193.832	193.979	192.88	193.659	12	8039900000	131791
08/10/2024 12:00	193.659	194.225	193.429	193.94	12	7261150000	125524
08/10/2024 16:00	193.941	194.368	193.817	193.896	12	7565750000	134538
08/10/2024 20:00	193.895	194.322	193.848	194.049	12	18055625000	119490
09/10/2024 00:00	194.024	194.35	193.87	194.168	15	23691025000	59607
09/10/2024 04:00	194.168	194.37	193.888	194.081	15	6173325000	115374
09/10/2024 08:00	194.083	194.588	193.589	194.484	12	7158025000	129273
09/10/2024 12:00	194.484	194.816	194.293	194.804	12	8075550000	120308
09/10/2024 16:00	194.803	195.245	194.636	195.026	12	8314200000	125001
09/10/2024 20:00	195.027	195.216	194.896	195.076	12	19818375000	102096
10/10/2024 00:00	194.956	195.125	194.722	195.003	15	30705425000	68069
10/10/2024 04:00	195.003	195.498	194.862	195.294	15	8530975000	115084
10/10/2024 08:00	195.295	195.409	194.829	194.889	12	7287425000	125058
10/10/2024 12:00	194.888	195.029	193.961	194.318	12	7898200000	120950
10/10/2024 16:00	194.319	194.452	193.562	194.111	12	8479875000	136980
10/10/2024 20:00	194.113	194.287	193.86	193.945	12	18791875000	112785
11/10/2024 00:00	193.945	194.304	193.752	193.948	15	22260850000	62893
11/10/2024 04:00	193.948	194.292	193.856	194.056	15	5292325000	101593
11/10/2024 08:00	194.056	194.565	193.908	194.444	12	7232950000	113176
11/10/2024 12:00	194.444	194.936	194.41	194.743	12	7075225000	113088
11/10/2024 16:00	194.742	195.232	194.634	194.778	12	8081425000	126436
11/10/2024 20:00	194.778	194.955	194.71	194.892	0	10075675000	86337
14/10/2024 00:00	194.668	195.003	194.639	194.746	15	40189875000	63617
14/10/2024 04:00	194.746	195.075	194.626	194.954	15	5071200000	98569
14/10/2024 08:00	194.954	195.276	194.857	195.239	12	7493425000	110520
14/10/2024 12:00	195.235	195.372	195.005	195.169	12	9526500000	109812
14/10/2024 16:00	195.168	195.709	195.132	195.681	12	7020825000	116032
14/10/2024 20:00	195.681	195.711	195.471	195.506	12	15017850000	84959
15/10/2024 00:00	195.328	195.721	195.328	195.432	15	15768759000	59733
15/10/2024 04:00	195.432	195.596	195.247	195.323	15	6118500000	99536
15/10/2024 08:00	195.323	195.329	194.662	195.033	12	8851610000	123390
15/10/2024 12:00	195.034	195.576	194.641	195.123	12	7701800000	119597
15/10/2024 16:00	195.122	195.516	194.854	195.318	12	7767650000	132594
15/10/2024 20:00	195.319	195.414	194.922	195.009	12	23568500000	109085
16/10/2024 00:00	195.02	195.134	194.696	195.009	15	24802775000	63080
16/10/2024 04:00	195.009	195.155	194.559	195.141	15	6325350000	107707
16/10/2024 08:00	195.141	195.282	193.698	194.354	12	8401775000	125639
16/10/2024 12:00	194.356	194.618	194.182	194.507	12	8680325000	119204
16/10/2024 16:00	194.504	194.78	194.38	194.726	12	8989700000	124691
16/10/2024 20:00	194.726	194.762	194.284	194.318	12	17647850000	90619
17/10/2024 00:00	194.279	194.415	194.069	194.218	15	21554746000	59220
17/10/2024 04:00	194.218	194.286	193.827	194.158	15	7406425000	103462
17/10/2024 08:00	194.159	194.659	194.05	194.449	12	7048775000	115934
17/10/2024 12:00	194.451	195.073	194.31	194.906	12	6939750000	114521
17/10/2024 16:00	194.909	195.507	194.336	195.425	12	8671075000	132206
17/10/2024 20:00	195.425	195.599	195.323	195.37	12	17927875000	98055
18/10/2024 00:00	195.371	195.514	195.106	195.268	15	21336225000	54942
18/10/2024 04:00	195.268	195.396	195.084	195.187	15	6695750000	99296
18/10/2024 08:00	195.188	196.046	195.031	195.507	12	8160825000	118182
18/10/2024 12:00	195.508	195.788	195.021	195.552	12	7570200000	116050
18/10/2024 16:00	195.552	195.781	194.752	194.901	12	7908500000	123746
18/10/2024 20:00	194.901	195.168	194.878	195.148	0	12885600000	104754
21/10/2024 00:00	194.872	195.326	194.721	194.841	15	29146375000	67261
21/10/2024 04:00	194.845	194.874	194.576	194.716	15	8323000000	110059
21/10/2024 08:00	194.718	195.328	194.566	195.322	12	8155775000	118606
21/10/2024 12:00	195.322	195.436	195.148	195.333	12	6609200000	117198
21/10/2024 16:00	195.332	195.548	195.086	195.469	12	6631400000	125699
21/10/2024 20:00	195.468	195.886	195.455	195.828	12	18442675000	98145
22/10/2024 00:00	195.768	195.777	195.477	195.524	15	18870875000	64205
22/10/2024 04:00	195.523	196.393	195.424	196.128	15	9941500000	115749
22/10/2024 08:00	196.129	196.517	195.969	196.118	12	8342750000	123201
22/10/2024 12:00	196.114	196.152	195.507	195.518	12	8524225000	121876
22/10/2024 16:00	195.518	196.149	195.099	195.992	12	8926625000	129700
22/10/2024 20:00	195.992	196.216	195.852	196.09	12	20746850000	102722
23/10/2024 00:00	195.984	196.574	195.868	196.552	15	24897375000	59166
23/10/2024 04:00	196.552	197.551	196.505	197.519	15	10005350000	117011
23/10/2024 08:00	197.518	197.979	197.393	197.896	12	8870900000	127489
23/10/2024 12:00	197.896	198.434	197.885	198.263	12	8457100000	126180
23/10/2024 16:00	198.263	198.355	197.556	197.62	12	9352525000	131472
23/10/2024 20:00	197.619	197.619	196.878	197.312	12	22815600000	109783
24/10/2024 00:00	197.209	197.347	197.036	197.296	15	25573550000	66162
24/10/2024 04:00	197.296	197.401	196.646	196.816	15	7911350000	115071
24/10/2024 08:00	196.817	197.492	196.697	197.013	12	9987100000	127843
24/10/2024 12:00	197.012	197.553	196.841	197.271	12	8217250000	125075
24/10/2024 16:00	197.273	197.629	196.423	196.578	12	8444650000	133751
24/10/2024 20:00	196.578	197.087	196.576	196.94	12	20254775000	106409
25/10/2024 00:00	196.94	197.216	196.627	197.13	15	24592225000	61602
25/10/2024 04:00	197.131	197.181	196.518	196.674	15	6425375000	110855
25/10/2024 08:00	196.674	197.344	196.401	197.18	12	8043075000	125309
25/10/2024 12:00	197.179	197.445	197.048	197.373	12	7227750000	120193
25/10/2024 16:00	197.374	197.779	197.254	197.492	12	8158225000	131315
25/10/2024 20:00	197.492	197.599	197.138	197.41	0	19284850000	117325
28/10/2024 00:00	198.171	199.348	197.817	199.303	15	59482500000	113628
28/10/2024 04:00	199.303	199.312	198.55	198.809	12	8481425000	105071
28/10/2024 08:00	198.807	199.037	198.33	198.386	12	9686025000	122576
28/10/2024 12:00	198.386	198.447	197.8	198.379	12	8047725000	126973
28/10/2024 16:00	198.382	199.005	198.329	198.867	12	8343350000	124042
28/10/2024 20:00	198.868	198.965	198.694	198.713	12	14730800000	71675
29/10/2024 00:00	198.753	198.853	198.291	198.413	15	18610300000	86242
29/10/2024 04:00	198.414	198.565	198.035	198.122	12	9349900000	117268
29/10/2024 08:00	198.121	199.277	198.115	199.119	12	8920075000	125170
29/10/2024 12:00	199.118	199.682	199.026	199.379	12	8831650000	128193
29/10/2024 16:00	199.379	199.68	198.84	199.41	12	7377125000	133842
29/10/2024 20:00	199.411	199.712	199.398	199.472	12	20583200000	76485
30/10/2024 00:00	199.523	199.577	199.194	199.341	15	18822100000	89404
30/10/2024 04:00	199.341	199.572	199.12	199.202	12	5859550000	102524
30/10/2024 08:00	199.205	199.565	198.909	198.98	12	8165250000	124017
30/10/2024 12:00	198.981	198.988	198.2	198.76	12	8549875000	131350
30/10/2024 16:00	198.761	199.802	198.761	198.858	12	8710900000	132669
30/10/2024 20:00	198.858	199.025	198.626	198.734	12	19735475000	86247
31/10/2024 00:00	198.785	198.904	198.405	198.69	15	40229050000	85670
31/10/2024 04:00	198.69	198.817	197.873	198.015	12	7071000000	106034
31/10/2024 08:00	198.015	198.187	197.181	198.05	12	10766450000	128712
31/10/2024 12:00	198.054	198.624	197.663	197.871	12	9780375000	131465
31/10/2024 16:00	197.871	197.891	195.368	195.691	12	9414425000	137443
31/10/2024 20:00	195.691	196.147	195.563	196.026	12	25809225000	93285
01/11/2024 00:00	196.029	196.336	195.767	196.172	15	39439275000	94293
01/11/2024 04:00	196.172	196.78	196.093	196.607	12	5683850000	106990
01/11/2024 08:00	196.606	197.359	196.304	197.223	12	7598525000	122963
01/11/2024 12:00	197.223	197.893	196.754	197.597	12	10495875000	130494
01/11/2024 16:00	197.597	198.375	197.464	197.674	12	7675400000	134608
01/11/2024 20:00	197.673	197.811	197.484	197.676	0	12460950000	84354
04/11/2024 00:00	197.355	197.834	196.878	196.945	15	27489250000	92566
04/11/2024 04:00	196.945	197.355	196.914	197.29	12	7267250000	113252
04/11/2024 08:00	197.292	197.727	196.784	197.012	12	8160475000	128397
04/11/2024 12:00	197.011	197.186	196.491	196.917	12	7746075000	124498
04/11/2024 16:00	196.919	197.473	196.624	196.942	12	8773425000	133613
04/11/2024 20:00	196.942	197.149	196.869	197.09	12	36342825000	105079
05/11/2024 00:00	196.938	197.456	196.899	197.273	15	15931975000	68872
05/11/2024 04:00	197.269	197.696	197.192	197.541	12	6893850000	109679
05/11/2024 08:00	197.54	197.716	197.326	197.566	12	7371525000	119551
05/11/2024 12:00	197.565	197.844	197.267	197.399	12	6818200000	117323
05/11/2024 16:00	197.398	197.872	197.337	197.692	12	9188142000	131694
05/11/2024 20:00	197.692	197.753	197.101	197.642	12	36734725000	101430
06/11/2024 00:00	197.5	198.369	197.333	198.281	15	54727875000	100407
06/11/2024 04:00	198.281	199.04	197.878	198.14	13	74189796000	141667
06/11/2024 08:00	198.141	198.899	197.856	198.667	12	70497350000	140671
06/11/2024 12:00	198.665	198.825	198.158	198.5	12	11593400000	139131
06/11/2024 16:00	198.498	199.519	198.195	199.356	12	8463875000	137752
06/11/2024 20:00	199.354	199.495	199.011	199.116	12	36402700000	111671
07/11/2024 00:00	198.985	199.311	198.692	199.147	15	20849750000	88091
07/11/2024 04:00	199.147	199.558	198.959	199.14	12	7623000000	114351
07/11/2024 08:00	199.141	199.363	198.695	198.701	12	8743350000	130293
07/11/2024 12:00	198.702	199.376	198.573	199.118	12	9529575000	130256
07/11/2024 16:00	199.121	199.223	198.612	198.761	12	9471050000	134877
07/11/2024 20:00	198.76	198.771	198.3	198.574	12	50977025000	118656
08/11/2024 00:00	198.526	198.922	198.404	198.606	15	16906725000	80476
08/11/2024 04:00	198.606	198.636	197.825	198.18	12	7680150000	111337
08/11/2024 08:00	198.18	198.314	197.291	197.354	12	9131150000	128282
08/11/2024 12:00	197.353	197.708	197.109	197.667	12	10219675000	131403
08/11/2024 16:00	197.668	197.825	196.739	196.879	12	10027425000	135146
08/11/2024 20:00	196.877	197.234	196.877	197.205	0	50464875000	101787
11/11/2024 00:00	197.16	197.923	196.926	197.923	15	21955050000	83881
11/11/2024 04:00	197.923	198.413	197.831	198.282	12	6645175000	100328
11/11/2024 08:00	198.281	198.459	197.842	198.174	12	8547050000	121077
11/11/2024 12:00	198.173	198.354	197.846	197.851	12	8353100000	119889
11/11/2024 16:00	197.849	198.097	197.722	197.946	12	7917225000	120624
11/11/2024 20:00	197.946	197.946	197.655	197.746	12	27157400000	90159
12/11/2024 00:00	197.657	198.055	197.55	198.011	15	14460875000	78847
12/11/2024 04:00	198.011	198.018	196.956	197.13	12	10220000000	114243
12/11/2024 08:00	197.132	197.633	196.879	197.622	12	9864700000	128675
12/11/2024 12:00	197.619	197.79	197.286	197.755	12	8000825000	128561
12/11/2024 16:00	197.756	197.822	196.933	197.085	12	8092625000	134008
12/11/2024 20:00	197.086	197.245	196.975	197.029	12	39082825000	105864
13/11/2024 00:00	197.019	197.436	196.858	197.117	15	17047500000	84584
13/11/2024 04:00	197.117	197.451	197.024	197.406	12	6534900000	107222
13/11/2024 08:00	197.408	197.718	197.292	197.509	12	9312350000	124082
13/11/2024 12:00	197.51	197.573	196.919	197.066	12	8783536000	123131
13/11/2024 16:00	197.066	197.607	196.653	197.524	12	9331075000	136046
13/11/2024 20:00	197.524	197.808	197.424	197.437	12	39077925000	109352
14/11/2024 00:00	197.429	197.985	197.209	197.856	15	17533225000	84290
14/11/2024 04:00	197.856	197.984	197.679	197.942	12	7196000000	108842
14/11/2024 08:00	197.942	197.974	197.436	197.58	12	8785175000	124159
14/11/2024 12:00	197.582	197.632	197.073	197.473	12	10028400000	129492
14/11/2024 16:00	197.475	198.237	197.437	197.841	12	8488275000	133838
14/11/2024 20:00	197.841	197.996	197.689	197.806	12	51225225000	119352
15/11/2024 00:00	197.835	198.443	197.787	198.269	15	23312550000	84223
15/11/2024 04:00	198.268	198.415	198.098	198.304	12	7322425000	105762
15/11/2024 08:00	198.303	198.364	196.462	196.569	12	9954025000	128567
15/11/2024 12:00	196.568	197.371	196.474	196.489	12	11722550000	125857
15/11/2024 16:00	196.488	196.821	194.676	194.808	12	10347650000	138079
15/11/2024 20:00	194.808	194.882	194.294	194.797	0	44052425000	114905
18/11/2024 00:00	194.854	195.984	194.359	195.337	15	26345950000	94363
18/11/2024 04:00	195.336	195.711	195.002	195.25	12	10406125000	109622
18/11/2024 08:00	195.251	195.546	195.005	195.477	12	10539950000	127915
18/11/2024 12:00	195.475	196.14	195.422	195.565	12	9327150000	126337
18/11/2024 16:00	195.559	196.145	195.328	195.93	12	10026675000	130441
18/11/2024 20:00	195.932	196.146	195.907	196.03	12	33173475000	102482
19/11/2024 00:00	195.922	196.105	195.216	195.365	15	13489550000	76737
19/11/2024 04:00	195.365	195.816	195.213	195.635	12	7339975000	107180
19/11/2024 08:00	195.639	195.999	193.566	194.16	12	10176200000	129541
19/11/2024 12:00	194.159	194.887	193.83	193.916	12	11343725000	134252
19/11/2024 16:00	193.917	196.113	193.863	196.05	12	9860075000	134946
19/11/2024 20:00	196.051	196.212	195.883	196.084	12	24744300000	99932
20/11/2024 00:00	196.084	196.623	195.912	196.397	15	14922600000	78159
20/11/2024 04:00	196.401	196.839	196.342	196.838	12	7004925000	99814
20/11/2024 08:00	196.838	197.785	196.786	197.326	12	9837300000	127392
20/11/2024 12:00	197.326	197.481	197.065	197.367	12	7922650000	125221
20/11/2024 16:00	197.367	197.381	196.117	196.417	12	10682530000	132980
20/11/2024 20:00	196.415	196.716	196.345	196.564	12	50065825000	111228
21/11/2024 00:00	196.565	196.593	196.019	196.201	15	12445950000	76570
21/11/2024 04:00	196.201	196.421	195.961	196.311	12	7159500000	103030
21/11/2024 08:00	196.311	196.311	194.529	195.037	12	9617650000	133913
21/11/2024 12:00	195.035	195.531	194.72	195.086	12	12211500000	132302
21/11/2024 16:00	195.084	195.296	194.367	194.591	12	11826550000	139393
21/11/2024 20:00	194.59	194.948	194.456	194.524	12	42792025000	112103
22/11/2024 00:00	194.423	194.581	193.785	194.377	15	17584975000	84138
22/11/2024 04:00	194.377	194.482	194.053	194.44	12	7588700000	109152
22/11/2024 08:00	194.44	194.808	192.952	193.313	12	17115758000	132263
22/11/2024 12:00	193.307	193.512	192.849	193.151	12	11089500000	130304
22/11/2024 16:00	193.153	194.104	193.151	193.909	12	19658284000	136146
22/11/2024 20:00	193.908	194.044	193.715	193.95	0	37536300000	110011
25/11/2024 00:00	193.96	194.321	193.552	193.654	15	34209275000	100681
25/11/2024 04:00	193.655	194.387	193.492	194.282	12	8589675000	111735
25/11/2024 08:00	194.283	194.622	193.965	194.166	12	9370600000	130740
25/11/2024 12:00	194.166	194.274	193.575	194.12	12	10351575000	128557
25/11/2024 16:00	194.121	194.156	193.266	193.736	12	12222950000	136301
25/11/2024 20:00	193.734	193.869	193.644	193.701	12	34647550000	110005
26/11/2024 00:00	193.715	193.821	192.529	192.97	15	23562630000	96072
26/11/2024 04:00	192.97	193.26	192.676	192.882	12	8730300000	112275
26/11/2024 08:00	192.88	193.723	192.778	193.506	12	10439675000	130749
26/11/2024 12:00	193.502	193.652	192.823	193.047	12	8916125000	128257
26/11/2024 16:00	193.048	193.285	192.116	192.226	12	12377425000	131961
26/11/2024 20:00	192.226	192.472	192.034	192.35	12	42449700000	112337
27/11/2024 00:00	192.275	192.618	191.782	191.822	15	22244250000	87625
27/11/2024 04:00	191.823	192.047	191.368	191.579	12	8142275000	107488
27/11/2024 08:00	191.58	191.613	190.729	190.912	12	9188850000	130241
27/11/2024 12:00	190.913	191.64	190.684	191.619	12	12064750000	129021
27/11/2024 16:00	191.619	191.886	190.884	191.083	12	12044675000	137055
27/11/2024 20:00	191.083	191.671	190.988	191.461	12	40799750000	104372
28/11/2024 00:00	191.441	192.246	191.295	191.896	15	15942708000	83683
28/11/2024 04:00	191.896	192.134	191.789	191.914	12	6670950000	106430
28/11/2024 08:00	191.915	192.269	191.599	192.153	12	8020450000	122243
28/11/2024 12:00	192.155	192.468	191.903	191.935	12	8833025000	112393
28/11/2024 16:00	191.936	192.254	191.818	192.203	12	6713425000	101675
28/11/2024 20:00	192.202	192.281	192.085	192.085	12	9134081000	26625
29/11/2024 00:00	192.085	192.308	190.332	190.449	15	17410325000	86010
29/11/2024 04:00	190.45	191.092	190.439	190.727	12	27157675000	115116
29/11/2024 08:00	190.727	190.978	190.536	190.587	12	8832425000	125897
29/11/2024 12:00	190.586	190.799	190.147	190.231	12	7141700000	124453
29/11/2024 16:00	190.229	191.252	190.173	190.351	12	7330825000	131800
29/11/2024 20:00	190.353	190.767	190.296	190.679	0	1.39431E+11	117749
02/12/2024 00:00	190.404	191.056	190.23	191.028	15	26413150000	98045
02/12/2024 04:00	191.027	191.286	190.936	191.205	12	8466800000	111343
02/12/2024 08:00	191.205	191.21	190.27	190.989	12	10777625000	129475
02/12/2024 12:00	190.989	191.102	190.075	190.368	12	12765650000	129693
02/12/2024 16:00	190.37	190.411	188.471	189.149	12	12470900000	135418
02/12/2024 20:00	189.149	189.389	189.022	189.164	12	48967000000	109975
03/12/2024 00:00	189.144	189.694	189.144	189.529	15	18148000000	82294
03/12/2024 04:00	189.529	189.926	189.396	189.738	12	7370125000	104750
03/12/2024 08:00	189.739	190.375	189.654	189.922	12	9022575000	125065
03/12/2024 12:00	189.922	190.245	188.55	188.593	12	11929075000	123705
03/12/2024 16:00	188.593	189.421	188.08	189.363	12	10830600000	133262
03/12/2024 20:00	189.362	189.571	189.058	189.522	12	30653400000	100493
04/12/2024 00:00	189.518	190.011	189.442	189.912	15	19342425000	77291
04/12/2024 04:00	189.912	190.492	189.355	190.484	12	9647700000	113450
04/12/2024 08:00	190.484	191.085	190.067	190.934	12	12494825000	127654
04/12/2024 12:00	190.934	191.526	190.913	191.413	12	11154375000	127600
04/12/2024 16:00	191.412	191.474	190.736	190.957	12	11566464000	131285
04/12/2024 20:00	190.956	191.355	190.681	191.093	12	37245475000	101125
05/12/2024 00:00	191.097	191.499	190.694	191.134	15	14424300000	77450
05/12/2024 04:00	191.134	191.136	190.424	190.627	12	6695350000	97985
05/12/2024 08:00	190.627	191.218	190.339	191.214	12	11459825000	122994
05/12/2024 12:00	191.215	192.069	190.915	192.042	12	10884350000	124627
05/12/2024 16:00	192.042	192.212	191.196	191.356	12	8231550000	129567
05/12/2024 20:00	191.357	191.536	191.159	191.4	12	41896700000	99509
06/12/2024 00:00	191.4	191.69	191.159	191.218	15	12989050000	79378
06/12/2024 04:00	191.218	191.294	190.92	191.088	12	6224400000	98263
06/12/2024 08:00	191.087	192.192	190.916	192.118	12	7978750000	117635
06/12/2024 12:00	192.118	192.368	191.478	191.486	12	8991200000	120580
06/12/2024 16:00	191.486	191.568	190.718	190.861	12	9773350000	134569
06/12/2024 20:00	190.859	191.234	190.859	191.211	0	29539150000	93145
09/12/2024 00:00	190.904	191.286	190.732	190.967	15	21552225000	68150
09/12/2024 04:00	190.967	191.103	190.6	190.75	12	7563250000	93896
09/12/2024 08:00	190.75	192.219	190.748	192.06	12	9746625000	122134
09/12/2024 12:00	192.06	192.904	192.042	192.79	12	9733675000	120256
09/12/2024 16:00	192.79	193.408	192.437	193.249	12	10321150000	125349
09/12/2024 20:00	193.248	193.251	192.633	192.633	12	39778525000	95430
10/12/2024 00:00	192.571	193.149	192.569	192.882	15	19665825000	78664
10/12/2024 04:00	192.883	192.884	192.451	192.501	12	12031000000	110190
10/12/2024 08:00	192.503	193.403	192.463	193.349	12	11820425000	120328
10/12/2024 12:00	193.35	193.668	193.179	193.396	12	10378850000	121878
10/12/2024 16:00	193.395	194.001	193.291	193.872	12	10181775000	128977
10/12/2024 20:00	193.873	194.099	193.808	193.975	12	36993725000	103353
11/12/2024 00:00	193.869	194.088	193.808	193.848	15	13731500000	73672
11/12/2024 04:00	193.849	193.875	193.425	193.717	12	7174250000	97059
11/12/2024 08:00	193.717	194.501	192.512	194.35	12	9881800000	123779
11/12/2024 12:00	194.35	194.784	194.005	194.482	12	8478075000	124529
11/12/2024 16:00	194.473	194.538	193.853	194.327	12	9870000000	131339
11/12/2024 20:00	194.327	194.546	194.254	194.287	12	36128375000	102030
12/12/2024 00:00	194.277	194.476	194.016	194.042	15	16319700000	78246
12/12/2024 04:00	194.042	194.767	194.017	194.646	12	7207875000	98919
12/12/2024 08:00	194.646	194.995	194.459	194.604	12	10921600000	120323
12/12/2024 12:00	194.604	194.669	193.364	193.516	12	11633875000	123884
12/12/2024 16:00	193.517	193.967	192.927	193.416	12	11675825000	133486
12/12/2024 20:00	193.418	193.569	193.239	193.364	12	44803425000	104763
13/12/2024 00:00	193.335	193.858	193.276	193.498	15	16304425000	78719
13/12/2024 04:00	193.498	193.779	193.311	193.621	12	5989975000	99187
13/12/2024 08:00	193.622	193.988	192.854	193.903	12	10514400000	120010
13/12/2024 12:00	193.904	194.46	193.854	194.15	12	9319075000	120019
13/12/2024 16:00	194.151	194.295	193.638	193.969	12	9714050000	128133
13/12/2024 20:00	193.97	194.107	193.818	193.896	0	34167525000	94040
16/12/2024 00:00	193.697	194.484	193.589	194.464	15	17205025000	80375
16/12/2024 04:00	194.459	194.565	194.117	194.167	12	4937875000	89383
16/12/2024 08:00	194.167	194.749	193.832	194.615	12	8996884000	112975
16/12/2024 12:00	194.614	195.134	194.369	195.052	12	8809713000	112586
16/12/2024 16:00	195.053	195.881	194.868	195.498	12	10034780000	127211
16/12/2024 20:00	195.497	195.652	195.307	195.307	12	30568897000	88384
17/12/2024 00:00	195.297	195.896	195.297	195.535	15	14814188000	72802
17/12/2024 04:00	195.535	195.586	195.207	195.352	12	10864730000	95786
17/12/2024 08:00	195.352	195.791	195.011	195.109	12	10483403000	119883
17/12/2024 12:00	195.11	195.571	194.826	195.32	12	12250694000	122016
17/12/2024 16:00	195.321	195.34	194.652	194.953	12	11903776000	130867
17/12/2024 20:00	194.953	195.186	194.795	194.795	12	40369512000	100367
18/12/2024 00:00	194.78	195.475	194.774	195.222	15	13876748000	69397
18/12/2024 04:00	195.222	195.313	194.759	194.793	12	8209629000	90179
18/12/2024 08:00	194.792	195.3	194.703	194.922	12	12199618000	111265
18/12/2024 12:00	194.923	195.766	194.912	195.247	12	8668906000	116102
18/12/2024 16:00	195.247	195.605	195.028	195.433	12	8922610000	123304
18/12/2024 20:00	195.434	195.669	194.069	194.392	12	61730703000	126942
19/12/2024 00:00	194.51	194.926	194.052	194.69	15	22113327000	92978
19/12/2024 04:00	194.689	195.71	194.437	195.355	12	9041221000	102285
19/12/2024 08:00	195.355	198.948	195.124	198.827	12	14004034000	133219
19/12/2024 12:00	198.827	198.83	197.191	197.578	12	14447865000	132111
19/12/2024 16:00	197.576	198.099	197.138	197.277	12	11158983000	138391
19/12/2024 20:00	197.277	197.417	196.605	196.739	12	40253757000	114251
20/12/2024 00:00	196.677	197.296	196.311	196.431	15	18576419000	86472
20/12/2024 04:00	196.431	196.483	195.784	196.088	12	7958554000	108689
20/12/2024 08:00	196.089	196.431	195.746	195.945	12	12991008000	128314
20/12/2024 12:00	195.944	196.621	195.862	196.492	12	10028104000	124167
20/12/2024 16:00	196.49	196.782	196.191	196.698	12	12991553000	137915
20/12/2024 20:00	196.699	196.789	196.462	196.633	0	40092149000	108022
23/12/2024 00:00	196.337	196.987	196.276	196.812	15	25404690000	84134
23/12/2024 04:00	196.812	197.071	196.709	196.998	12	7811959000	89792
23/12/2024 08:00	197.002	197.066	196.573	196.929	12	7185851000	110612
23/12/2024 12:00	196.929	196.961	196.438	196.889	12	10300990000	116548
23/12/2024 16:00	196.885	197.032	196.612	196.754	12	8443876000	126662
23/12/2024 20:00	196.753	197.013	196.729	196.922	12	27488622000	96657
24/12/2024 00:00	196.704	197.06	196.692	196.818	15	22007393000	65596
24/12/2024 04:00	196.818	196.987	196.606	196.751	12	5905379000	82518
24/12/2024 08:00	196.753	196.914	196.63	196.798	12	10717772000	92532
24/12/2024 12:00	196.798	197.452	196.672	197.421	12	5660125000	89467
24/12/2024 16:00	197.421	197.629	196.831	196.835	12	9732355000	103043
24/12/2024 20:00	196.833	197.092	196.791	197.031	18	3813400000	16551
26/12/2024 08:00	197.386	197.478	197.019	197.274	12	37892562000	62661
26/12/2024 12:00	197.274	197.674	197.231	197.666	12	9109766000	63307
26/12/2024 16:00	197.667	197.881	197.44	197.798	12	14551621000	97194
26/12/2024 20:00	197.795	198.011	197.69	197.69	12	1.91763E+11	77847
27/12/2024 00:00	197.568	197.87	197.488	197.524	15	1.54727E+11	55708
27/12/2024 04:00	197.524	197.56	197.209	197.507	12	1.28428E+11	67450
27/12/2024 08:00	197.506	197.825	197.343	197.471	12	16298418000	83860
27/12/2024 12:00	197.473	198.398	197.371	198.396	12	21277286000	102660
27/12/2024 16:00	198.395	198.501	198.012	198.226	12	16729402000	128565
27/12/2024 20:00	198.225	198.706	198.189	198.484	0	57699781000	96150
30/12/2024 00:00	198.32	198.724	198.112	198.501	15	13046194000	60577
30/12/2024 04:00	198.501	198.725	198.373	198.6	12	4540682000	68400
30/12/2024 08:00	198.599	198.953	198.295	198.555	12	7301985000	101429
30/12/2024 12:00	198.555	198.753	197.649	197.672	12	7967150000	112250
30/12/2024 16:00	197.669	197.96	196.322	197.124	12	13422187000	130930
30/12/2024 20:00	197.124	197.283	196.675	196.68	12	26834755000	100326
31/12/2024 00:00	196.684	197.043	196.332	196.45	15	19144906000	64193
31/12/2024 04:00	196.45	196.492	195.88	196.082	12	9441909000	78447
31/12/2024 08:00	196.083	196.749	195.737	196.648	12	17074274000	103413
31/12/2024 12:00	196.648	196.846	196.378	196.713	12	10114036000	115337
31/12/2024 16:00	196.715	197.19	196.31	196.995	12	13038641000	129649
31/12/2024 20:00	196.993	196.993	196.678	196.779	12	1458421000	28853
02/01/2025 00:00	196.651	197.52	196.6	197.2	15	24859591000	77576
02/01/2025 04:00	197.2	197.2	196.755	197.014	12	10678139000	79066
02/01/2025 08:00	197.014	197.016	195.553	195.708	12	14817220000	115393
02/01/2025 12:00	195.708	196.052	194.364	194.527	12	14361824000	126247
02/01/2025 16:00	194.528	195.318	194.193	194.934	12	10690923000	137633
02/01/2025 20:00	194.934	195.179	194.782	194.835	12	36216207000	106532
03/01/2025 00:00	194.672	195.016	194.672	194.795	15	18303095000	67309
03/01/2025 04:00	194.795	195.15	194.752	194.972	12	10795122000	84149
03/01/2025 08:00	194.973	195.178	194.637	195.083	12	8344879000	110373
03/01/2025 12:00	195.083	195.251	194.725	194.927	12	8706941000	114037
03/01/2025 16:00	194.928	195.364	194.835	195.17	12	26319283000	127357
03/01/2025 20:00	195.171	195.533	195.146	195.445	0	34185037000	91886
06/01/2025 00:00	195.196	196.072	195.091	195.992	15	11656366000	84053
06/01/2025 04:00	195.992	196.349	195.959	196.218	12	6431797000	92543
06/01/2025 08:00	196.218	197.003	196.029	196.78	12	9238050000	113924
06/01/2025 12:00	196.781	197.408	195.943	196.3	12	11948397000	133258
06/01/2025 16:00	196.301	197.393	195.841	197.165	12	13472627000	132214
06/01/2025 20:00	197.167	197.397	196.949	197.196	12	34305907000	97418
07/01/2025 00:00	197.196	198.207	197.022	198.195	15	12658097000	78936
07/01/2025 04:00	198.195	198.25	197.872	197.921	12	6326235000	94596
07/01/2025 08:00	197.922	198.197	197.327	198.003	12	12288321000	120236
07/01/2025 12:00	198.001	198.157	197.517	197.753	12	9091304000	119981
07/01/2025 16:00	197.749	197.972	196.988	197.121	12	12058659000	135411
07/01/2025 20:00	197.118	197.261	196.866	197.065	12	35729701000	100041
08/01/2025 00:00	197.062	197.433	197.019	197.223	15	17555160000	75927
08/01/2025 04:00	197.222	197.536	197.187	197.527	12	4706380000	83519
08/01/2025 08:00	197.527	197.544	196.721	196.915	12	9237206000	116382
08/01/2025 12:00	196.916	197.093	195.138	195.5	12	13567880000	130036
08/01/2025 16:00	195.501	195.828	195.12	195.548	12	12612198000	135069
08/01/2025 20:00	195.545	196.011	195.54	195.697	12	38676157000	108519
09/01/2025 00:00	195.697	195.806	195.344	195.399	15	24986215000	75657
09/01/2025 04:00	195.399	195.444	194.587	194.907	12	8024166000	95951
09/01/2025 08:00	194.905	194.939	193.685	194.148	12	11108067000	126347
09/01/2025 12:00	194.146	194.3	193.476	193.925	12	10483470000	125644
09/01/2025 16:00	193.925	194.598	193.92	194.48	12	9223775000	118063
09/01/2025 20:00	194.479	194.702	194.432	194.468	12	25647625000	66311
10/01/2025 00:00	194.422	194.691	194.23	194.553	15	12647081000	77392
10/01/2025 04:00	194.553	194.77	194.423	194.463	12	8830974000	94774
10/01/2025 08:00	194.463	194.735	193.687	194.289	12	9602253000	120476
10/01/2025 12:00	194.287	194.691	193.664	193.926	12	10514037000	123500
10/01/2025 16:00	193.926	193.986	192.205	192.703	12	13338524000	139524
10/01/2025 20:00	192.703	192.907	192.486	192.543	0	32419209000	113972
13/01/2025 00:00	192.343	192.75	191.707	191.944	15	19179082000	82468
13/01/2025 04:00	191.944	192.134	190.836	191.201	12	9404277000	98790
13/01/2025 08:00	191.202	191.733	190.07	190.2	12	12381006000	126052
13/01/2025 12:00	190.199	191.105	190.144	190.862	12	12966991000	130574
13/01/2025 16:00	190.856	191.761	190.646	191.527	12	11450369000	135298
13/01/2025 20:00	191.526	192.195	191.4	191.984	12	42921376000	105341
14/01/2025 00:00	191.957	192.91	191.844	192.248	15	32007020000	95205
14/01/2025 04:00	192.249	192.668	192.08	192.285	12	10648122000	99629
14/01/2025 08:00	192.286	192.783	192.147	192.335	12	11582219000	126953
14/01/2025 12:00	192.335	192.537	191.483	191.746	12	10789013000	126223
14/01/2025 16:00	191.747	192.851	191.659	192.69	12	12063475000	136641
14/01/2025 20:00	192.69	192.983	192.555	192.819	12	43083205000	106003
15/01/2025 00:00	192.819	192.996	192.575	192.631	15	19859694000	75010
15/01/2025 04:00	192.631	192.71	191.856	191.923	12	8263043000	100209
15/01/2025 08:00	191.922	192.14	191.188	191.658	12	13653235000	125951
15/01/2025 12:00	191.659	192.394	191.541	192.329	12	12480353000	120837
15/01/2025 16:00	192.33	192.39	191.092	191.217	12	10913925000	135826
15/01/2025 20:00	191.217	191.614	191.18	191.382	12	30024412000	93407
16/01/2025 00:00	191.226	191.536	190.134	190.225	15	16614769000	84275
16/01/2025 04:00	190.224	190.637	189.825	190.594	12	8645107000	105639
16/01/2025 08:00	190.594	190.932	189.789	189.894	12	10061403000	125586
16/01/2025 12:00	189.893	190.534	189.777	190.157	12	11212902000	125009
16/01/2025 16:00	190.155	190.512	189.874	189.993	12	11771286000	137415
16/01/2025 20:00	189.994	190.085	189.767	189.774	12	38240757000	102075
17/01/2025 00:00	189.833	190.2	189.612	189.862	15	18667578000	76406
17/01/2025 04:00	189.862	190.223	189.848	190.048	12	5718532000	96130
17/01/2025 08:00	190.048	190.154	189.329	189.937	12	9324273000	122531
17/01/2025 12:00	189.937	190.174	189.482	189.648	12	10857589000	123393
17/01/2025 16:00	189.648	190.604	189.427	190.213	12	9045297000	132936
17/01/2025 20:00	190.212	190.272	189.96	190.195	0	29714754000	98528
20/01/2025 00:00	190.112	190.451	189.884	190.104	15	19601403000	85003
20/01/2025 04:00	190.104	190.557	189.98	190.55	12	6810021000	91652
20/01/2025 08:00	190.55	190.875	190.123	190.314	12	9328092000	118666
20/01/2025 12:00	190.316	191.659	190.304	191.514	12	13183158000	115083
20/01/2025 16:00	191.515	191.655	191.147	191.392	12	26422663000	129472
20/01/2025 20:00	191.391	192.013	191.318	191.667	12	63139654000	101712
21/01/2025 00:00	191.657	191.869	190.853	190.93	15	35150394000	97858
21/01/2025 04:00	190.93	190.996	190.476	190.661	12	13599619000	113146
21/01/2025 08:00	190.668	191.131	190.573	190.944	12	11010402000	125973
21/01/2025 12:00	190.949	191.099	190.645	190.915	12	9774056000	128575
21/01/2025 16:00	190.914	191.82	190.828	191.756	12	10307454000	133771
21/01/2025 20:00	191.757	192.168	191.699	192.094	12	34425998000	96887
22/01/2025 00:00	191.842	192.282	191.827	191.992	15	15698440000	93956
22/01/2025 04:00	191.993	192.417	191.953	192.347	12	6312406000	96540
22/01/2025 08:00	192.346	192.485	191.697	192.476	12	9326549000	127312
22/01/2025 12:00	192.479	192.754	192.383	192.445	12	8068213000	123496
22/01/2025 16:00	192.446	193.006	192.263	192.973	12	8463302000	130043
22/01/2025 20:00	192.972	193.004	192.625	192.625	12	38942811000	98551
23/01/2025 00:00	192.623	192.746	192.516	192.719	15	17253722000	82220
23/01/2025 04:00	192.719	193.005	192.547	192.927	12	6939057000	105235
23/01/2025 08:00	192.927	192.981	192.391	192.605	12	9143341000	123890
23/01/2025 12:00	192.607	192.883	192.376	192.493	12	8394187000	123459
23/01/2025 16:00	192.49	192.93	192.282	192.898	12	9712673000	134891
23/01/2025 20:00	192.898	192.899	192.517	192.673	12	30694292000	96879
24/01/2025 00:00	192.783	193.121	192.604	193.112	15	20649801000	76049
24/01/2025 04:00	193.112	193.701	192.067	192.631	12	10561242000	124509
24/01/2025 08:00	192.632	193.417	192.081	193.352	12	12405867000	134299
24/01/2025 12:00	193.348	194.257	193.314	194.063	12	10357928000	125627
24/01/2025 16:00	194.066	194.597	193.943	194.486	12	10235567000	132858
24/01/2025 20:00	194.487	194.749	194.436	194.713	0	33192739000	101867
27/01/2025 00:00	194.075	194.296	193.466	193.556	15	15649846000	94597
27/01/2025 04:00	193.557	194.308	193.463	194.245	12	5871750000	110318
27/01/2025 08:00	194.246	194.647	192.597	193.035	12	12622870000	132924
27/01/2025 12:00	193.034	193.14	192.149	192.794	12	13028872000	138239
27/01/2025 16:00	192.798	193.067	192.171	192.474	12	11521128000	138565
27/01/2025 20:00	192.474	193.268	192.42	192.957	12	53237896000	114719
28/01/2025 00:00	192.918	193.753	192.708	193.584	15	28403478000	99253
28/01/2025 04:00	193.575	193.959	193.507	193.763	12	7245437000	115286
28/01/2025 08:00	193.766	194.024	193.326	193.499	12	8577624000	126352
28/01/2025 12:00	193.498	193.564	192.93	193.172	12	8316060000	122319
28/01/2025 16:00	193.17	193.771	192.762	193.393	12	10063390000	132633
28/01/2025 20:00	193.391	193.6	193.303	193.394	12	39049350000	102850
29/01/2025 00:00	193.429	193.746	193.337	193.641	15	11703495000	72385
29/01/2025 04:00	193.638	193.757	193.036	193.049	12	5286232000	100972
29/01/2025 08:00	193.05	193.508	192.88	192.944	12	8203797000	127383
29/01/2025 12:00	192.943	193.112	192.481	192.687	12	9093310000	127154
29/01/2025 16:00	192.687	193.187	192.51	192.922	12	12424879000	133899
29/01/2025 20:00	192.921	193.354	192.848	193.115	12	56407845000	126551
30/01/2025 00:00	193.116	193.29	192.298	192.52	15	32815911000	91665
30/01/2025 04:00	192.52	192.548	192.118	192.299	12	6692711000	110316
30/01/2025 08:00	192.3	192.59	191.999	192.179	12	9200748000	120786
30/01/2025 12:00	192.181	192.267	191.385	191.877	12	11464840000	126842
30/01/2025 16:00	191.874	192.424	191.749	192.01	12	7937658000	135405
30/01/2025 20:00	192.01	192.357	191.466	191.521	12	55189143000	113025
31/01/2025 00:00	191.512	191.815	191.183	191.357	15	39056355000	86474
31/01/2025 04:00	191.363	192.317	191.223	192.163	12	5369734000	105001
31/01/2025 08:00	192.164	192.464	191.614	192.178	12	7989364000	124908
31/01/2025 12:00	192.178	192.55	191.843	192.153	12	8395716000	122056
31/01/2025 16:00	192.159	193.031	191.595	192.736	12	8885413000	136689
31/01/2025 20:00	192.736	192.938	192.052	192.373	0	66880123000	124889
03/02/2025 00:00	190.082	191.664	190.075	191.325	15	25861188000	114012
03/02/2025 04:00	191.326	191.376	190.603	190.999	12	11558660000	128486
03/02/2025 08:00	191	191.577	190.504	190.536	12	12364639000	133576
03/02/2025 12:00	190.535	191.336	190.244	191.221	12	50104976000	131243
03/02/2025 16:00	191.221	192.305	190.022	191.664	12	11062765000	141347
03/02/2025 20:00	191.66	192.816	191.45	192.481	12	58917363000	117719
04/02/2025 00:00	192.5	193.159	192.255	192.663	15	38539317000	96374
04/02/2025 04:00	192.666	192.856	191.771	192.47	12	8099552000	118045
04/02/2025 08:00	192.469	193.169	192.389	193.009	12	8211803000	130949
04/02/2025 12:00	193.008	193.128	192.553	192.963	12	8313092000	128344
04/02/2025 16:00	192.963	193.107	192.474	192.562	12	10962225000	137997
04/02/2025 20:00	192.561	192.684	192.446	192.497	12	51370655000	112238
05/02/2025 00:00	192.444	192.766	191.481	191.551	15	23886528000	95226
05/02/2025 04:00	191.542	191.584	190.991	191.281	12	8072127000	119814
05/02/2025 08:00	191.281	191.733	191.023	191.318	12	9065001000	130798
05/02/2025 12:00	191.316	191.815	191.105	191.529	12	10127822000	128627
05/02/2025 16:00	191.53	191.837	190.288	190.494	12	10055166000	135577
05/02/2025 20:00	190.494	190.966	190.447	190.784	12	42296729000	107012
06/02/2025 00:00	190.717	190.958	189.895	190.138	15	15260925000	85143
06/02/2025 04:00	190.138	190.467	189.968	190.274	12	6802217000	112401
06/02/2025 08:00	190.274	190.594	189.597	189.684	12	10005916000	126753
06/02/2025 12:00	189.684	189.754	188.242	188.324	12	11266180000	132415
06/02/2025 16:00	188.324	189.099	188.276	188.948	12	9849590000	134989
06/02/2025 20:00	188.95	189.029	188.061	188.123	12	34735619000	103050
07/02/2025 00:00	188.121	188.469	187.648	188.425	15	15435394000	88095
07/02/2025 04:00	188.428	188.687	188.326	188.456	12	7126643000	113341
07/02/2025 08:00	188.456	189.275	188.308	189.155	12	8720665000	124900
07/02/2025 12:00	189.156	189.574	188.678	188.878	12	8206925000	124135
07/02/2025 16:00	188.874	189.165	187.047	188.097	12	10768982000	141381
07/02/2025 20:00	188.097	188.302	187.631	187.792	0	36233545000	117967
10/02/2025 00:00	187.005	188.452	186.998	188.229	15	25185826000	105856
10/02/2025 04:00	188.229	188.642	188.174	188.424	12	6267455000	114459
10/02/2025 08:00	188.426	189.142	188.251	188.845	12	7193383000	126384
10/02/2025 12:00	188.843	188.985	188.119	188.164	12	8177054000	124542
10/02/2025 16:00	188.164	188.169	187.616	188.013	12	9166694000	131140
10/02/2025 20:00	188.013	188.09	187.865	187.915	12	31850829000	101824
11/02/2025 00:00	187.898	187.965	187.417	187.882	15	15778743000	83658
11/02/2025 04:00	187.882	187.893	187.571	187.832	12	7815435000	103406
11/02/2025 08:00	187.832	188.043	187.246	187.883	12	8449506000	122761
11/02/2025 12:00	187.884	188.929	187.854	188.826	12	10632754000	126786
11/02/2025 16:00	188.826	189.453	188.762	189.29	12	9710210000	133601
11/02/2025 20:00	189.292	189.913	189.204	189.716	12	51627176000	112379
12/02/2025 00:00	189.705	191.074	189.513	191.072	15	15158648000	86931
12/02/2025 04:00	191.073	191.384	190.981	191.08	12	6932172000	117944
12/02/2025 08:00	191.08	191.735	190.843	191.071	12	9543020000	125610
12/02/2025 12:00	191.069	191.401	190.565	191.302	12	9367816000	124000
12/02/2025 16:00	191.302	192.678	191.054	192.59	12	9866950000	139854
12/02/2025 20:00	192.588	192.651	192.003	192.087	12	49469686000	114963
13/02/2025 00:00	192.117	192.451	191.912	192.146	15	15467525000	88869
13/02/2025 04:00	192.146	192.951	192.074	192.569	12	6642688000	121006
13/02/2025 08:00	192.571	193.052	192.028	192.335	12	9924817000	131568
13/02/2025 12:00	192.334	192.535	191.287	191.445	12	10027228000	128901
13/02/2025 16:00	191.447	192.249	191.169	191.789	12	9073516000	136646
13/02/2025 20:00	191.788	192.014	191.25	191.967	12	52026886000	119392
14/02/2025 00:00	191.926	192.342	191.53	191.679	15	19369920000	89962
14/02/2025 04:00	191.679	192.108	191.474	191.584	12	6571290000	101633
14/02/2025 08:00	191.575	192.392	191.483	191.974	12	8425604000	125195
14/02/2025 12:00	191.973	192.503	191.69	191.787	12	8651694000	125761
14/02/2025 16:00	191.787	192.259	191.632	192.026	12	8344749000	131938
14/02/2025 20:00	192.027	192.085	191.579	191.716	0	28211579000	97558
17/02/2025 00:00	191.539	191.735	190.942	191.378	15	32273191000	94966
17/02/2025 04:00	191.377	191.401	190.709	190.742	12	7795872000	119725
17/02/2025 08:00	190.743	191.367	190.706	191.138	12	9941419000	125914
17/02/2025 12:00	191.138	191.213	190.679	190.751	12	9273281000	115043
17/02/2025 16:00	190.751	191.188	190.631	191.084	12	6526008000	102502
17/02/2025 20:00	191.083	191.293	191.046	191.152	12	34040718000	77683
18/02/2025 00:00	191.152	191.374	190.83	191.262	15	14075884000	81502
18/02/2025 04:00	191.262	191.747	191.211	191.494	12	8185698000	113535
18/02/2025 08:00	191.494	191.945	191.33	191.425	12	9081371000	125012
18/02/2025 12:00	191.426	191.451	190.924	191.018	12	8373153000	122896
18/02/2025 16:00	191.019	191.52	190.923	191.432	12	8504926000	130539
18/02/2025 20:00	191.432	191.825	191.329	191.76	12	42281576000	107349
19/02/2025 00:00	191.757	192.142	191.338	191.895	15	19943645000	89454
19/02/2025 04:00	191.895	192.112	191.413	191.581	12	7065017000	114240
19/02/2025 08:00	191.58	191.731	191.067	191.151	12	8931856000	125470
19/02/2025 12:00	191.151	191.297	190.895	190.994	12	9327819000	127163
19/02/2025 16:00	190.994	191.047	190.448	190.741	12	9250530000	131592
19/02/2025 20:00	190.741	190.823	190.516	190.604	12	81508325000	110360
20/02/2025 00:00	190.415	190.552	189.492	189.544	15	26720002000	89013
20/02/2025 04:00	189.545	189.865	189.156	189.412	12	8437616000	117387
20/02/2025 08:00	189.414	189.736	188.791	189.598	12	8274653000	126142
20/02/2025 12:00	189.597	189.597	188.925	189.298	12	9620105000	125876
20/02/2025 16:00	189.296	189.454	188.681	189.114	12	8412021000	138384
20/02/2025 20:00	189.114	189.785	189.099	189.509	12	43530107000	111153
21/02/2025 00:00	189.509	190.396	189.194	190.271	15	27655270000	93938
21/02/2025 04:00	190.271	190.922	190.158	190.353	12	6533984000	113391
21/02/2025 08:00	190.353	190.937	190.009	190.344	12	11172759000	128230
21/02/2025 12:00	190.344	190.4	189.942	190.23	12	7397703000	119536
21/02/2025 16:00	190.23	190.289	188.63	188.674	12	9424285000	138224
21/02/2025 20:00	188.675	188.675	188.143	188.625	0	45132858000	124209
24/02/2025 00:00	188.482	189.231	188.427	189.202	15	18657555000	98329
24/02/2025 04:00	189.202	189.575	189.069	189.357	12	6841507000	118846
24/02/2025 08:00	189.357	189.431	188.464	189.004	12	10010000000	133339
24/02/2025 12:00	189.001	189.516	188.876	189.37	12	8925511000	126793
24/02/2025 16:00	189.37	189.468	188.22	189.064	12	8588195000	139758
24/02/2025 20:00	189.065	189.311	188.881	188.952	12	49068620000	118870
25/02/2025 00:00	188.968	189.662	188.83	189.406	15	16754024000	92222
25/02/2025 04:00	189.405	189.462	188.839	189.191	12	6661583000	117774
25/02/2025 08:00	189.191	189.295	188.164	188.846	12	10160929000	133845
25/02/2025 12:00	188.847	189.742	188.809	189.341	12	9082331000	132684
25/02/2025 16:00	189.34	189.405	188.154	188.771	12	10535600000	140547
25/02/2025 20:00	188.771	189.121	188.659	188.666	12	48396470000	125004
26/02/2025 00:00	188.602	189.007	188.397	188.983	15	24855902000	91388
26/02/2025 04:00	188.99	189.222	188.821	188.859	12	7084665000	120760
26/02/2025 08:00	188.859	189.246	188.721	188.989	12	8549989000	132224
26/02/2025 12:00	188.99	189.358	188.775	189.215	12	9309701000	130609
26/02/2025 16:00	189.214	189.862	189.011	189.184	12	10536204000	140870
26/02/2025 20:00	189.181	189.283	188.616	188.867	12	51186397000	125633
27/02/2025 00:00	188.875	189.205	188.564	189.151	15	17149478000	92098
27/02/2025 04:00	189.151	189.186	188.616	188.989	12	7085376000	126121
27/02/2025 08:00	188.99	190.101	188.885	189.975	12	10431041000	134094
27/02/2025 12:00	189.974	190.104	188.993	189.134	12	8263730000	131368
27/02/2025 16:00	189.133	189.696	188.868	189.145	12	12454005000	141877
27/02/2025 20:00	189.145	189.603	188.609	188.715	12	52972527000	128581
28/02/2025 00:00	188.727	189.131	188.02	188.03	15	23454187000	92774
28/02/2025 04:00	188.029	188.615	187.676	188.566	12	6409595000	120562
28/02/2025 08:00	188.569	189.878	188.489	189.238	12	7497044000	132343
28/02/2025 12:00	189.237	190.222	189.219	189.851	12	8752979000	126796
28/02/2025 16:00	189.851	190.305	189.083	189.302	12	9652589000	141689
28/02/2025 20:00	189.298	189.477	188.801	189.461	0	38647349000	126240
03/03/2025 00:00	189.521	190.304	189.521	189.641	15	22048628000	102534
03/03/2025 04:00	189.639	189.751	189.293	189.595	12	6298092000	120403
03/03/2025 08:00	189.594	189.897	188.813	189.865	12	7161796000	132956
03/03/2025 12:00	189.866	191.975	189.865	191.416	12	7580040000	137266
03/03/2025 16:00	191.416	191.551	190.543	190.969	12	8582304000	141105
03/03/2025 20:00	190.97	191.059	189.081	189.824	12	67910777000	131691
04/03/2025 00:00	189.826	190.063	188.794	189.101	15	23531167000	100276
04/03/2025 04:00	189.097	189.704	188.959	189.645	12	7320796000	129940
04/03/2025 08:00	189.647	190.116	189.126	189.658	12	8147481000	138464
04/03/2025 12:00	189.656	189.656	188.537	188.55	12	9218545000	138800
04/03/2025 16:00	188.55	189.722	188.244	189.549	12	8545311000	142630
04/03/2025 20:00	189.551	191.761	189.501	191.408	12	60864561000	136488
05/03/2025 00:00	191.379	192.087	191.238	191.624	15	25160306000	97045
05/03/2025 04:00	191.624	191.831	191.172	191.566	12	7377831000	130488
05/03/2025 08:00	191.561	192.319	191.292	191.726	12	8249532000	137932
05/03/2025 12:00	191.726	191.995	190.869	191.076	12	7959028000	138204
05/03/2025 16:00	191.077	191.87	190.882	191.722	12	10233946000	142655
05/03/2025 20:00	191.72	192.231	191.502	191.904	12	51706593000	129020
06/03/2025 00:00	191.904	192.551	191.683	192.27	15	25673982000	94416
06/03/2025 04:00	192.27	192.52	192.129	192.154	12	6568572000	121304
06/03/2025 08:00	192.154	192.178	190.268	190.419	12	8287936000	137969
06/03/2025 12:00	190.418	190.698	189.88	190.12	12	9272166000	139698
06/03/2025 16:00	190.123	191.505	189.917	190.629	12	11231880000	142735
06/03/2025 20:00	190.627	190.798	190.155	190.487	12	46995161000	126338
07/03/2025 00:00	190.487	190.871	190.226	190.547	15	32246615000	89446
07/03/2025 04:00	190.547	190.656	189.982	189.986	12	6731407000	122105
07/03/2025 08:00	189.987	190.881	189.919	190.762	12	10757973000	135337
07/03/2025 12:00	190.763	191.041	189.871	189.96	12	9799221000	134196
07/03/2025 16:00	189.959	191.03	189.656	190.361	12	9313423000	142124
07/03/2025 20:00	190.361	191.426	190.346	191.318	0	36613372000	126124
10/03/2025 00:00	190.609	191.016	190.288	190.585	15	39078240000	120446
10/03/2025 04:00	190.584	190.784	190.396	190.485	12	6867774000	119063
10/03/2025 08:00	190.489	190.913	189.462	190.057	12	8624132000	137026
10/03/2025 12:00	190.061	190.421	189.55	190.089	12	16722986000	140239
10/03/2025 16:00	190.087	190.107	189.304	189.535	12	11175078000	141892
10/03/2025 20:00	189.534	189.85	189.179	189.473	12	24150179000	96821
11/03/2025 00:00	189.513	189.532	188.787	189.222	15	32150208000	119428
11/03/2025 04:00	189.222	189.812	189.155	189.57	12	7247001000	128944
11/03/2025 08:00	189.568	190.722	189.528	190.612	12	8633679000	139278
11/03/2025 12:00	190.612	191.585	190.565	191.097	12	8663706000	138784
11/03/2025 16:00	191.097	191.459	190.226	190.598	12	9072110000	142380
11/03/2025 20:00	190.598	191.682	190.556	191.127	12	26006730000	93586
12/03/2025 00:00	191.225	191.746	191.225	191.512	15	31737941000	105528
12/03/2025 04:00	191.512	191.637	191.246	191.444	12	6172336000	118590
12/03/2025 08:00	191.444	192.376	191.291	192.21	12	7451902000	134755
12/03/2025 12:00	192.208	193.105	192.165	192.344	12	9387715000	137515
12/03/2025 16:00	192.344	192.675	191.827	192.074	12	7725168000	140686
12/03/2025 20:00	192.072	192.463	191.908	192.027	12	25028567000	89975
13/03/2025 00:00	192.136	192.342	191.975	192.056	15	25533531000	94513
13/03/2025 04:00	192.056	192.251	191.365	191.426	12	6382792000	117289
13/03/2025 08:00	191.425	192.009	191.158	191.992	12	7839413000	135499
13/03/2025 12:00	191.994	192.081	191.194	191.603	12	8403597000	137463
13/03/2025 16:00	191.602	191.932	190.74	191.034	12	7894734000	141273
13/03/2025 20:00	191.033	191.484	191.017	191.256	12	21806066000	89172
14/03/2025 00:00	191.395	192.126	191.293	191.758	15	35510486000	97842
14/03/2025 04:00	191.758	192.4	191.741	192.251	12	6685873000	118640
14/03/2025 08:00	192.251	192.666	192.053	192.59	12	8504006000	132694
14/03/2025 12:00	192.586	192.749	192.123	192.335	12	7918129000	137001
14/03/2025 16:00	192.335	192.689	191.456	191.905	12	7399431000	137103
14/03/2025 20:00	191.904	192.342	191.902	192.226	0	9321820000	82679
17/03/2025 00:00	192.287	192.517	191.953	192.28	15	25834836000	105457
17/03/2025 04:00	192.28	192.802	192.147	192.692	12	5630171000	107382
17/03/2025 08:00	192.692	192.845	192.362	192.56	12	7166626000	127816
17/03/2025 12:00	192.56	193.479	192.346	193.173	12	7820081000	130907
17/03/2025 16:00	193.173	193.577	192.762	193.548	12	7092134000	134178
17/03/2025 20:00	193.546	193.963	193.511	193.567	12	23038364000	80979
18/03/2025 00:00	193.703	194.159	193.701	193.978	15	22723864000	89162
18/03/2025 04:00	193.978	194.271	193.943	194.271	12	5122471000	99928
18/03/2025 08:00	194.272	194.903	194.254	194.739	12	6449113000	121756
18/03/2025 12:00	194.739	194.792	193.87	193.986	12	7043055000	131342
18/03/2025 16:00	193.983	194.403	193.806	194.094	12	7975820000	137843
18/03/2025 20:00	194.095	194.227	193.854	193.91	12	20850918000	81992
19/03/2025 00:00	194.007	194.493	193.954	194.208	15	21613826000	84496
19/03/2025 04:00	194.208	194.469	193.944	194.465	12	4923074000	96212
19/03/2025 08:00	194.466	194.69	193.256	194.261	12	7445684000	128251
19/03/2025 12:00	194.261	194.629	194.019	194.585	12	6531737000	125127
19/03/2025 16:00	194.584	194.703	194.2	194.273	12	7232156000	129427
19/03/2025 20:00	194.302	194.378	193.09	193.42	12	21670460000	93158
20/03/2025 00:00	193.509	193.587	192.758	192.831	15	25705854000	93704
20/03/2025 04:00	192.831	193.113	192.774	192.798	12	5122440000	98474
20/03/2025 08:00	192.799	192.93	192.45	192.701	12	7165331000	126260
20/03/2025 12:00	192.702	192.778	192.054	192.727	12	8909090000	135526
20/03/2025 16:00	192.72	193.218	192.693	192.819	12	7448287000	134672
20/03/2025 20:00	192.82	192.986	192.622	192.905	12	16237806000	76841
21/03/2025 00:00	193.017	193.407	192.659	193.28	15	32600236000	95360
21/03/2025 04:00	193.28	193.486	193.007	193.359	12	5893726000	110173
21/03/2025 08:00	193.36	193.584	192.947	193.201	12	7126500000	127572
21/03/2025 12:00	193.201	193.44	192.145	192.589	12	9393180000	129346
21/03/2025 16:00	192.589	193.012	192.033	192.837	12	7617771000	136486
21/03/2025 20:00	192.838	192.969	192.724	192.916	0	11711555000	77711
24/03/2025 00:00	192.751	193.748	192.751	193.623	15	31166797000	100925
24/03/2025 04:00	193.623	193.784	193.353	193.446	12	5585669000	102813
24/03/2025 08:00	193.446	194.015	193.426	193.842	12	10111913000	126551
24/03/2025 12:00	193.842	194.125	193.655	194.079	12	11792691000	127903
24/03/2025 16:00	194.079	194.726	194.027	194.442	12	7346307000	131290
24/03/2025 20:00	194.439	194.768	194.299	194.574	12	20023777000	79012
25/03/2025 00:00	194.574	195.001	194.574	194.678	15	20087296000	88709
25/03/2025 04:00	194.678	194.745	194.392	194.394	12	5156226000	97966
25/03/2025 08:00	194.394	194.646	194.301	194.592	12	6365649000	122820
25/03/2025 12:00	194.593	194.656	193.905	193.921	12	7102626000	128664
25/03/2025 16:00	193.898	194.227	193.627	194.054	12	7113280000	129441
25/03/2025 20:00	194.049	194.114	193.877	193.974	12	16859613000	71467
26/03/2025 00:00	194.082	194.414	193.95	194.25	15	24827989000	87132
26/03/2025 04:00	194.25	194.786	194.205	194.578	12	5619623000	100984
26/03/2025 08:00	194.579	194.78	193.468	193.78	12	7098820000	123798
26/03/2025 12:00	193.783	194.098	193.575	193.765	12	6723269000	124490
26/03/2025 16:00	193.766	194.371	193.639	193.795	12	7737477000	133773
26/03/2025 20:00	193.794	194.105	193.624	193.647	12	24535488000	77844
27/03/2025 00:00	193.75	194.027	193.496	193.662	15	28555812000	103100
27/03/2025 04:00	193.662	194.197	193.657	193.99	12	5129885000	99838
27/03/2025 08:00	193.99	194.995	193.965	194.995	12	6970558000	127561
27/03/2025 12:00	194.995	195.587	194.819	195.05	12	7600907000	130640
27/03/2025 16:00	195.043	195.972	194.879	195.629	12	7719189000	134195
27/03/2025 20:00	195.629	195.791	195.359	195.532	12	17167876000	73780
28/03/2025 00:00	195.535	195.718	195.123	195.168	15	28456573000	87905
28/03/2025 04:00	195.168	195.382	195.075	195.107	12	5333739000	98508
28/03/2025 08:00	195.113	195.191	194.637	195.02	12	7026282000	120005
28/03/2025 12:00	195.02	195.31	194.796	194.894	12	7070796000	126799
28/03/2025 16:00	194.888	194.918	193.86	194.077	12	7567189000	135029
28/03/2025 20:00	194.079	194.25	193.726	193.902	0	11410113000	75522
31/03/2025 00:00	193.691	193.804	193.033	193.478	15	34254219000	87064
31/03/2025 04:00	193.478	193.606	192.728	193.156	15	7030120000	121755
31/03/2025 08:00	193.156	193.407	192.751	192.938	12	7344563000	132042
31/03/2025 12:00	192.933	193.612	192.768	193.465	12	7251484000	130257
31/03/2025 16:00	193.465	193.673	192.911	193.46	12	7565025000	137642
31/03/2025 20:00	193.459	193.992	193.437	193.644	12	22792123000	114170
01/04/2025 00:00	193.643	193.923	193.41	193.55	15	26681712000	68293
01/04/2025 04:00	193.549	193.836	193.38	193.489	15	5922948000	107927
01/04/2025 08:00	193.49	193.911	193.003	193.454	12	6947331000	125363
01/04/2025 12:00	193.456	193.676	192.293	192.552	12	7008963000	132260
01/04/2025 16:00	192.563	193.478	192.206	193.267	12	7593533000	138559
01/04/2025 20:00	193.267	193.371	192.777	193.211	12	19265211000	108730
02/04/2025 00:00	193.214	193.788	193.113	193.389	15	35564718000	70698
02/04/2025 04:00	193.389	193.757	193.354	193.644	15	4990838000	96672
02/04/2025 08:00	193.644	193.738	193.085	193.362	12	6297871000	118652
02/04/2025 12:00	193.361	193.65	192.98	193.083	12	7125521000	127575
02/04/2025 16:00	193.083	194.832	192.997	194.8	12	7377983000	138117
02/04/2025 20:00	194.8	195.766	193.613	193.967	12	39106478000	128297
03/04/2025 00:00	193.87	193.87	192.29	192.844	15	76834679000	104535
03/04/2025 04:00	192.844	193.204	192.318	192.679	15	7129553000	128810
03/04/2025 08:00	192.681	193.665	192.375	193.239	12	9274532000	138197
03/04/2025 12:00	193.236	193.319	191.901	191.956	12	8027439000	139939
03/04/2025 16:00	191.957	192.28	191.13	191.529	12	8861004000	142345
03/04/2025 20:00	191.528	191.878	191.144	191.259	12	33838987000	123221
04/04/2025 00:00	191.222	191.621	190.684	191.228	15	37969680000	86168
04/04/2025 04:00	191.228	191.758	190.379	190.465	15	6589103000	126270
04/04/2025 08:00	190.465	191.152	189.93	190.074	12	7986837000	137731
04/04/2025 12:00	190.077	190.259	187.996	189.29	12	10167780000	142314
04/04/2025 16:00	189.294	189.699	187.527	189.184	12	9597279000	142869
04/04/2025 20:00	189.187	190.29	188.809	189.585	0	21383829000	137076
07/04/2025 00:00	186.657	188.296	186.077	188.237	15	14854520000	113450
07/04/2025 04:00	188.237	188.785	188.039	188.216	15	8035537000	139240
07/04/2025 08:00	188.214	188.831	187.122	188.186	12	10381620000	142048
07/04/2025 12:00	188.186	188.941	187.213	188.682	12	11126414000	142225
07/04/2025 16:00	188.685	190.102	187.58	188.326	12	9778002000	142987
07/04/2025 20:00	188.325	189.083	187.952	187.976	12	33327843000	132580
08/04/2025 00:00	187.924	188.537	187.808	188.213	15	39325138000	88041
08/04/2025 04:00	188.212	188.926	188.06	188.924	15	8871458000	129176
08/04/2025 08:00	188.924	188.943	187.516	188.001	12	7245963000	137227
08/04/2025 12:00	188.003	188.046	187.24	187.583	12	7719813000	139099
08/04/2025 16:00	187.579	188.751	187.121	187.154	12	7829334000	142745
08/04/2025 20:00	187.154	187.877	186.538	186.558	12	31632446000	135548
09/04/2025 00:00	186.538	186.861	185.706	186.336	15	50965305000	94437
09/04/2025 04:00	186.336	187.151	185.795	186.323	15	7846805000	140775
09/04/2025 08:00	186.32	186.714	185.571	186.34	12	7521757000	141966
09/04/2025 12:00	186.342	186.674	184.4	184.778	12	7552754000	140263
09/04/2025 16:00	184.777	185.494	184.373	185.001	12	7806468000	141493
09/04/2025 20:00	185	189.827	184.479	189.302	12	49094634000	136236
10/04/2025 00:00	189.378	189.4	188.39	188.454	15	1.28332E+11	97811
10/04/2025 04:00	188.454	188.707	188.215	188.536	15	7168526000	134412
10/04/2025 08:00	188.536	189.419	188.11	188.284	12	7792751000	138738
10/04/2025 12:00	188.284	188.366	187.547	187.994	12	7869018000	139777
10/04/2025 16:00	187.993	188.033	186.353	187.22	12	7922952000	142798
10/04/2025 20:00	187.22	187.934	186.921	187.232	12	30007938000	132383
11/04/2025 00:00	187.232	187.491	186.07	186.602	15	52964894000	96663
11/04/2025 04:00	186.602	187.062	186.023	186.1	15	8596635000	135753
11/04/2025 08:00	186.1	187.489	186.098	186.683	12	8355724000	140024
11/04/2025 12:00	186.681	187.236	186.167	187.023	12	8243369000	140990
11/04/2025 16:00	187.023	187.817	186.639	187.651	12	8197641000	142080
11/04/2025 20:00	187.65	188.2	187.57	187.787	0	15118583000	131092
14/04/2025 00:00	188.296	188.517	187.159	187.162	15	42159555000	102080
14/04/2025 04:00	187.162	187.643	186.576	187.441	15	7016773000	130169
14/04/2025 08:00	187.441	188.649	187.201	188.229	12	7584884000	133755
14/04/2025 12:00	188.229	189.002	188.183	188.862	12	7304187000	132006
14/04/2025 16:00	188.864	189.202	188.139	188.562	12	7805258000	141288
14/04/2025 20:00	188.563	188.801	188.372	188.547	12	29234069000	123829
15/04/2025 00:00	188.409	189.124	188.325	189.044	15	33613560000	74907
15/04/2025 04:00	189.042	189.111	188.706	188.974	15	6313516000	109376
15/04/2025 08:00	188.975	189.554	188.548	189.06	12	7759160000	127802
15/04/2025 12:00	189.057	189.347	188.641	188.927	12	7538096000	129147
15/04/2025 16:00	188.927	189.349	188.786	189.053	12	7855312000	137411
15/04/2025 20:00	189.054	189.569	189.025	189.231	12	17542783000	110781
16/04/2025 00:00	189.23	189.43	189.077	189.194	15	25294097000	76327
16/04/2025 04:00	189.195	189.36	188.834	189.099	15	6172713000	109087
16/04/2025 08:00	189.099	189.662	188.545	189.442	12	7446192000	131256
16/04/2025 12:00	189.444	189.576	188.791	189.056	12	6896298000	129870
16/04/2025 16:00	189.054	189.126	188.514	188.564	12	7394679000	135767
16/04/2025 20:00	188.562	188.634	187.562	187.719	12	23889013000	121384
17/04/2025 00:00	187.698	188.382	187.457	188.34	15	38215515000	77541
17/04/2025 04:00	188.34	188.643	188.227	188.419	15	5826280000	105286
17/04/2025 08:00	188.42	189.351	188.31	188.856	12	7004605000	124693
17/04/2025 12:00	188.855	189.084	188.277	188.52	12	8184377000	127008
17/04/2025 16:00	188.522	189.008	188.072	188.834	12	7980657000	138758
17/04/2025 20:00	188.835	189.165	188.642	188.762	12	21055533000	109697
18/04/2025 00:00	188.769	189.127	188.664	189.08	15	22195615000	72758
18/04/2025 04:00	189.08	189.133	188.724	188.829	15	42121392000	143019
18/04/2025 08:00	188.831	189	188.731	188.938	13	27166600000	140996
18/04/2025 12:00	188.943	189.022	188.797	188.942	14	15354300000	139625
18/04/2025 16:00	188.939	189.064	188.716	188.86	17	12809200000	128092
18/04/2025 20:00	188.861	189.025	188.77	188.912	34	11794200000	117942
21/04/2025 00:00	188.667	188.741	188.142	188.429	15	15787433000	63516
21/04/2025 04:00	188.429	188.601	187.997	188.388	15	4165917000	78883
21/04/2025 08:00	188.388	188.622	188.23	188.575	12	4188234000	82659
21/04/2025 12:00	188.575	188.84	188.455	188.704	12	4552097000	90333
21/04/2025 16:00	188.705	188.809	188.366	188.42	12	5408689000	106804
21/04/2025 20:00	188.419	188.535	188.027	188.46	12	6548944000	69384
22/04/2025 00:00	188.44	188.771	188.244	188.322	15	11635818000	47704
22/04/2025 04:00	188.322	188.547	187.81	187.895	15	4018528000	77974
22/04/2025 08:00	187.895	188.157	187.581	188.108	12	5369526000	106718
22/04/2025 12:00	188.108	188.186	187.463	187.911	12	5113935000	101258
22/04/2025 16:00	187.915	188.752	187.896	188.586	12	5814977000	115492
22/04/2025 20:00	188.584	188.858	188.249	188.567	12	11002792000	85664
23/04/2025 00:00	188.566	189.962	188.446	189.05	15	51312631000	98602
23/04/2025 04:00	189.05	189.216	188.629	188.878	15	5792600000	112073
23/04/2025 08:00	188.878	189.057	188.208	188.792	12	7471814000	126158
23/04/2025 12:00	188.791	189.124	188.351	188.706	12	6845636000	126204
23/04/2025 16:00	188.705	189.719	188.674	189.654	12	7979405000	138826
23/04/2025 20:00	189.655	190.309	189.554	189.992	12	21769819000	114249
24/04/2025 00:00	190.067	190.116	189.482	189.787	15	34594332000	74473
24/04/2025 04:00	189.786	189.956	189.399	189.432	15	5301900000	100230
24/04/2025 08:00	189.432	189.826	189.295	189.724	12	6257836000	120670
24/04/2025 12:00	189.723	189.836	189.311	189.414	12	6872380000	122137
24/04/2025 16:00	189.413	190.17	189.381	190.124	12	7138406000	133193
24/04/2025 20:00	190.123	190.381	190.048	190.162	12	17362136000	100384
25/04/2025 00:00	190.16	190.51	189.937	190.374	15	24800824000	68934
25/04/2025 04:00	190.375	191.002	190.051	190.822	15	5568881000	106076
25/04/2025 08:00	190.823	191.239	190.484	190.772	12	6630340000	121484
25/04/2025 12:00	190.771	191.116	190.543	191.067	12	7580246000	121205
25/04/2025 16:00	191.069	191.72	191.064	191.549	12	6947272000	129728
25/04/2025 20:00	191.548	191.623	191.124	191.269	0	10783754000	101011
28/04/2025 00:00	190.972	191.334	190.791	190.839	15	25274515000	71947
28/04/2025 04:00	190.841	191.094	190.66	190.833	15	4646988000	91599
28/04/2025 08:00	190.833	191.474	190.807	191.337	12	6104939000	114962
28/04/2025 12:00	191.325	191.552	191.113	191.257	12	6007713000	115963
28/04/2025 16:00	191.256	191.458	190.877	190.913	12	7593716000	131963
28/04/2025 20:00	190.913	191.045	190.705	190.706	12	16087951000	101576
29/04/2025 00:00	190.773	191.163	190.594	190.971	15	21579757000	62198
29/04/2025 04:00	190.971	191.183	190.897	190.924	15	5288577000	97780
29/04/2025 08:00	190.924	191.261	190.811	191.225	12	5853153000	113049
29/04/2025 12:00	191.226	191.342	190.793	190.819	12	6594010000	117638
29/04/2025 16:00	190.821	190.892	190.404	190.443	12	7703176000	132163
29/04/2025 20:00	190.443	190.931	190.393	190.653	12	13180755000	96302
30/04/2025 00:00	190.562	190.972	190.504	190.886	15	30408318000	63525
30/04/2025 04:00	190.886	190.907	190.623	190.835	15	4659589000	90988
30/04/2025 08:00	190.835	191.228	190.77	191.024	12	5545124000	108504
30/04/2025 12:00	191.024	191.256	190.576	190.684	12	7509359000	117026
30/04/2025 16:00	190.687	190.706	189.97	190.42	12	7730131000	135002
30/04/2025 20:00	190.421	190.863	190.266	190.507	12	19504938000	109718
01/05/2025 00:00	190.421	190.668	190.334	190.466	15	27145053000	63490
01/05/2025 04:00	190.466	191.336	190.367	191.265	15	4723861000	86914
01/05/2025 08:00	191.265	192.298	191.255	192.161	12	5859802000	112669
01/05/2025 12:00	192.162	192.784	192.081	192.685	12	6521863000	113398
01/05/2025 16:00	192.688	193.366	192.549	193.087	12	6995269000	131806
01/05/2025 20:00	193.09	193.453	192.888	192.89	12	18015586000	103668
02/05/2025 00:00	192.975	193.752	192.735	193.698	15	22468458000	67545
02/05/2025 04:00	193.7	193.715	193.169	193.482	15	5497637000	100712
02/05/2025 08:00	193.483	193.526	192.467	192.502	12	5943826000	116715
02/05/2025 12:00	192.502	192.59	191.841	192.24	12	6775687000	124351
02/05/2025 16:00	192.242	192.301	191.471	192.173	12	7217371000	136231
02/05/2025 20:00	192.175	192.634	192.065	192.382	0	12527663000	107996
05/05/2025 00:00	191.804	192.303	191.779	191.947	15	28393029000	68686
05/05/2025 04:00	191.948	191.953	191.545	191.647	15	4850520000	92287
05/05/2025 08:00	191.648	191.815	191.248	191.322	12	5827864000	109487
05/05/2025 12:00	191.319	191.692	191.227	191.474	12	5724580000	112745
05/05/2025 16:00	191.474	191.611	191.042	191.366	12	6632088000	121787
05/05/2025 20:00	191.366	191.413	190.898	190.898	12	11681162000	85229
06/05/2025 00:00	190.892	191.114	190.846	191.076	15	19824133000	55061
06/05/2025 04:00	191.076	191.348	190.931	191.168	15	4833228000	96093
06/05/2025 08:00	191.168	191.337	190.449	190.577	12	5902594000	110168
06/05/2025 12:00	190.577	191.192	190.48	190.917	12	6630207000	117093
06/05/2025 16:00	190.918	191.161	190.563	190.653	12	7102866000	127822
06/05/2025 20:00	190.654	190.706	190.313	190.333	12	15697589000	97703
07/05/2025 00:00	190.338	191.261	190.286	190.86	15	76575009000	80362
07/05/2025 04:00	190.86	191.22	190.715	191.165	15	5187243000	101346
07/05/2025 08:00	191.166	191.502	190.87	191.124	12	6327481000	113616
07/05/2025 12:00	191.125	191.622	191.028	191.615	12	5749427000	108964
07/05/2025 16:00	191.614	191.663	191.232	191.428	12	7153602000	125196
07/05/2025 20:00	191.428	191.447	190.663	191.034	12	20075085000	114191
08/05/2025 00:00	190.994	191.363	190.89	191.26	15	24303003000	59556
08/05/2025 04:00	191.26	191.786	191.098	191.683	15	5478750000	99170
08/05/2025 08:00	191.683	192.188	191.531	192.102	12	6294434000	120525
08/05/2025 12:00	192.103	193.089	191.697	192.771	12	7710774000	118960
08/05/2025 16:00	192.775	193.393	192.614	193.31	12	7465897000	133596
08/05/2025 20:00	193.31	193.496	193.12	193.12	12	14702324000	103285
09/05/2025 00:00	193.135	193.362	192.818	192.894	15	21724228000	64050
09/05/2025 04:00	192.893	192.948	192.527	192.585	15	5153274000	101609
09/05/2025 08:00	192.585	192.747	192.346	192.656	12	5674414000	110355
09/05/2025 12:00	192.659	192.975	192.49	192.963	12	6399521000	108641
09/05/2025 16:00	192.964	193.383	192.747	193.321	12	6679802000	124303
09/05/2025 20:00	193.318	193.467	193.257	193.407	0	16494044000	86745
12/05/2025 00:00	193.836	194.079	193.661	193.892	15	38685856000	82500
12/05/2025 04:00	193.892	194.213	193.628	193.876	15	5159311000	95656
12/05/2025 08:00	193.877	195.17	193.837	194.95	12	7235639000	120777
12/05/2025 12:00	194.951	195.506	194.839	195.368	12	6944233000	129084
12/05/2025 16:00	195.366	195.796	195.167	195.705	12	7246653000	130807
12/05/2025 20:00	195.705	195.763	195.426	195.541	12	13766887000	97620
13/05/2025 00:00	195.417	195.594	194.779	194.792	15	25290234000	65682
13/05/2025 04:00	194.792	195.118	194.786	194.977	15	5416246000	95464
13/05/2025 08:00	194.976	195.461	194.912	195.42	12	6238464000	113346
13/05/2025 12:00	195.42	196.053	195.396	195.983	12	5994362000	110481
13/05/2025 16:00	195.984	196.335	195.457	196.205	12	7419236000	129338
13/05/2025 20:00	196.205	196.38	196.07	196.15	12	13968206000	91078
14/05/2025 00:00	196.13	196.407	196.015	196.195	15	23482077000	57045
14/05/2025 04:00	196.193	196.214	195.442	195.497	15	6088551000	99295
14/05/2025 08:00	195.497	195.919	195.113	195.2	12	6365199000	114542
14/05/2025 12:00	195.2	195.23	194.436	194.799	12	6674059000	120642
14/05/2025 16:00	194.799	195.274	194.229	194.843	12	7148423000	130832
14/05/2025 20:00	194.843	194.879	194.49	194.496	12	15166545000	98327
15/05/2025 00:00	194.535	194.601	194.014	194.063	15	19932663000	60926
15/05/2025 04:00	194.061	194.304	193.863	193.925	15	4896223000	95947
15/05/2025 08:00	193.925	193.973	193.515	193.693	12	5945646000	114666
15/05/2025 12:00	193.692	194.238	193.622	193.988	12	5963529000	113270
15/05/2025 16:00	193.988	194.068	193.43	193.505	12	7690047000	126810
15/05/2025 20:00	193.51	193.848	193.507	193.68	12	13471206000	89105
16/05/2025 00:00	193.689	193.83	193.058	193.171	15	20407684000	62398
16/05/2025 04:00	193.172	193.597	193.033	193.521	15	5138530000	89506
16/05/2025 08:00	193.521	193.655	193.139	193.313	12	5649151000	105057
16/05/2025 12:00	193.311	193.584	193.224	193.283	12	5962313000	107428
16/05/2025 16:00	193.284	193.748	193.209	193.639	12	6659113000	121118
16/05/2025 20:00	193.64	193.8	193.37	193.442	0	10326978000	88835
19/05/2025 00:00	192.637	193.369	192.634	192.907	15	23313746000	75072
19/05/2025 04:00	192.907	193.271	192.766	193.247	15	5327473000	98432
19/05/2025 08:00	193.248	193.741	193.012	193.666	12	7003135000	115986
19/05/2025 12:00	193.664	194.066	193.558	193.904	12	6455121000	116433
19/05/2025 16:00	193.904	194.027	193.562	193.617	12	6509150000	123571
19/05/2025 20:00	193.618	193.694	193.426	193.438	12	12142787000	85627
20/05/2025 00:00	193.435	194.209	193.207	194.022	15	19735355000	57467
20/05/2025 04:00	194.022	194.022	193.42	193.455	15	5671776000	96798
20/05/2025 08:00	193.455	193.541	192.915	193.224	12	6537388000	117081
20/05/2025 12:00	193.227	193.37	193.02	193.174	12	6016026000	110186
20/05/2025 16:00	193.175	193.672	193.153	193.629	12	6604542000	124134
20/05/2025 20:00	193.628	193.707	193.323	193.462	12	13620380000	91695
21/05/2025 00:00	193.231	193.543	193.075	193.313	15	21759713000	62049
21/05/2025 04:00	193.313	193.456	192.971	193.051	15	4916339000	96470
21/05/2025 08:00	193.051	193.303	192.829	193.097	12	6199383000	114900
21/05/2025 12:00	193.097	193.196	192.576	192.861	12	6504219000	118771
21/05/2025 16:00	192.865	193.296	192.791	193.158	12	6673840000	125268
21/05/2025 20:00	193.159	193.214	192.603	192.712	12	16181958000	110946
22/05/2025 00:00	192.665	193.578	192.366	192.598	15	32447533000	71832
22/05/2025 04:00	192.598	192.733	192.283	192.431	15	5363625000	96131
22/05/2025 08:00	192.431	192.569	191.893	192.021	12	7900028000	114364
22/05/2025 12:00	192.023	192.739	191.977	192.544	12	6628254000	121502
22/05/2025 16:00	192.545	193.461	192.53	193.24	12	7084982000	130954
22/05/2025 20:00	193.24	193.586	193.069	193.139	12	11983676000	93630
23/05/2025 00:00	193.112	193.386	192.933	193.212	15	25700461000	60637
23/05/2025 04:00	193.212	193.323	192.815	192.97	15	4333142000	85358
23/05/2025 08:00	192.971	193.363	192.837	193.277	12	5744868000	106272
23/05/2025 12:00	193.278	193.555	192.064	192.75	12	6661807000	120571
23/05/2025 16:00	192.751	192.897	192.302	192.855	12	7357147000	132433
23/05/2025 20:00	192.856	193.019	192.747	192.945	12	10602603000	99533
26/05/2025 00:00	192.623	193.528	192.623	193.329	15	37275549000	76688
26/05/2025 04:00	193.33	193.696	193.256	193.636	15	4986873000	97713
26/05/2025 08:00	193.636	194.037	193.61	193.822	12	5709626000	105517
26/05/2025 12:00	193.823	193.932	193.677	193.812	12	4452374000	85498
26/05/2025 16:00	193.811	193.817	193.559	193.592	12	4005397000	77593
26/05/2025 20:00	193.592	193.725	193.54	193.605	12	7394664000	30899
27/05/2025 00:00	193.595	193.715	193.191	193.243	15	21569111000	55221
27/05/2025 04:00	193.244	193.644	193.057	193.638	15	4613429000	90913
27/05/2025 08:00	193.638	194.774	193.638	194.746	12	6553311000	121773
27/05/2025 12:00	194.746	195.457	194.736	195.32	12	6192011000	116598
27/05/2025 16:00	195.32	195.623	194.895	195.009	12	6716738000	123712
27/05/2025 20:00	195.009	195.009	194.81	194.81	12	11197905000	79572
28/05/2025 00:00	194.824	194.984	194.489	194.785	15	21817112000	52647
28/05/2025 04:00	194.785	195.406	194.476	194.568	15	5569060000	102909
28/05/2025 08:00	194.569	194.874	194.38	194.581	12	5840198000	110161
28/05/2025 12:00	194.581	194.897	194.473	194.643	12	6258512000	109694
28/05/2025 16:00	194.643	195.356	194.643	195.266	12	7029732000	123626
28/05/2025 20:00	195.267	195.3	194.919	194.929	12	16477592000	89704
29/05/2025 00:00	194.911	196.188	194.833	196.183	15	39695245000	80723
29/05/2025 04:00	196.183	196.316	195.719	195.876	15	5828444000	95642
29/05/2025 08:00	195.877	196.175	195.45	195.527	12	6588271000	110511
29/05/2025 12:00	195.527	195.665	194.889	195.001	12	6051478000	116380
29/05/2025 16:00	195.002	195.065	194.288	194.491	12	6811611000	129335
29/05/2025 20:00	194.488	194.58	194.364	194.48	12	13978253000	94386
30/05/2025 00:00	194.46	194.497	193.862	194.041	15	26354032000	63205
30/05/2025 04:00	194.041	194.076	193.625	193.681	15	4613047000	91098
30/05/2025 08:00	193.682	194.214	193.679	193.971	12	5512266000	107429
30/05/2025 12:00	193.974	194.187	193.39	193.918	12	5967997000	113072
30/05/2025 16:00	193.917	194.656	193.634	193.693	12	7218189000	130520
30/05/2025 20:00	193.694	193.962	193.673	193.797	0	13183794000	98371
02/06/2025 00:00	193.561	193.801	193.412	193.603	15	19458081000	59573
02/06/2025 04:00	193.603	193.768	193.488	193.609	15	4405184000	85785
02/06/2025 08:00	193.609	193.895	193.434	193.568	12	5813221000	106933
02/06/2025 12:00	193.568	193.602	193.099	193.424	12	5576559000	107852
02/06/2025 16:00	193.424	193.548	193.002	193.277	12	6790205000	122499
02/06/2025 20:00	193.275	193.414	193.141	193.162	12	10542639000	80952
03/06/2025 00:00	193.161	193.421	192.982	193.33	15	27032047000	50936
03/06/2025 04:00	193.33	193.817	193.27	193.313	15	4280766000	84132
03/06/2025 08:00	193.313	193.545	192.724	192.996	12	5161605000	98418
03/06/2025 12:00	192.997	193.68	192.92	193.666	12	5114682000	97928
03/06/2025 16:00	193.666	194.779	193.584	194.636	12	6774149000	115320
03/06/2025 20:00	194.631	194.761	194.462	194.481	12	10211326000	71785
04/06/2025 00:00	194.148	194.812	194.148	194.773	15	17309690000	48182
04/06/2025 04:00	194.771	195.023	194.525	194.914	15	4379847000	80360
04/06/2025 08:00	194.915	195.088	194.527	194.821	12	5406543000	97887
04/06/2025 12:00	194.822	195.232	194.227	194.411	12	5638900000	101052
04/06/2025 16:00	194.412	194.681	193.467	193.576	12	6630825000	119407
04/06/2025 20:00	193.575	193.664	193.365	193.365	12	9284323000	73099
05/06/2025 00:00	193.408	193.571	193.255	193.447	15	17715117000	50589
05/06/2025 04:00	193.447	193.795	193.399	193.764	15	4566582000	82962
05/06/2025 08:00	193.764	194.517	193.713	194.386	12	5126323000	92992
05/06/2025 12:00	194.386	195.036	194.042	194.676	12	6171739000	102476
05/06/2025 16:00	194.676	195.497	194.415	195.002	12	7063630000	128392
05/06/2025 20:00	195.001	195.341	194.639	194.639	12	13930319000	94988
06/06/2025 00:00	194.73	195.19	194.49	195.154	15	18265318000	46070
06/06/2025 04:00	195.154	195.267	194.993	195.254	15	3975493000	75115
06/06/2025 08:00	195.254	195.302	194.804	195.021	12	4876110000	91303
06/06/2025 12:00	195.02	195.776	194.931	195.759	12	5677484000	100142
06/06/2025 16:00	195.76	196.184	195.679	195.979	12	6764350000	127324
06/06/2025 20:00	195.983	196.031	195.839	195.943	0	8055414000	81743
09/06/2025 00:00	195.79	196.127	195.732	196.111	15	17455447000	55801
09/06/2025 04:00	196.111	196.145	195.66	195.694	15	3917841000	77090
09/06/2025 08:00	195.695	195.825	195.459	195.663	12	4784675000	90295
09/06/2025 12:00	195.662	195.994	195.439	195.776	12	5577019000	93407
09/06/2025 16:00	195.775	195.904	195.682	195.779	12	5717175000	106362
09/06/2025 20:00	195.78	196.065	195.73	195.781	12	9377241000	65173
10/06/2025 00:00	195.781	196.05	195.656	195.89	15	17865569000	48122
10/06/2025 04:00	195.89	196.445	195.846	196.213	15	4463320000	85158
10/06/2025 08:00	196.213	196.214	194.772	195.089	12	5684450000	107350
10/06/2025 12:00	195.09	195.384	195.015	195.36	12	5193635000	96224
10/06/2025 16:00	195.361	195.865	195.349	195.687	12	5951646000	109709
10/06/2025 20:00	195.685	195.759	195.412	195.421	12	10900693000	73281
11/06/2025 00:00	195.449	195.918	195.3	195.527	15	25464491000	61735
11/06/2025 04:00	195.527	195.62	195.291	195.541	15	4482087000	76501
11/06/2025 08:00	195.542	195.792	195.395	195.754	12	4933204000	91557
11/06/2025 12:00	195.754	196.239	195.534	195.656	12	6001963000	103483
11/06/2025 16:00	195.656	196.23	195.563	195.948	12	6353721000	116387
11/06/2025 20:00	195.948	196.08	195.615	195.683	12	12126740000	88465
12/06/2025 00:00	195.708	195.837	195.526	195.653	15	19916729000	58336
12/06/2025 04:00	195.653	195.694	195.354	195.509	15	4632096000	85846
12/06/2025 08:00	195.51	195.549	194.71	195.073	12	5548112000	106177
12/06/2025 12:00	195.072	195.273	194.807	195.017	12	6558328000	114724
12/06/2025 16:00	195.016	195.52	194.882	195.184	12	6730987000	123634
12/06/2025 20:00	195.184	195.446	195.054	195.223	12	11410215000	73735
13/06/2025 00:00	195.227	195.483	193.753	194.1	15	25883226000	61597
13/06/2025 04:00	194.106	194.676	193.779	194.421	15	6120076000	115611
13/06/2025 08:00	194.421	195.095	194.14	194.97	12	6403086000	117135
13/06/2025 12:00	194.969	195.426	194.938	195.285	12	6859120000	117525
13/06/2025 16:00	195.288	195.974	195.005	195.807	12	6588796000	120579
13/06/2025 20:00	195.803	195.803	195.062	195.61	0	10519282000	102125
16/06/2025 00:00	195.229	196.056	194.962	195.609	15	66930122000	85016
16/06/2025 04:00	195.616	195.703	195.416	195.485	15	4757912000	90906
16/06/2025 08:00	195.487	196.17	195.4	195.888	12	6350528000	108236
16/06/2025 12:00	195.894	195.996	195.549	195.716	12	5364070000	98203
16/06/2025 16:00	195.717	196.22	195.581	196.19	12	6413152000	116735
16/06/2025 20:00	196.189	196.685	196.142	196.386	12	11858422000	80873
17/06/2025 00:00	196.386	196.844	196.233	196.798	15	26856568000	69428
17/06/2025 04:00	196.798	196.8	196.05	196.248	15	4729489000	89571
17/06/2025 08:00	196.248	196.625	195.957	196.313	12	5269929000	104129
17/06/2025 12:00	196.316	196.483	195.85	196.245	12	5776223000	105252
17/06/2025 16:00	196.238	196.365	195.51	195.635	12	6236960000	118949
17/06/2025 20:00	195.634	195.69	194.899	194.933	12	15366704000	95460
18/06/2025 00:00	194.94	195.345	194.789	195.177	15	20619306000	58616
18/06/2025 04:00	195.178	195.224	194.843	194.955	15	4253638000	81472
18/06/2025 08:00	194.957	195.333	194.772	195.017	12	5502851000	99062
18/06/2025 12:00	195.016	195.24	194.612	194.833	12	5424591000	99619
18/06/2025 16:00	194.833	195.076	194.53	194.688	12	6734458000	115443
18/06/2025 20:00	194.689	194.812	194.335	194.726	12	16204983000	104848
19/06/2025 00:00	194.754	194.816	194.243	194.362	15	23605226000	61391
19/06/2025 04:00	194.362	194.561	194.015	194.51	15	4588807000	85345
19/06/2025 08:00	194.51	195.081	194.344	195.07	12	5497173000	102364
19/06/2025 12:00	195.071	195.953	195	195.62	12	5722019000	100174
19/06/2025 16:00	195.621	195.731	195.202	195.62	12	4829821000	88885
19/06/2025 20:00	195.621	195.901	195.577	195.741	12	8829537000	50308
20/06/2025 00:00	195.522	196.037	195.418	195.913	15	20001938000	60995
20/06/2025 04:00	195.912	196.213	195.801	196.15	15	4460886000	84718
20/06/2025 08:00	196.15	196.329	195.692	196.058	12	5391015000	98813
20/06/2025 12:00	196.057	196.597	195.914	196.563	12	5457744000	96687
20/06/2025 16:00	196.565	196.699	196.239	196.451	12	6939723000	118540
20/06/2025 20:00	196.452	196.644	196.368	196.496	0	9669661000	82892
23/06/2025 00:00	196.527	196.741	196.149	196.563	15	48725611000	83510
23/06/2025 04:00	196.566	197.206	196.512	197.097	15	5061579000	93021
23/06/2025 08:00	197.097	198.196	197.096	198.004	12	6016267000	110005
23/06/2025 12:00	198.003	198.09	197.247	197.413	12	5970826000	114421
23/06/2025 16:00	197.413	197.832	197.297	197.471	12	7043451000	127547
23/06/2025 20:00	197.472	197.85	197.441	197.504	12	11972758000	97851
24/06/2025 00:00	197.504	197.691	197.244	197.268	15	29489664000	73054
24/06/2025 04:00	197.268	197.384	197.019	197.253	15	4762556000	90238
24/06/2025 08:00	197.255	197.387	196.945	197.331	12	6147044000	112122
24/06/2025 12:00	197.329	197.577	197.142	197.196	12	5952342000	107745
24/06/2025 16:00	197.196	197.363	196.962	197.16	12	6598333000	120263
24/06/2025 20:00	197.159	197.365	197.097	197.185	12	10992541000	78316
25/06/2025 00:00	197.291	197.485	197.055	197.289	15	17691970000	51346
25/06/2025 04:00	197.288	197.378	197.042	197.35	15	4490138000	80387
25/06/2025 08:00	197.35	198.2	197.35	198.157	12	5434531000	97424
25/06/2025 12:00	198.157	198.405	198.051	198.316	12	5502917000	97816
25/06/2025 16:00	198.317	198.57	198.251	198.396	12	5919414000	110451
25/06/2025 20:00	198.398	198.574	198.251	198.251	12	10564126000	80727
26/06/2025 00:00	198.242	198.474	198.06	198.072	15	20012532000	52809
26/06/2025 04:00	198.072	198.595	198.005	198.356	15	4428132000	84614
26/06/2025 08:00	198.356	198.504	197.705	197.891	12	5696023000	106455
26/06/2025 12:00	197.89	198.112	197.752	197.958	12	6003147000	105566
26/06/2025 16:00	197.96	198.53	197.92	198.406	12	6404813000	118770
26/06/2025 20:00	198.406	198.447	198.117	198.172	12	11311080000	79968
27/06/2025 00:00	198.172	198.804	197.973	198.611	15	26765179000	54592
27/06/2025 04:00	198.611	198.678	198.138	198.352	15	4574330000	83499
27/06/2025 08:00	198.352	198.588	198.107	198.479	12	5389816000	97272
27/06/2025 12:00	198.486	198.637	198.307	198.473	12	5367080000	97862
27/06/2025 16:00	198.473	198.746	198.191	198.269	12	6232460000	114434
27/06/2025 20:00	198.27	198.493	198.008	198.471	0	10718092000	94927
30/06/2025 00:00	197.696	198.453	197.696	198.327	15	27092683000	65364
30/06/2025 04:00	198.327	198.362	197.571	197.623	15	4145732000	80475
30/06/2025 08:00	197.623	197.692	197.208	197.424	12	5480513000	103285
30/06/2025 12:00	197.422	197.873	197.369	197.81	12	4950265000	95736
30/06/2025 16:00	197.809	198.006	197.439	197.787	12	6296739000	118072
30/06/2025 20:00	197.788	197.871	197.585	197.591	12	10378130000	81890
01/07/2025 00:00	197.696	197.788	197.238	197.266	15	16890637000	48629
01/07/2025 04:00	197.266	197.751	197.185	197.523	15	4179256000	76393
01/07/2025 08:00	197.524	197.531	196.785	197.012	12	6410397000	99700
01/07/2025 12:00	197.011	197.051	196.273	196.588	12	5970416000	106632
01/07/2025 16:00	196.592	197.29	196.411	197.207	12	6710251000	122475
01/07/2025 20:00	197.209	197.552	196.987	197.02	12	13237558000	80338
02/07/2025 00:00	197.013	197.465	196.974	197.248	15	16021472000	47287
02/07/2025 04:00	197.248	197.429	197.193	197.295	15	3836628000	73979
02/07/2025 08:00	197.294	197.548	197.039	197.202	12	5291927000	95195
02/07/2025 12:00	197.199	197.521	195.472	195.77	12	6565015000	105513
02/07/2025 16:00	195.772	195.987	195.357	195.922	12	6527950000	121506
02/07/2025 20:00	195.921	196.015	195.725	195.734	12	10450027000	77774
03/07/2025 00:00	195.747	196.244	195.747	195.95	15	23401865000	48948
03/07/2025 04:00	195.95	196.106	195.828	196.034	15	3990591000	68885
03/07/2025 08:00	196.034	196.708	195.998	196.592	12	5398118000	92447
03/07/2025 12:00	196.59	197.441	196.222	197.423	12	6073695000	99899
03/07/2025 16:00	197.423	198.103	197.385	197.999	12	6649850000	120911
03/07/2025 20:00	197.999	198.037	197.807	197.832	12	11753372000	48649
04/07/2025 00:00	197.812	197.901	197.47	197.569	15	15798071000	47072
04/07/2025 04:00	197.57	197.656	197.281	197.411	15	3495033000	69358
04/07/2025 08:00	197.412	197.521	197.127	197.222	12	4739358000	89857
04/07/2025 12:00	197.22	197.25	196.899	196.918	12	5031464000	87136
04/07/2025 16:00	196.918	197.26	196.918	197.196	12	4509629000	81772
04/07/2025 20:00	197.196	197.402	197.025	197.031	12	51292330000	116592
07/07/2025 00:00	197.104	197.41	196.924	196.997	15	28727084000	55975
07/07/2025 04:00	196.998	197.453	196.783	197.423	15	4158897000	79507
07/07/2025 08:00	197.423	197.6	197.186	197.37	12	5902390000	98762
07/07/2025 12:00	197.369	198.307	197.298	198.253	12	5165487000	95497
07/07/2025 16:00	198.251	199.002	198.222	198.645	12	6432604000	110774
07/07/2025 20:00	198.645	198.988	198.523	198.536	12	13525051000	85403
08/07/2025 00:00	198.527	199.234	198.48	199.19	15	27880294000	55319
08/07/2025 04:00	199.19	199.471	198.888	199.012	15	4373016000	83924
08/07/2025 08:00	199.012	199.43	198.967	198.994	12	5132036000	98305
08/07/2025 12:00	198.995	199.123	198.687	199.118	12	5402387000	98568
08/07/2025 16:00	199.118	199.314	198.668	199.253	12	6329807000	116766
08/07/2025 20:00	199.254	199.435	199.019	199.019	12	15791100000	88388
09/07/2025 00:00	198.986	199.546	198.914	199.428	15	23746474000	52095
09/07/2025 04:00	199.428	199.799	199.334	199.753	15	4394723000	79589
09/07/2025 08:00	199.753	199.823	199.362	199.492	12	4939787000	93128
09/07/2025 12:00	199.49	199.518	199.132	199.335	12	4653515000	89856
09/07/2025 16:00	199.337	199.402	198.763	198.885	12	5879967000	104439
09/07/2025 20:00	198.887	199.068	198.674	198.674	12	12566683000	69077
10/07/2025 00:00	198.693	198.83	198.373	198.446	15	20718001000	48419
10/07/2025 04:00	198.446	199.116	198.385	198.928	15	3590358000	67792
10/07/2025 08:00	198.928	199.25	198.845	199.126	12	4757133000	85634
10/07/2025 12:00	199.125	199.195	198.379	198.568	12	4979610000	89410
10/07/2025 16:00	198.569	198.822	198.476	198.657	12	6067079000	109482
10/07/2025 20:00	198.657	198.66	198.39	198.39	12	12220625000	76912
11/07/2025 00:00	198.39	198.794	198.231	198.65	15	19360419000	52407
11/07/2025 04:00	198.65	199.441	198.625	199.381	15	4566753000	82871
11/07/2025 08:00	199.382	199.422	198.683	198.946	12	5439332000	98754
11/07/2025 12:00	198.944	199.237	198.232	198.469	12	6240862000	103708
11/07/2025 16:00	198.468	199.163	198.43	199.035	12	6187774000	112539
11/07/2025 20:00	199.034	199.238	198.785	198.89	0	8494236000	76932
14/07/2025 00:00	198.441	198.982	198.316	198.364	15	30527038000	57346
14/07/2025 04:00	198.364	198.699	198.26	198.595	15	3640174000	68339
14/07/2025 08:00	198.595	198.748	198.097	198.515	12	4542607000	87044
14/07/2025 12:00	198.519	198.79	198.4	198.643	12	5087383000	90129
14/07/2025 16:00	198.644	198.717	198.249	198.454	12	5614328000	107335
14/07/2025 20:00	198.456	198.524	198.209	198.209	12	9464217000	62222
15/07/2025 00:00	198.204	198.534	198.131	198.282	15	31456585000	52288
15/07/2025 04:00	198.282	198.579	198.205	198.333	15	3553103000	70721
15/07/2025 08:00	198.333	198.75	198.285	198.566	12	4817095000	85224
15/07/2025 12:00	198.565	199.081	198.508	198.882	12	5193267000	93090
15/07/2025 16:00	198.881	199.52	198.832	199.318	12	6567247000	118524
15/07/2025 20:00	199.318	199.397	199.122	199.15	12	9696256000	73375
16/07/2025 00:00	199.148	199.576	199.118	199.526	15	25445257000	48683
16/07/2025 04:00	199.528	199.735	199.287	199.505	15	4291357000	78188
16/07/2025 08:00	199.505	199.662	199.24	199.304	12	5339251000	97176
16/07/2025 12:00	199.308	199.406	198.944	199.147	12	5079836000	95574
16/07/2025 16:00	199.147	199.207	197.928	198.696	12	8038494000	129428
16/07/2025 20:00	198.697	198.72	198.107	198.333	12	17616736000	93550
17/07/2025 00:00	198.439	198.856	198.233	198.823	15	34444892000	54970
17/07/2025 04:00	198.823	199.022	198.681	198.81	15	4201256000	76395
17/07/2025 08:00	198.812	199.293	198.694	199.256	12	5478066000	99647
17/07/2025 12:00	199.257	199.544	199.105	199.293	12	5732659000	99120
17/07/2025 16:00	199.29	199.327	198.972	199.159	12	6306803000	116282
17/07/2025 20:00	199.159	199.481	199.131	199.192	12	13020216000	78164
18/07/2025 00:00	199.222	199.59	199.171	199.567	15	18950638000	50429
18/07/2025 04:00	199.567	199.703	199.386	199.566	15	4105905000	74706
18/07/2025 08:00	199.566	199.971	199.489	199.652	12	5074959000	90313
18/07/2025 12:00	199.655	199.905	199.584	199.654	12	5395524000	95580
18/07/2025 16:00	199.655	199.789	199.461	199.522	12	6123655000	114926
18/07/2025 20:00	199.522	199.625	199.458	199.579	0	10615264000	79663
21/07/2025 00:00	198.414	199.415	198.412	198.891	15	31688571000	69882
21/07/2025 04:00	198.89	199.237	198.89	199.19	15	4109553000	73311
21/07/2025 08:00	199.191	199.233	198.562	198.946	12	4954246000	95437
21/07/2025 12:00	198.947	199.086	198.578	198.815	12	5105420000	94750
21/07/2025 16:00	198.816	198.986	198.517	198.582	12	6223733000	111948
21/07/2025 20:00	198.581	198.83	198.532	198.651	12	11188666000	72376
22/07/2025 00:00	198.65	199.116	198.474	198.853	15	25363222000	50063
22/07/2025 04:00	198.853	199.017	198.748	198.962	15	4242868000	75459
22/07/2025 08:00	198.962	199.288	198.797	199.124	12	4845705000	89799
22/07/2025 12:00	199.126	199.126	197.846	197.9	12	5110236000	95051
22/07/2025 16:00	197.9	198.134	197.427	198.107	12	6557838000	120948
22/07/2025 20:00	198.107	198.485	198.1	198.193	12	13607185000	76726
23/07/2025 00:00	198.163	198.663	197.745	198.079	15	24881422000	65069
23/07/2025 04:00	198.079	199.005	198.01	198.773	15	5667579000	96766
23/07/2025 08:00	198.773	199.08	198.379	198.779	12	6009201000	105446
23/07/2025 12:00	198.78	198.797	197.864	198.319	12	5402415000	99950
23/07/2025 16:00	198.319	198.921	198.24	198.777	12	6571575000	120368
23/07/2025 20:00	198.776	199.027	198.658	198.859	12	14134506000	85694
24/07/2025 00:00	198.859	199.014	198.585	198.757	15	40803980000	56423
24/07/2025 04:00	198.757	198.764	198.129	198.283	15	4508083000	87475
24/07/2025 08:00	198.283	198.625	198.208	198.475	12	5652554000	104795
24/07/2025 12:00	198.475	198.713	198.378	198.69	12	6066611000	103169
24/07/2025 16:00	198.689	198.848	198.279	198.475	12	6998187000	122492
24/07/2025 20:00	198.473	198.601	198.394	198.472	12	18665012000	89746
25/07/2025 00:00	198.486	198.966	198.429	198.834	15	21120729000	54616
25/07/2025 04:00	198.834	199.052	198.466	198.506	15	4359163000	82570
25/07/2025 08:00	198.506	199.071	198.126	198.916	12	5550362000	102352
25/07/2025 12:00	198.915	199.077	198.525	198.614	12	5453596000	97031
25/07/2025 16:00	198.614	198.623	198.207	198.3	12	6609788000	113455
25/07/2025 20:00	198.299	198.471	198.207	198.415	0	7878225000	77590
28/07/2025 00:00	198.267	198.729	198.234	198.442	15	23670601000	68244
28/07/2025 04:00	198.441	198.829	198.408	198.509	15	4801951000	84117
28/07/2025 08:00	198.509	199.023	198.412	198.993	12	5645822000	103626
28/07/2025 12:00	198.993	199.213	198.812	198.946	12	6763030000	109532
28/07/2025 16:00	198.945	199.014	198.616	198.653	12	6878317000	115270
28/07/2025 20:00	198.651	198.673	198.206	198.207	12	9313398000	69711
29/07/2025 00:00	198.17	198.511	198.149	198.421	15	31610041000	50480
29/07/2025 04:00	198.421	198.455	197.885	198.033	15	4314973000	80674
29/07/2025 08:00	198.034	198.211	197.727	198.191	12	5685858000	103190
29/07/2025 12:00	198.191	198.46	197.982	198.003	12	5655811000	103337
29/07/2025 16:00	198.002	198.258	197.762	198.159	12	7013775000	121319
29/07/2025 20:00	198.155	198.375	198.022	198.066	12	14977942000	85473
30/07/2025 00:00	198.053	198.31	197.856	197.886	15	22023640000	50996
30/07/2025 04:00	197.886	197.956	197.587	197.797	15	4315007000	83663
30/07/2025 08:00	197.797	197.897	197.447	197.782	12	5494589000	99506
30/07/2025 12:00	197.783	198.42	197.76	198.102	12	6342739000	107768
30/07/2025 16:00	198.102	198.194	197.78	197.805	12	6475738000	117177
30/07/2025 20:00	197.804	198.009	197.608	197.712	12	19535314072	106271
31/07/2025 00:00	197.712	197.979	197.636	197.845	15	24556117000	55765
31/07/2025 04:00	197.844	197.849	196.96	197.551	15	4721780000	90301
31/07/2025 08:00	197.552	198.371	197.296	198.254	12	5485568000	105271
31/07/2025 12:00	198.254	198.583	198.099	198.49	12	6147644000	111779
31/07/2025 16:00	198.489	199.514	198.361	199.243	12	6855671000	124177
31/07/2025 20:00	199.242	199.376	198.83	198.937	12	17102575000	98491
01/08/2025 00:00	198.932	199.239	198.779	199.118	15	23116406000	62581
01/08/2025 04:00	199.118	199.298	198.72	198.78	15	4553037000	90345
01/08/2025 08:00	198.78	198.975	198.205	198.207	12	5362724000	102660
01/08/2025 12:00	198.206	198.237	197.378	197.448	12	6236583000	110091
01/08/2025 16:00	197.438	197.459	195.78	195.796	12	7399122000	134437
01/08/2025 20:00	195.793	195.864	195.33	195.752	0	11172034000	106841
04/08/2025 00:00	195.665	195.871	195.297	195.806	0	22578851000	70663
04/08/2025 04:00	195.805	196.351	195.79	196.092	15	4590186000	90506
04/08/2025 08:00	196.092	196.529	195.994	196.366	12	5641108000	106457
04/08/2025 12:00	196.367	196.522	195.643	195.728	12	6204568000	112340
04/08/2025 16:00	195.727	196.096	195.331	195.34	12	6511485000	119987
04/08/2025 20:00	195.341	195.427	195.022	195.24	12	14072491000	83664
05/08/2025 00:00	195.241	195.447	195.029	195.394	15	24163891000	53860
05/08/2025 04:00	195.393	195.552	195.291	195.409	15	4481216000	84804
05/08/2025 08:00	195.41	195.984	195.258	195.983	12	5121544000	99722
05/08/2025 12:00	195.985	196.359	195.9	196.122	12	5710061000	106017
05/08/2025 16:00	196.121	196.412	195.697	196.37	12	7043691000	124161
05/08/2025 20:00	196.371	196.456	196.142	196.165	12	14350667000	83008
06/08/2025 00:00	196.168	196.352	195.985	196.292	15	21828978000	51441
06/08/2025 04:00	196.292	196.471	196.091	196.136	15	4106696000	80343
06/08/2025 08:00	196.136	196.395	196.093	196.343	12	4833739000	91391
06/08/2025 12:00	196.342	196.648	196.324	196.347	12	5415990000	102138
06/08/2025 16:00	196.347	196.9	196.159	196.661	12	6797849000	122147
06/08/2025 20:00	196.661	197.068	196.446	196.715	12	14275311000	86240
07/08/2025 00:00	196.715	197.01	196.526	196.991	15	17228673000	53847
07/08/2025 04:00	196.991	197.184	196.857	196.917	15	4231502000	80749
07/08/2025 08:00	196.917	196.951	196.236	196.701	12	5303110000	101693
07/08/2025 12:00	196.699	197.923	196.691	197.671	12	6896883000	112597
07/08/2025 16:00	197.67	198.018	197.461	197.906	12	6639442000	121478
07/08/2025 20:00	197.907	198.015	197.44	197.65	12	16004759000	95362
08/08/2025 00:00	197.661	197.919	197.377	197.882	15	23649133000	57694
08/08/2025 04:00	197.882	197.999	197.685	197.707	15	3917746000	75824
08/08/2025 08:00	197.713	198.402	197.674	198.352	12	5286238000	98836
08/08/2025 12:00	198.352	198.824	198.274	198.448	12	5711929000	105348
08/08/2025 16:00	198.45	198.743	198.385	198.669	12	6996173000	118070
08/08/2025 20:00	198.669	198.806	198.57	198.741	0	9200572000	91851
11/08/2025 00:00	198.373	198.676	198.257	198.49	15	28632881000	48549
11/08/2025 04:00	198.49	198.606	198.458	198.599	15	3656088000	69895
11/08/2025 08:00	198.599	198.801	198.175	198.602	12	4752617000	89166
11/08/2025 12:00	198.602	198.776	198.357	198.403	12	5532050000	96890
11/08/2025 16:00	198.402	198.675	198.346	198.669	12	6381961000	110202
11/08/2025 20:00	198.668	199.064	198.642	198.891	12	14483305000	82465
12/08/2025 00:00	198.885	199.344	198.726	199.307	15	25169225000	48234
12/08/2025 04:00	199.307	199.389	199.139	199.354	15	4375177000	77775
12/08/2025 08:00	199.354	199.978	198.988	199.907	12	5626354000	105151
12/08/2025 12:00	199.905	199.956	199.413	199.625	12	6001757000	104690
12/08/2025 16:00	199.625	200.078	199.507	199.637	12	7599288000	128462
12/08/2025 20:00	199.636	199.672	199.307	199.468	12	12212554000	81816
13/08/2025 00:00	199.465	199.638	199.366	199.563	15	24021732000	53240
13/08/2025 04:00	199.56	199.977	199.499	199.774	15	4183823000	75388
13/08/2025 08:00	199.774	199.893	199.544	199.651	12	5496719000	95967
13/08/2025 12:00	199.65	200.278	199.605	199.889	12	5511414000	102423
13/08/2025 16:00	199.889	200.001	199.541	199.991	12	6516897000	115038
13/08/2025 20:00	199.991	200.157	199.947	199.948	12	11497207000	76955
14/08/2025 00:00	199.94	200.065	199.192	199.288	15	19411862000	51495
14/08/2025 04:00	199.288	199.305	198.672	198.725	15	4950197000	86204
14/08/2025 08:00	198.725	199.045	198.592	198.897	12	5553394000	99881
14/08/2025 12:00	198.898	199.372	198.817	199.158	12	6557364000	105803
14/08/2025 16:00	199.156	200.117	199.152	199.931	12	7199396000	122590
14/08/2025 20:00	199.931	200.165	199.857	199.857	12	13994779000	78069
15/08/2025 00:00	199.857	200.013	199.579	199.604	15	17988117000	42856
15/08/2025 04:00	199.604	199.672	199.28	199.332	15	4012204000	73637
15/08/2025 08:00	199.332	199.504	198.934	198.934	12	4853870000	88013
15/08/2025 12:00	198.933	199.503	198.903	199.193	12	5347466000	96486
15/08/2025 16:00	199.193	199.609	199.103	199.559	12	7220162000	118159
15/08/2025 20:00	199.56	199.686	199.317	199.435	0	8646392000	76730
18/08/2025 00:00	199.358	199.872	199.358	199.803	15	27909054000	55792
18/08/2025 04:00	199.804	199.998	199.737	199.886	15	3868999000	73647
18/08/2025 08:00	199.887	199.962	199.374	199.588	12	5818908000	101106
18/08/2025 12:00	199.589	200.108	199.486	200.075	12	6340680000	99910
18/08/2025 16:00	200.074	200.265	199.612	199.647	12	6436414000	112645
18/08/2025 20:00	199.648	199.781	199.544	199.629	12	14991116000	77164
19/08/2025 00:00	199.629	199.862	199.362	199.529	15	21162730000	48638
19/08/2025 04:00	199.529	199.768	199.268	199.548	15	4334210000	84651
19/08/2025 08:00	199.547	199.778	199.246	199.637	12	5021182000	94838
19/08/2025 12:00	199.637	199.856	199.568	199.644	12	5341735000	95433
19/08/2025 16:00	199.645	199.686	199.078	199.13	12	6297907000	110874
19/08/2025 20:00	199.13	199.222	198.814	199.087	12	11460704000	73902
20/08/2025 00:00	199.087	199.25	198.828	198.921	15	27452181000	55108
20/08/2025 04:00	198.913	199.013	198.615	198.841	31	4990486000	86971
20/08/2025 08:00	198.841	199.436	198.646	199.241	31	6125498000	101102
20/08/2025 12:00	199.241	199.254	198.609	198.647	31	5263838000	95458
20/08/2025 16:00	198.647	198.763	197.848	198.013	31	7439994000	118757
20/08/2025 20:00	198.013	198.369	197.92	198.148	31	9209773000	77000
21/08/2025 00:00	198.148	198.427	198.02	198.303	31	62559349000	54755
21/08/2025 04:00	198.3	198.435	198.114	198.227	31	4838922000	82459
21/08/2025 08:00	198.23	198.793	198.186	198.707	31	6102098000	99557
21/08/2025 12:00	198.707	199.216	198.606	198.639	31	6307789000	106300
21/08/2025 16:00	198.639	199.061	198.396	198.95	31	7489453000	122694
21/08/2025 20:00	198.95	199.093	198.818	198.837	31	7256055000	75282
22/08/2025 00:00	198.838	199.25	198.667	199.222	31	23131455000	45934
22/08/2025 04:00	199.221	199.316	199.075	199.194	31	4398065000	80953
22/08/2025 08:00	199.194	199.373	198.842	199.342	31	4894586000	94487
22/08/2025 12:00	199.342	199.524	199.289	199.428	31	5374285000	95111
22/08/2025 16:00	199.428	199.506	198.309	198.393	31	8931580000	128467
22/08/2025 20:00	198.392	198.779	198.372	198.749	0	6841021000	86853
25/08/2025 00:00	198.487	199.141	198.39	198.922	31	30131156000	56766
25/08/2025 04:00	198.922	199.083	198.758	198.925	31	3617192000	68132
25/08/2025 08:00	198.926	199.101	198.811	198.87	31	4531712000	81352
25/08/2025 12:00	198.87	199.179	198.731	199.021	31	4499543000	79702
25/08/2025 16:00	199.021	199.283	198.928	198.984	31	5837542000	109265
25/08/2025 20:00	198.985	199.019	198.649	198.708	31	10377822000	87102
26/08/2025 00:00	198.71	198.886	198.263	198.305	31	35337657000	57791
26/08/2025 04:00	198.304	198.874	198.3	198.837	31	4765394000	89584
26/08/2025 08:00	198.837	198.975	198.542	198.671	31	5673298000	101503
26/08/2025 12:00	198.671	199.005	198.617	198.861	31	5993603000	103652
26/08/2025 16:00	198.858	199.044	198.364	198.524	31	6674695000	117410
26/08/2025 20:00	198.521	198.741	198.48	198.568	31	9302000000	77513
27/08/2025 00:00	198.569	198.871	198.447	198.803	31	42264801000	53703
27/08/2025 04:00	198.803	199.015	198.736	198.949	31	4659158000	80965
27/08/2025 08:00	198.95	198.985	198.659	198.861	31	5514812000	97100
27/08/2025 12:00	198.863	199.051	198.773	199.013	31	6056771000	102522
27/08/2025 16:00	199.013	199.177	198.842	198.868	31	6854093000	117708
27/08/2025 20:00	198.868	199.084	198.799	198.827	31	11764141000	85729
28/08/2025 00:00	198.823	199.097	198.697	198.909	31	49335660000	57594
28/08/2025 04:00	198.909	199.126	198.664	198.717	31	4841729000	81805
28/08/2025 08:00	198.717	198.96	198.543	198.676	31	5844403000	101120
28/08/2025 12:00	198.675	198.798	198.453	198.622	31	6386877000	106865
28/08/2025 16:00	198.622	198.806	198.495	198.562	31	7469686000	119667
28/08/2025 20:00	198.558	198.573	198.388	198.445	31	10299788000	83673
29/08/2025 00:00	198.439	198.649	198.195	198.328	31	47011590000	55111
29/08/2025 04:00	198.328	198.527	198.259	198.353	31	4371702000	80289
29/08/2025 08:00	198.351	198.595	197.975	198.04	31	5106809000	95355
29/08/2025 12:00	198.04	198.32	197.935	198.283	31	5820000000	104044
29/08/2025 16:00	198.284	198.506	197.976	198.435	31	6806296000	122778
29/08/2025 20:00	198.435	198.647	198.336	198.564	0	5485655000	77177
01/09/2025 00:00	198.367	199.048	198.243	199.023	31	59926301000	47279
01/09/2025 04:00	199.023	199.064	198.606	198.764	31	5045673000	86910
01/09/2025 08:00	198.763	199.101	198.636	198.938	31	5556502000	101601
01/09/2025 12:00	198.939	199.219	198.855	199.196	31	5259837000	92158
01/09/2025 16:00	199.195	199.55	199.189	199.372	31	4781085000	82257
01/09/2025 20:00	199.372	199.412	199.211	199.211	31	4881941000	36663
02/09/2025 00:00	199.21	199.492	199.101	199.4	31	28464598000	51854
02/09/2025 04:00	199.401	199.997	199.308	199.819	31	5458426000	87626
02/09/2025 08:00	199.819	200.255	198.791	199.093	31	6646150000	114923
02/09/2025 12:00	199.095	199.126	198.564	198.692	31	6568127000	121609
02/09/2025 16:00	198.692	198.835	198.308	198.594	31	7423381000	126569
02/09/2025 20:00	198.595	198.728	198.437	198.538	31	10802237000	79795
03/09/2025 00:00	198.538	198.97	198.354	198.961	31	28387860000	40948
03/09/2025 04:00	198.961	199.052	198.605	198.638	31	3925031000	66992
03/09/2025 08:00	198.637	199.229	198.472	199.201	31	5523495000	98506
03/09/2025 12:00	199.196	199.653	199.046	199.646	31	6159420000	111422
03/09/2025 16:00	199.649	199.712	198.885	198.962	31	6895123000	121237
03/09/2025 20:00	198.965	199.15	198.863	198.96	31	10265611000	83937
04/09/2025 00:00	198.961	199.118	198.754	198.969	31	30636306000	54980
04/09/2025 04:00	198.969	199.089	198.76	199.03	31	4764978000	88234
04/09/2025 08:00	199.03	199.477	198.938	199.397	31	5131001000	98180
04/09/2025 12:00	199.397	199.49	199.061	199.488	31	5774961000	100348
04/09/2025 16:00	199.488	199.811	199.322	199.459	31	7035299000	114353
04/09/2025 20:00	199.459	199.584	199.374	199.374	31	8509894000	74015
05/09/2025 00:00	199.379	199.55	199.13	199.267	31	31899560000	51160
05/09/2025 04:00	199.267	199.399	199.211	199.345	31	3566549000	70312
05/09/2025 08:00	199.345	199.685	199.287	199.559	31	4590411000	85809
05/09/2025 12:00	199.561	199.779	198.951	199.146	31	6109928000	100116
05/09/2025 16:00	199.147	199.317	198.661	199.007	31	7467927000	126660
05/09/2025 20:00	199.006	199.188	198.957	199.001	31	7399036000	86401
08/09/2025 00:00	199.922	200.335	199.589	200.187	31	59303470000	71728
08/09/2025 04:00	200.187	200.244	199.833	199.958	31	4556789000	81136
08/09/2025 08:00	199.95	199.998	199.35	199.544	31	5445626000	100645
08/09/2025 12:00	199.544	200.064	199.487	200.012	31	5991998000	104433
08/09/2025 16:00	200.011	200.136	199.829	199.917	31	6701238000	117254
08/09/2025 20:00	199.916	199.984	199.642	199.649	31	8382976000	79245
09/09/2025 00:00	199.645	199.823	199.547	199.761	31	51623646000	53114
09/09/2025 04:00	199.764	199.861	199.645	199.697	31	3848843000	66998
09/09/2025 08:00	199.697	199.775	198.868	199.003	31	5816720000	102212
09/09/2025 12:00	199.001	199.141	198.779	199.13	31	5760883000	103379
09/09/2025 16:00	199.13	199.413	198.856	199.313	31	6881209000	118521
09/09/2025 20:00	199.314	199.451	199.262	199.329	31	9381183000	77420
10/09/2025 00:00	199.329	199.412	199.07	199.34	31	30257528000	50257
10/09/2025 04:00	199.34	199.565	199.26	199.499	31	4226267000	78135
10/09/2025 08:00	199.499	199.66	199.389	199.539	31	5205461000	97736
10/09/2025 12:00	199.54	199.7	199.386	199.598	31	5965430000	103298
10/09/2025 16:00	199.599	199.793	199.428	199.476	31	6181263000	112862
10/09/2025 20:00	199.476	199.491	199.292	199.378	31	6976174000	70463
11/09/2025 00:00	199.374	199.506	199.191	199.465	31	31786064000	40536
11/09/2025 04:00	199.465	199.51	199.317	199.419	31	3322685000	65578
11/09/2025 08:00	199.42	199.859	199.345	199.802	31	4729291000	90908
11/09/2025 12:00	199.801	200.13	199.568	199.818	31	6744708000	99506
11/09/2025 16:00	199.817	199.911	199.363	199.659	31	6877098000	120124
11/09/2025 20:00	199.659	199.952	199.652	199.676	31	11653622000	78365
12/09/2025 00:00	199.676	199.94	199.547	199.821	31	29968279000	45134
12/09/2025 04:00	199.822	199.978	199.705	199.947	31	4026274000	71900
12/09/2025 08:00	199.949	200.231	199.638	200.148	31	5844176000	100103
12/09/2025 12:00	200.148	200.467	200.111	200.223	31	6377923000	106678
12/09/2025 16:00	200.223	200.35	200.057	200.251	31	6791701000	112117
12/09/2025 20:00	200.251	200.299	200.042	200.178	0	5286679000	72215
15/09/2025 00:00	199.931	200.307	199.885	200	31	73290599000	37759
15/09/2025 04:00	200	200.111	199.912	199.971	31	3002929000	59259
15/09/2025 08:00	199.971	200.436	199.925	200.195	31	4995787000	90355
15/09/2025 12:00	200.195	200.731	200.144	200.485	31	6188568000	99066
15/09/2025 16:00	200.485	200.514	200.208	200.345	31	6275280000	110246
15/09/2025 20:00	200.346	200.591	200.301	200.354	31	9649230000	71844
16/09/2025 00:00	200.355	200.566	200.132	200.533	31	22342803000	36731
16/09/2025 04:00	200.534	200.634	200.105	200.156	31	4137395000	76752
16/09/2025 08:00	200.155	200.41	200.061	200.293	31	5294974000	98265
16/09/2025 12:00	200.29	200.704	200.271	200.638	31	6593945000	106436
16/09/2025 16:00	200.64	200.694	199.863	199.88	31	6651831000	116720
16/09/2025 20:00	199.879	199.993	199.753	199.817	31	11574057000	82850
17/09/2025 00:00	199.807	199.999	199.668	199.931	31	39524737000	44436
17/09/2025 04:00	199.934	199.958	199.766	199.78	31	3362550000	64225
17/09/2025 08:00	199.779	200.025	199.728	199.753	31	5084703000	87995
17/09/2025 12:00	199.752	199.918	199.465	199.856	31	5029527000	92653
17/09/2025 16:00	199.855	199.982	199.666	199.89	31	6628750000	105007
17/09/2025 20:00	199.89	200.335	199.572	200.122	31	18253876000	109506
18/09/2025 00:00	200.123	200.324	200.026	200.186	31	35938127000	58085
18/09/2025 04:00	200.187	200.333	200.143	200.283	31	4955638000	80732
18/09/2025 08:00	200.284	201.254	200.252	201.081	31	6574394000	110828
18/09/2025 12:00	201.079	201.202	200.611	200.902	31	6861025000	110474
18/09/2025 16:00	200.905	201.044	200.342	200.384	31	7749646000	126411
18/09/2025 20:00	200.385	200.551	200.303	200.509	31	11185540000	74487
19/09/2025 00:00	200.512	200.593	200.293	200.525	31	44726119000	49529
19/09/2025 04:00	200.525	200.571	199.517	199.798	31	5005426000	91648
19/09/2025 08:00	199.798	199.92	199.352	199.585	31	5957447000	109743
19/09/2025 12:00	199.583	199.831	199.459	199.535	31	5552459000	96169
19/09/2025 16:00	199.534	199.653	199.199	199.331	31	6616744000	113776
19/09/2025 20:00	199.33	199.408	199.186	199.287	0	5804440000	70843
22/09/2025 00:00	199.13	199.544	199.063	199.527	31	50338490000	51925
22/09/2025 04:00	199.527	199.748	199.495	199.589	31	4453706000	72023
22/09/2025 08:00	199.589	199.755	199.363	199.531	31	5429425000	93099
22/09/2025 12:00	199.531	199.772	199.384	199.696	31	5778574000	97040
22/09/2025 16:00	199.695	199.782	199.495	199.561	31	6315941000	106233
22/09/2025 20:00	199.561	199.718	199.501	199.504	31	9881191000	66151
23/09/2025 00:00	199.504	199.685	199.338	199.641	31	29114121000	40585
23/09/2025 04:00	199.64	199.709	199.543	199.626	31	3474644000	67551
23/09/2025 08:00	199.626	199.806	199.18	199.255	31	5828468000	92275
23/09/2025 12:00	199.254	199.954	199.136	199.848	31	5675942000	97851
23/09/2025 16:00	199.845	199.927	199.531	199.785	31	7019701000	114300
23/09/2025 20:00	199.784	199.791	199.343	199.576	31	11374542000	86925
24/09/2025 00:00	199.576	199.78	199.32	199.704	31	50994619000	46474
24/09/2025 04:00	199.704	199.878	199.587	199.785	31	4564815000	69809
24/09/2025 08:00	199.785	199.903	199.543	199.902	31	4941935000	91646
24/09/2025 12:00	199.901	200.005	199.758	199.883	31	5265815000	96007
24/09/2025 16:00	199.883	200.131	199.694	199.965	31	6291993000	110739
24/09/2025 20:00	199.967	200.223	199.958	200.103	31	6771245000	65781
25/09/2025 00:00	200.098	200.188	199.866	199.914	31	46805819000	39987
25/09/2025 04:00	199.917	200.203	199.906	200.053	31	3701897000	65108
25/09/2025 08:00	200.052	200.336	199.909	200.083	31	5269254000	90906
25/09/2025 12:00	200.09	200.149	199.562	199.729	31	5786795000	100554
25/09/2025 16:00	199.727	200.015	199.627	199.829	31	6948192000	120033
25/09/2025 20:00	199.829	199.883	199.625	199.777	31	7939016000	78107
26/09/2025 00:00	199.774	199.911	199.597	199.745	31	50505454000	48491
26/09/2025 04:00	199.745	199.944	199.686	199.826	31	3738298000	61535
26/09/2025 08:00	199.826	200.197	199.798	200.131	31	4560374000	85716
26/09/2025 12:00	200.131	200.203	199.924	200.139	31	5607282000	95639
26/09/2025 16:00	200.138	200.504	200.11	200.361	31	6401941000	113773
26/09/2025 20:00	200.363	200.469	200.162	200.424	0	5113353000	69333
29/09/2025 00:00	200.19	200.401	200.045	200.238	31	41883008000	45324
29/09/2025 04:00	200.238	200.279	199.971	200.137	31	4128980000	72933
29/09/2025 08:00	200.138	200.195	199.522	199.542	31	4901921000	91968
29/09/2025 12:00	199.543	199.969	199.49	199.884	31	5204701000	94137
29/09/2025 16:00	199.884	199.985	199.328	199.545	31	5512794000	101114
29/09/2025 20:00	199.544	199.739	199.409	199.424	31	7248052000	64137
30/09/2025 00:00	199.423	199.757	199.354	199.742	31	28886899000	42567
30/09/2025 04:00	199.743	199.759	199.338	199.416	31	5157707000	75850
30/09/2025 08:00	199.416	199.493	198.78	198.792	31	5853075000	104809
30/09/2025 12:00	198.792	199.046	198.742	198.875	31	5702341000	99843
30/09/2025 16:00	198.876	198.991	198.566	198.831	31	7715291000	122247
30/09/2025 20:00	198.83	198.91	198.654	198.654	31	9461728000	85995
01/10/2025 00:00	198.659	199.207	198.588	199.057	31	33075844000	51615
01/10/2025 04:00	199.057	199.093	198.622	198.639	31	3954130000	74160
01/10/2025 08:00	198.64	198.735	198.009	198.15	31	6914437000	110880
01/10/2025 12:00	198.15	198.518	197.903	198.347	31	7767952000	112909
01/10/2025 16:00	198.346	198.496	198.17	198.275	31	8346637000	124167
01/10/2025 20:00	198.275	198.387	198.1	198.1	31	10730739000	80830
02/10/2025 00:00	198.1	198.435	198.016	198.246	31	36439514000	43698
02/10/2025 04:00	198.247	198.399	198.134	198.309	31	3533213000	65076
02/10/2025 08:00	198.309	198.599	198.077	198.231	31	5434983000	97413
02/10/2025 12:00	198.23	198.251	197.59	198.153	31	6623937000	99792
02/10/2025 16:00	198.153	198.173	197.477	197.762	31	7214924000	118552
02/10/2025 20:00	197.762	197.964	197.745	197.778	31	8548778000	62116
03/10/2025 00:00	197.779	198.112	197.695	198.099	31	17234464000	40129
03/10/2025 04:00	198.099	198.542	197.956	198.458	31	4701306000	72298
03/10/2025 08:00	198.459	198.53	198.249	198.261	31	5446906000	93399
03/10/2025 12:00	198.26	198.286	197.996	198.18	31	5605911000	88208
03/10/2025 16:00	198.18	198.821	198.126	198.787	31	7183973000	115876
03/10/2025 20:00	198.786	198.886	198.609	198.763	0	10016268000	79493
06/10/2025 00:00	200.818	201.3	200.213	201.193	31	1.21228E+11	88742
06/10/2025 04:00	201.203	202.155	201.062	202.115	31	6303287000	96106
06/10/2025 08:00	202.116	202.234	201.507	202.017	31	7450209000	116716
06/10/2025 12:00	202.017	202.112	201.229	201.256	31	7016389000	112352
06/10/2025 16:00	201.257	202.339	201.234	202.332	31	7166932000	115139
06/10/2025 20:00	202.333	202.801	202.301	202.608	31	8638249000	68576
07/10/2025 00:00	202.605	203.046	202.436	202.882	31	35958568000	54021
07/10/2025 04:00	202.882	202.926	202.513	202.587	31	6255311000	71358
07/10/2025 08:00	202.587	202.689	202.264	202.609	31	5783752000	99917
07/10/2025 12:00	202.607	202.672	202.101	202.317	31	6309890000	96774
07/10/2025 16:00	202.317	203.495	202.195	203.41	31	7769703000	123477
07/10/2025 20:00	203.41	204.052	203.404	203.78	31	10635630000	90765
08/10/2025 00:00	203.78	204.384	203.739	204.309	31	31713880000	56051
08/10/2025 04:00	204.309	204.466	203.965	204.059	31	6513112000	83756
08/10/2025 08:00	204.059	204.828	203.893	204.793	31	6977035000	106895
08/10/2025 12:00	204.793	205.313	204.56	204.641	31	6727006000	105508
08/10/2025 16:00	204.641	205.086	204.3	204.485	31	6610384000	114488
08/10/2025 20:00	204.485	204.675	204.337	204.53	31	8514885000	85358
09/10/2025 00:00	204.502	204.762	204.32	204.761	31	39067055000	63404
09/10/2025 04:00	204.761	204.868	204.38	204.485	31	4915267000	77297
09/10/2025 08:00	204.485	204.843	204.099	204.153	31	6150744000	105770
09/10/2025 12:00	204.152	204.51	203.898	204.431	31	5890305000	104441
09/10/2025 16:00	204.431	204.556	203.367	203.388	31	7777369000	126008
09/10/2025 20:00	203.388	203.65	203.298	203.505	31	10544173000	91663
10/10/2025 00:00	203.505	203.735	203.284	203.492	31	37920051000	56570
10/10/2025 04:00	203.49	203.609	203.17	203.279	31	5304379000	80534
10/10/2025 08:00	203.279	203.49	202.649	203.131	31	6325303000	109926
10/10/2025 12:00	203.13	203.195	202.481	202.571	31	6985937000	108819
10/10/2025 16:00	202.571	203.109	202.197	202.683	31	8844407000	133843
10/10/2025 20:00	202.682	202.756	201.748	201.923	0	11342779000	111702
13/10/2025 00:00	202.642	203.073	202.312	202.711	31	29465639000	78863
13/10/2025 04:00	202.711	202.955	202.71	202.887	31	4738624000	86490
13/10/2025 08:00	202.887	203.232	202.614	203.001	31	6228598000	113287
13/10/2025 12:00	203.001	203.083	202.719	202.946	31	6428127000	111316
13/10/2025 16:00	202.946	203.126	202.759	202.98	31	6936254000	118941
13/10/2025 20:00	202.98	203.119	202.926	202.935	31	10013449000	74436
14/10/2025 00:00	202.935	203.481	202.685	203.319	31	34856342000	54712
14/10/2025 04:00	203.32	203.505	202.611	202.75	31	5717565000	100365
14/10/2025 08:00	202.75	202.771	201.32	201.874	31	7124169000	128127
14/10/2025 12:00	201.873	202.012	201.324	201.623	31	6852492000	119851
14/10/2025 16:00	201.623	202.22	201.616	202.059	31	8550258000	133366
14/10/2025 20:00	202.06	202.324	201.992	202.126	31	10926007000	92416
15/10/2025 00:00	202.13	202.29	201.912	201.997	31	38201013000	55019
15/10/2025 04:00	201.986	202.04	201.581	201.883	31	4765379000	91207
15/10/2025 08:00	201.883	202.107	201.659	201.797	31	6483004000	113976
15/10/2025 12:00	201.797	202.499	201.773	202.358	31	6178748000	114510
15/10/2025 16:00	202.357	202.633	202.035	202.445	31	7261175000	127997
15/10/2025 20:00	202.446	202.708	202.18	202.264	31	12174805000	95806
16/10/2025 00:00	202.263	202.476	201.972	202.266	31	34090896000	60487
16/10/2025 04:00	202.268	202.672	202.221	202.593	31	4780999000	87870
16/10/2025 08:00	202.593	203.228	202.578	203.228	31	6171092000	111787
16/10/2025 12:00	203.228	203.42	202.828	203.178	31	5848878000	107408
16/10/2025 16:00	203.182	203.352	201.706	201.923	31	7443954000	135266
16/10/2025 20:00	201.924	202.228	201.739	201.96	31	11973918000	112258
17/10/2025 00:00	201.959	202.161	201.691	202.001	31	50116825000	64836
17/10/2025 04:00	202.001	202.125	201.592	201.721	31	4918789000	96773
17/10/2025 08:00	201.72	201.814	200.668	201.053	31	6752257000	124741
17/10/2025 12:00	201.052	202.098	200.936	201.686	31	6692346000	126015
17/10/2025 16:00	201.687	202.008	201.289	201.789	31	7186411000	133813
17/10/2025 20:00	201.789	202.257	201.702	202.247	0	7216544000	97661
20/10/2025 00:00	201.95	202.758	201.706	202.722	31	46300270000	63115
20/10/2025 04:00	202.721	203.097	202.259	202.328	31	4473669000	83786
20/10/2025 08:00	202.328	202.496	202.085	202.186	31	6054189000	113223
20/10/2025 12:00	202.186	202.499	201.819	202.275	31	6353722000	118981
20/10/2025 16:00	202.279	202.302	201.879	202.134	31	6596129000	120335
20/10/2025 20:00	202.135	202.195	202.001	202.03	31	9365120000	75974
21/10/2025 00:00	201.856	202.174	201.753	202.082	31	1.0764E+11	52197
21/10/2025 04:00	202.079	202.515	201.895	202.311	31	4685910000	90384
21/10/2025 08:00	202.313	202.911	202.075	202.839	31	6611679000	123389
21/10/2025 12:00	202.838	203.516	202.826	203.501	31	6366891000	114945
21/10/2025 16:00	203.502	203.515	202.565	203.067	31	7071270000	129469
